ISO-10303-21;
HEADER;
FILE_DESCRIPTION(('STEP AP214'),'2;1');
FILE_NAME('XBandDigitalModule_20x20_Mechanical.step','2026-09-10',('X-Band Module Design'),('Space Systems'),'','X-Band Digital Module','');
FILE_SCHEMA(('AUTOMOTIVE_DESIGN'));
ENDSEC;
DATA;
#1=APPLICATION_CONTEXT('core data for automotive mechanical design processes');
#2=APPLICATION_PROTOCOL_DEFINITION('international standard for product data exchange and the ISO 10303 STEP','automotive_design',2000,#1);
#3=GEOMETRIC_REPRESENTATION_CONTEXT(3);
#4=GLOBAL_UNCERTAINTY_ASSIGNED_CONTEXT(((3)));
#5=GLOBAL_UNIT_ASSIGNED_CONTEXT(((length_unit(*,('MILLI.',.METRE.)),plane_angle_unit(*,(.RADIAN.)),solid_angle_unit(*,(.STERADIAN.)))));
#6=PRODUCT('XBandModule','X-Band Digital Module 20x20','Space-grade X-band digital module',('mechanical','electrical'));
#7=PRODUCT_DEFINITION_FORMATION('','',#6);
#8=PRODUCT_DEFINITION('design','',#7,#1);
#9=PRODUCT_DEFINITION_ID('8');
#10=PRODUCT_DEFINITION_SHAPE('','',#8);
#11=PRODUCT('PCB_BasePlate','PCB Base Plate','FR4 PCB 200x200x2mm',('mechanical'));
#12=PRODUCT_DEFINITION_FORMATION('',#11);
#13=PRODUCT_DEFINITION('design','',#12,#1);
#14=PRODUCT_DEFINITION_SHAPE('','',#13);
#15=CARTESIAN_POINT('',(0.000000,0.000000,0.000000));
#16=CARTESIAN_POINT('',(200.000000,0.000000,0.000000));
#17=CARTESIAN_POINT('',(200.000000,200.000000,0.000000));
#18=CARTESIAN_POINT('',(0.000000,200.000000,0.000000));
#19=CARTESIAN_POINT('',(0.000000,0.000000,2.000000));
#20=CARTESIAN_POINT('',(200.000000,0.000000,2.000000));
#21=CARTESIAN_POINT('',(200.000000,200.000000,2.000000));
#22=CARTESIAN_POINT('',(0.000000,200.000000,2.000000));
#23=VERTEX_POINT('',#15);
#24=VERTEX_POINT('',#16);
#25=VERTEX_POINT('',#17);
#26=VERTEX_POINT('',#18);
#27=VERTEX_POINT('',#19);
#28=VERTEX_POINT('',#20);
#29=VERTEX_POINT('',#21);
#30=VERTEX_POINT('',#22);
#31=DIRECTION('',(0.000000,1.000000,0.000000));
#32=LINE('',#15,#31);
#33=EDGE_CURVE('',#23,#26,#32,.T.);
#34=ORIENTED_EDGE('',*,*,#33,.T.);
#35=DIRECTION('',(1.000000,0.000000,0.000000));
#36=LINE('',#18,#35);
#37=EDGE_CURVE('',#26,#25,#36,.T.);
#38=ORIENTED_EDGE('',*,*,#37,.T.);
#39=DIRECTION('',(0.000000,-1.000000,0.000000));
#40=LINE('',#17,#39);
#41=EDGE_CURVE('',#25,#24,#40,.T.);
#42=ORIENTED_EDGE('',*,*,#41,.T.);
#43=DIRECTION('',(-1.000000,0.000000,0.000000));
#44=LINE('',#16,#43);
#45=EDGE_CURVE('',#24,#23,#44,.T.);
#46=ORIENTED_EDGE('',*,*,#45,.T.);
#47=EDGE_LOOP('',#34,#38,#42,#46);
#48=FACE_OUTER_BOUND('',#47,.T.);
#49=DIRECTION('',(0.,0.,-1.));
#50=ADVANCED_FACE('',#48,#49,.T.);
#51=DIRECTION('',(1.000000,0.000000,0.000000));
#52=LINE('',#19,#51);
#53=EDGE_CURVE('',#27,#28,#52,.T.);
#54=ORIENTED_EDGE('',*,*,#53,.T.);
#55=DIRECTION('',(0.000000,1.000000,0.000000));
#56=LINE('',#20,#55);
#57=EDGE_CURVE('',#28,#29,#56,.T.);
#58=ORIENTED_EDGE('',*,*,#57,.T.);
#59=DIRECTION('',(-1.000000,0.000000,0.000000));
#60=LINE('',#21,#59);
#61=EDGE_CURVE('',#29,#30,#60,.T.);
#62=ORIENTED_EDGE('',*,*,#61,.T.);
#63=DIRECTION('',(0.000000,-1.000000,0.000000));
#64=LINE('',#22,#63);
#65=EDGE_CURVE('',#30,#27,#64,.T.);
#66=ORIENTED_EDGE('',*,*,#65,.T.);
#67=EDGE_LOOP('',#54,#58,#62,#66);
#68=FACE_OUTER_BOUND('',#67,.T.);
#69=DIRECTION('',(0.,0.,1.));
#70=ADVANCED_FACE('',#68,#69,.T.);
#71=DIRECTION('',(1.000000,0.000000,0.000000));
#72=LINE('',#15,#71);
#73=EDGE_CURVE('',#23,#24,#72,.T.);
#74=ORIENTED_EDGE('',*,*,#73,.T.);
#75=DIRECTION('',(0.000000,0.000000,1.000000));
#76=LINE('',#16,#75);
#77=EDGE_CURVE('',#24,#28,#76,.T.);
#78=ORIENTED_EDGE('',*,*,#77,.T.);
#79=DIRECTION('',(-1.000000,0.000000,0.000000));
#80=LINE('',#20,#79);
#81=EDGE_CURVE('',#28,#27,#80,.T.);
#82=ORIENTED_EDGE('',*,*,#81,.T.);
#83=DIRECTION('',(0.000000,0.000000,-1.000000));
#84=LINE('',#19,#83);
#85=EDGE_CURVE('',#27,#23,#84,.T.);
#86=ORIENTED_EDGE('',*,*,#85,.T.);
#87=EDGE_LOOP('',#74,#78,#82,#86);
#88=FACE_OUTER_BOUND('',#87,.T.);
#89=DIRECTION('',(0.,-1.,0.));
#90=ADVANCED_FACE('',#88,#89,.T.);
#91=DIRECTION('',(0.000000,0.000000,1.000000));
#92=LINE('',#18,#91);
#93=EDGE_CURVE('',#26,#30,#92,.T.);
#94=ORIENTED_EDGE('',*,*,#93,.T.);
#95=DIRECTION('',(1.000000,0.000000,0.000000));
#96=LINE('',#22,#95);
#97=EDGE_CURVE('',#30,#29,#96,.T.);
#98=ORIENTED_EDGE('',*,*,#97,.T.);
#99=DIRECTION('',(0.000000,0.000000,-1.000000));
#100=LINE('',#21,#99);
#101=EDGE_CURVE('',#29,#25,#100,.T.);
#102=ORIENTED_EDGE('',*,*,#101,.T.);
#103=DIRECTION('',(-1.000000,0.000000,0.000000));
#104=LINE('',#17,#103);
#105=EDGE_CURVE('',#25,#26,#104,.T.);
#106=ORIENTED_EDGE('',*,*,#105,.T.);
#107=EDGE_LOOP('',#94,#98,#102,#106);
#108=FACE_OUTER_BOUND('',#107,.T.);
#109=DIRECTION('',(0.,1.,0.));
#110=ADVANCED_FACE('',#108,#109,.T.);
#111=DIRECTION('',(0.000000,0.000000,1.000000));
#112=LINE('',#15,#111);
#113=EDGE_CURVE('',#23,#27,#112,.T.);
#114=ORIENTED_EDGE('',*,*,#113,.T.);
#115=DIRECTION('',(0.000000,1.000000,0.000000));
#116=LINE('',#19,#115);
#117=EDGE_CURVE('',#27,#30,#116,.T.);
#118=ORIENTED_EDGE('',*,*,#117,.T.);
#119=DIRECTION('',(0.000000,0.000000,-1.000000));
#120=LINE('',#22,#119);
#121=EDGE_CURVE('',#30,#26,#120,.T.);
#122=ORIENTED_EDGE('',*,*,#121,.T.);
#123=DIRECTION('',(0.000000,-1.000000,0.000000));
#124=LINE('',#18,#123);
#125=EDGE_CURVE('',#26,#23,#124,.T.);
#126=ORIENTED_EDGE('',*,*,#125,.T.);
#127=EDGE_LOOP('',#114,#118,#122,#126);
#128=FACE_OUTER_BOUND('',#127,.T.);
#129=DIRECTION('',(-1.,0.,0.));
#130=ADVANCED_FACE('',#128,#129,.T.);
#131=DIRECTION('',(0.000000,1.000000,0.000000));
#132=LINE('',#16,#131);
#133=EDGE_CURVE('',#24,#25,#132,.T.);
#134=ORIENTED_EDGE('',*,*,#133,.T.);
#135=DIRECTION('',(0.000000,0.000000,1.000000));
#136=LINE('',#17,#135);
#137=EDGE_CURVE('',#25,#29,#136,.T.);
#138=ORIENTED_EDGE('',*,*,#137,.T.);
#139=DIRECTION('',(0.000000,-1.000000,0.000000));
#140=LINE('',#21,#139);
#141=EDGE_CURVE('',#29,#28,#140,.T.);
#142=ORIENTED_EDGE('',*,*,#141,.T.);
#143=DIRECTION('',(0.000000,0.000000,-1.000000));
#144=LINE('',#20,#143);
#145=EDGE_CURVE('',#28,#24,#144,.T.);
#146=ORIENTED_EDGE('',*,*,#145,.T.);
#147=EDGE_LOOP('',#134,#138,#142,#146);
#148=FACE_OUTER_BOUND('',#147,.T.);
#149=DIRECTION('',(1.,0.,0.));
#150=ADVANCED_FACE('',#148,#149,.T.);
#151=CLOSED_SHELL('',#50,#70,#90,#110,#130,#150);
#152=MANIFOLD_SOLID_BREP('',#151);
#153=CARTESIAN_POINT('',(0.000000,0.000000,0.000000));
#154=DIRECTION('',0.,0.,1.);
#155=DIRECTION('',1.,0.,0.);
#156=AXIS2_PLACEMENT_3D('',#153,#154,#155);
#157=ADVANCED_BREP_SHAPE_REPRESENTATION('',#152,#156);
#158=SHAPE_DEFINITION_REPRESENTATION(#14,#157);
#159=PRODUCT('MountingHole_0','M3 Mounting Hole 0','M3 mounting hole',('mechanical'));
#160=PRODUCT_DEFINITION_FORMATION('',#159);
#161=PRODUCT_DEFINITION('design','',#160,#1);
#162=PRODUCT_DEFINITION_SHAPE('','',#161);
#163=CARTESIAN_POINT('',(11.600000,10.000000,-0.100000));
#164=CARTESIAN_POINT('',(11.600000,10.000000,2.100000));
#165=CARTESIAN_POINT('',(11.521690,10.494427,-0.100000));
#166=CARTESIAN_POINT('',(11.521690,10.494427,2.100000));
#167=CARTESIAN_POINT('',(11.294427,10.940456,-0.100000));
#168=CARTESIAN_POINT('',(11.294427,10.940456,2.100000));
#169=CARTESIAN_POINT('',(10.940456,11.294427,-0.100000));
#170=CARTESIAN_POINT('',(10.940456,11.294427,2.100000));
#171=CARTESIAN_POINT('',(10.494427,11.521690,-0.100000));
#172=CARTESIAN_POINT('',(10.494427,11.521690,2.100000));
#173=CARTESIAN_POINT('',(10.000000,11.600000,-0.100000));
#174=CARTESIAN_POINT('',(10.000000,11.600000,2.100000));
#175=CARTESIAN_POINT('',(9.505573,11.521690,-0.100000));
#176=CARTESIAN_POINT('',(9.505573,11.521690,2.100000));
#177=CARTESIAN_POINT('',(9.059544,11.294427,-0.100000));
#178=CARTESIAN_POINT('',(9.059544,11.294427,2.100000));
#179=CARTESIAN_POINT('',(8.705573,10.940456,-0.100000));
#180=CARTESIAN_POINT('',(8.705573,10.940456,2.100000));
#181=CARTESIAN_POINT('',(8.478310,10.494427,-0.100000));
#182=CARTESIAN_POINT('',(8.478310,10.494427,2.100000));
#183=CARTESIAN_POINT('',(8.400000,10.000000,-0.100000));
#184=CARTESIAN_POINT('',(8.400000,10.000000,2.100000));
#185=CARTESIAN_POINT('',(8.478310,9.505573,-0.100000));
#186=CARTESIAN_POINT('',(8.478310,9.505573,2.100000));
#187=CARTESIAN_POINT('',(8.705573,9.059544,-0.100000));
#188=CARTESIAN_POINT('',(8.705573,9.059544,2.100000));
#189=CARTESIAN_POINT('',(9.059544,8.705573,-0.100000));
#190=CARTESIAN_POINT('',(9.059544,8.705573,2.100000));
#191=CARTESIAN_POINT('',(9.505573,8.478310,-0.100000));
#192=CARTESIAN_POINT('',(9.505573,8.478310,2.100000));
#193=CARTESIAN_POINT('',(10.000000,8.400000,-0.100000));
#194=CARTESIAN_POINT('',(10.000000,8.400000,2.100000));
#195=CARTESIAN_POINT('',(10.494427,8.478310,-0.100000));
#196=CARTESIAN_POINT('',(10.494427,8.478310,2.100000));
#197=CARTESIAN_POINT('',(10.940456,8.705573,-0.100000));
#198=CARTESIAN_POINT('',(10.940456,8.705573,2.100000));
#199=CARTESIAN_POINT('',(11.294427,9.059544,-0.100000));
#200=CARTESIAN_POINT('',(11.294427,9.059544,2.100000));
#201=CARTESIAN_POINT('',(11.521690,9.505573,-0.100000));
#202=CARTESIAN_POINT('',(11.521690,9.505573,2.100000));
#203=VERTEX_POINT('',#163);
#204=VERTEX_POINT('',#165);
#205=VERTEX_POINT('',#167);
#206=VERTEX_POINT('',#169);
#207=VERTEX_POINT('',#171);
#208=VERTEX_POINT('',#173);
#209=VERTEX_POINT('',#175);
#210=VERTEX_POINT('',#177);
#211=VERTEX_POINT('',#179);
#212=VERTEX_POINT('',#181);
#213=VERTEX_POINT('',#183);
#214=VERTEX_POINT('',#185);
#215=VERTEX_POINT('',#187);
#216=VERTEX_POINT('',#189);
#217=VERTEX_POINT('',#191);
#218=VERTEX_POINT('',#193);
#219=VERTEX_POINT('',#195);
#220=VERTEX_POINT('',#197);
#221=VERTEX_POINT('',#199);
#222=VERTEX_POINT('',#201);
#223=VERTEX_POINT('',#164);
#224=VERTEX_POINT('',#166);
#225=VERTEX_POINT('',#168);
#226=VERTEX_POINT('',#170);
#227=VERTEX_POINT('',#172);
#228=VERTEX_POINT('',#174);
#229=VERTEX_POINT('',#176);
#230=VERTEX_POINT('',#178);
#231=VERTEX_POINT('',#180);
#232=VERTEX_POINT('',#182);
#233=VERTEX_POINT('',#184);
#234=VERTEX_POINT('',#186);
#235=VERTEX_POINT('',#188);
#236=VERTEX_POINT('',#190);
#237=VERTEX_POINT('',#192);
#238=VERTEX_POINT('',#194);
#239=VERTEX_POINT('',#196);
#240=VERTEX_POINT('',#198);
#241=VERTEX_POINT('',#200);
#242=VERTEX_POINT('',#202);
#243=CARTESIAN_POINT('',(10.000000,10.000000,-0.100000));
#244=DIRECTION('',0.,0.,-1.);
#245=DIRECTION('',1.,0.,0.);
#246=AXIS2_PLACEMENT_3D('',#243,#244,#245);
#247=CIRCLE('',#246,1.600000);
#248=EDGE_CURVE('',#203,#203,#247,.T.);
#249=ORIENTED_EDGE('',*,*,#248,.T.);
#250=EDGE_LOOP('',#249);
#251=FACE_OUTER_BOUND('',#250,.T.);
#252=ADVANCED_FACE('',#251,#244,.T.);
#253=CARTESIAN_POINT('',(10.000000,10.000000,2.100000));
#254=DIRECTION('',0.,0.,1.);
#255=DIRECTION('',1.,0.,0.);
#256=AXIS2_PLACEMENT_3D('',#253,#254,#255);
#257=CIRCLE('',#256,1.600000);
#258=EDGE_CURVE('',#223,#223,#257,.T.);
#259=ORIENTED_EDGE('',*,*,#258,.T.);
#260=EDGE_LOOP('',#259);
#261=FACE_OUTER_BOUND('',#260,.T.);
#262=ADVANCED_FACE('',#261,#254,.T.);
#263=DIRECTION('',-0.156434,0.987688,0.);
#264=LINE('',#163,#263);
#265=DIRECTION('',0.,0.,1.);
#266=LINE('',#165,#265);
#267=DIRECTION('',0.156434,-0.987688,0.);
#268=LINE('',#166,#267);
#269=DIRECTION('',0.,0.,-1.);
#270=LINE('',#164,#269);
#271=EDGE_CURVE('',#203,#204,#264,.T.);
#272=EDGE_CURVE('',#204,#224,#266,.T.);
#273=EDGE_CURVE('',#224,#223,#268,.T.);
#274=EDGE_CURVE('',#223,#203,#270,.T.);
#275=ORIENTED_EDGE('',*,*,#271,.T.);
#276=ORIENTED_EDGE('',*,*,#272,.T.);
#277=ORIENTED_EDGE('',*,*,#273,.T.);
#278=ORIENTED_EDGE('',*,*,#274,.T.);
#279=EDGE_LOOP('',#275,#276,#277,#278);
#280=FACE_OUTER_BOUND('',#279,.T.);
#281=DIRECTION('',0.987688,0.156434,0.);
#282=ADVANCED_FACE('',#280,#281,.T.);
#283=DIRECTION('',-0.453990,0.891007,0.);
#284=LINE('',#165,#283);
#285=DIRECTION('',0.,0.,1.);
#286=LINE('',#167,#285);
#287=DIRECTION('',0.453990,-0.891007,0.);
#288=LINE('',#168,#287);
#289=DIRECTION('',0.,0.,-1.);
#290=LINE('',#166,#289);
#291=EDGE_CURVE('',#204,#205,#284,.T.);
#292=EDGE_CURVE('',#205,#225,#286,.T.);
#293=EDGE_CURVE('',#225,#224,#288,.T.);
#294=EDGE_CURVE('',#224,#204,#290,.T.);
#295=ORIENTED_EDGE('',*,*,#291,.T.);
#296=ORIENTED_EDGE('',*,*,#292,.T.);
#297=ORIENTED_EDGE('',*,*,#293,.T.);
#298=ORIENTED_EDGE('',*,*,#294,.T.);
#299=EDGE_LOOP('',#295,#296,#297,#298);
#300=FACE_OUTER_BOUND('',#299,.T.);
#301=DIRECTION('',0.891007,0.453990,0.);
#302=ADVANCED_FACE('',#300,#301,.T.);
#303=DIRECTION('',-0.707107,0.707107,0.);
#304=LINE('',#167,#303);
#305=DIRECTION('',0.,0.,1.);
#306=LINE('',#169,#305);
#307=DIRECTION('',0.707107,-0.707107,0.);
#308=LINE('',#170,#307);
#309=DIRECTION('',0.,0.,-1.);
#310=LINE('',#168,#309);
#311=EDGE_CURVE('',#205,#206,#304,.T.);
#312=EDGE_CURVE('',#206,#226,#306,.T.);
#313=EDGE_CURVE('',#226,#225,#308,.T.);
#314=EDGE_CURVE('',#225,#205,#310,.T.);
#315=ORIENTED_EDGE('',*,*,#311,.T.);
#316=ORIENTED_EDGE('',*,*,#312,.T.);
#317=ORIENTED_EDGE('',*,*,#313,.T.);
#318=ORIENTED_EDGE('',*,*,#314,.T.);
#319=EDGE_LOOP('',#315,#316,#317,#318);
#320=FACE_OUTER_BOUND('',#319,.T.);
#321=DIRECTION('',0.707107,0.707107,0.);
#322=ADVANCED_FACE('',#320,#321,.T.);
#323=DIRECTION('',-0.891007,0.453990,0.);
#324=LINE('',#169,#323);
#325=DIRECTION('',0.,0.,1.);
#326=LINE('',#171,#325);
#327=DIRECTION('',0.891007,-0.453990,0.);
#328=LINE('',#172,#327);
#329=DIRECTION('',0.,0.,-1.);
#330=LINE('',#170,#329);
#331=EDGE_CURVE('',#206,#207,#324,.T.);
#332=EDGE_CURVE('',#207,#227,#326,.T.);
#333=EDGE_CURVE('',#227,#226,#328,.T.);
#334=EDGE_CURVE('',#226,#206,#330,.T.);
#335=ORIENTED_EDGE('',*,*,#331,.T.);
#336=ORIENTED_EDGE('',*,*,#332,.T.);
#337=ORIENTED_EDGE('',*,*,#333,.T.);
#338=ORIENTED_EDGE('',*,*,#334,.T.);
#339=EDGE_LOOP('',#335,#336,#337,#338);
#340=FACE_OUTER_BOUND('',#339,.T.);
#341=DIRECTION('',0.453990,0.891007,0.);
#342=ADVANCED_FACE('',#340,#341,.T.);
#343=DIRECTION('',-0.987688,0.156434,0.);
#344=LINE('',#171,#343);
#345=DIRECTION('',0.,0.,1.);
#346=LINE('',#173,#345);
#347=DIRECTION('',0.987688,-0.156434,0.);
#348=LINE('',#174,#347);
#349=DIRECTION('',0.,0.,-1.);
#350=LINE('',#172,#349);
#351=EDGE_CURVE('',#207,#208,#344,.T.);
#352=EDGE_CURVE('',#208,#228,#346,.T.);
#353=EDGE_CURVE('',#228,#227,#348,.T.);
#354=EDGE_CURVE('',#227,#207,#350,.T.);
#355=ORIENTED_EDGE('',*,*,#351,.T.);
#356=ORIENTED_EDGE('',*,*,#352,.T.);
#357=ORIENTED_EDGE('',*,*,#353,.T.);
#358=ORIENTED_EDGE('',*,*,#354,.T.);
#359=EDGE_LOOP('',#355,#356,#357,#358);
#360=FACE_OUTER_BOUND('',#359,.T.);
#361=DIRECTION('',0.156434,0.987688,0.);
#362=ADVANCED_FACE('',#360,#361,.T.);
#363=DIRECTION('',-0.987688,-0.156434,0.);
#364=LINE('',#173,#363);
#365=DIRECTION('',0.,0.,1.);
#366=LINE('',#175,#365);
#367=DIRECTION('',0.987688,0.156434,0.);
#368=LINE('',#176,#367);
#369=DIRECTION('',0.,0.,-1.);
#370=LINE('',#174,#369);
#371=EDGE_CURVE('',#208,#209,#364,.T.);
#372=EDGE_CURVE('',#209,#229,#366,.T.);
#373=EDGE_CURVE('',#229,#228,#368,.T.);
#374=EDGE_CURVE('',#228,#208,#370,.T.);
#375=ORIENTED_EDGE('',*,*,#371,.T.);
#376=ORIENTED_EDGE('',*,*,#372,.T.);
#377=ORIENTED_EDGE('',*,*,#373,.T.);
#378=ORIENTED_EDGE('',*,*,#374,.T.);
#379=EDGE_LOOP('',#375,#376,#377,#378);
#380=FACE_OUTER_BOUND('',#379,.T.);
#381=DIRECTION('',-0.156434,0.987688,0.);
#382=ADVANCED_FACE('',#380,#381,.T.);
#383=DIRECTION('',-0.891007,-0.453990,0.);
#384=LINE('',#175,#383);
#385=DIRECTION('',0.,0.,1.);
#386=LINE('',#177,#385);
#387=DIRECTION('',0.891007,0.453990,0.);
#388=LINE('',#178,#387);
#389=DIRECTION('',0.,0.,-1.);
#390=LINE('',#176,#389);
#391=EDGE_CURVE('',#209,#210,#384,.T.);
#392=EDGE_CURVE('',#210,#230,#386,.T.);
#393=EDGE_CURVE('',#230,#229,#388,.T.);
#394=EDGE_CURVE('',#229,#209,#390,.T.);
#395=ORIENTED_EDGE('',*,*,#391,.T.);
#396=ORIENTED_EDGE('',*,*,#392,.T.);
#397=ORIENTED_EDGE('',*,*,#393,.T.);
#398=ORIENTED_EDGE('',*,*,#394,.T.);
#399=EDGE_LOOP('',#395,#396,#397,#398);
#400=FACE_OUTER_BOUND('',#399,.T.);
#401=DIRECTION('',-0.453990,0.891007,0.);
#402=ADVANCED_FACE('',#400,#401,.T.);
#403=DIRECTION('',-0.707107,-0.707107,0.);
#404=LINE('',#177,#403);
#405=DIRECTION('',0.,0.,1.);
#406=LINE('',#179,#405);
#407=DIRECTION('',0.707107,0.707107,0.);
#408=LINE('',#180,#407);
#409=DIRECTION('',0.,0.,-1.);
#410=LINE('',#178,#409);
#411=EDGE_CURVE('',#210,#211,#404,.T.);
#412=EDGE_CURVE('',#211,#231,#406,.T.);
#413=EDGE_CURVE('',#231,#230,#408,.T.);
#414=EDGE_CURVE('',#230,#210,#410,.T.);
#415=ORIENTED_EDGE('',*,*,#411,.T.);
#416=ORIENTED_EDGE('',*,*,#412,.T.);
#417=ORIENTED_EDGE('',*,*,#413,.T.);
#418=ORIENTED_EDGE('',*,*,#414,.T.);
#419=EDGE_LOOP('',#415,#416,#417,#418);
#420=FACE_OUTER_BOUND('',#419,.T.);
#421=DIRECTION('',-0.707107,0.707107,0.);
#422=ADVANCED_FACE('',#420,#421,.T.);
#423=DIRECTION('',-0.453990,-0.891007,0.);
#424=LINE('',#179,#423);
#425=DIRECTION('',0.,0.,1.);
#426=LINE('',#181,#425);
#427=DIRECTION('',0.453990,0.891007,0.);
#428=LINE('',#182,#427);
#429=DIRECTION('',0.,0.,-1.);
#430=LINE('',#180,#429);
#431=EDGE_CURVE('',#211,#212,#424,.T.);
#432=EDGE_CURVE('',#212,#232,#426,.T.);
#433=EDGE_CURVE('',#232,#231,#428,.T.);
#434=EDGE_CURVE('',#231,#211,#430,.T.);
#435=ORIENTED_EDGE('',*,*,#431,.T.);
#436=ORIENTED_EDGE('',*,*,#432,.T.);
#437=ORIENTED_EDGE('',*,*,#433,.T.);
#438=ORIENTED_EDGE('',*,*,#434,.T.);
#439=EDGE_LOOP('',#435,#436,#437,#438);
#440=FACE_OUTER_BOUND('',#439,.T.);
#441=DIRECTION('',-0.891007,0.453990,0.);
#442=ADVANCED_FACE('',#440,#441,.T.);
#443=DIRECTION('',-0.156434,-0.987688,0.);
#444=LINE('',#181,#443);
#445=DIRECTION('',0.,0.,1.);
#446=LINE('',#183,#445);
#447=DIRECTION('',0.156434,0.987688,0.);
#448=LINE('',#184,#447);
#449=DIRECTION('',0.,0.,-1.);
#450=LINE('',#182,#449);
#451=EDGE_CURVE('',#212,#213,#444,.T.);
#452=EDGE_CURVE('',#213,#233,#446,.T.);
#453=EDGE_CURVE('',#233,#232,#448,.T.);
#454=EDGE_CURVE('',#232,#212,#450,.T.);
#455=ORIENTED_EDGE('',*,*,#451,.T.);
#456=ORIENTED_EDGE('',*,*,#452,.T.);
#457=ORIENTED_EDGE('',*,*,#453,.T.);
#458=ORIENTED_EDGE('',*,*,#454,.T.);
#459=EDGE_LOOP('',#455,#456,#457,#458);
#460=FACE_OUTER_BOUND('',#459,.T.);
#461=DIRECTION('',-0.987688,0.156434,0.);
#462=ADVANCED_FACE('',#460,#461,.T.);
#463=DIRECTION('',0.156434,-0.987688,0.);
#464=LINE('',#183,#463);
#465=DIRECTION('',0.,0.,1.);
#466=LINE('',#185,#465);
#467=DIRECTION('',-0.156434,0.987688,0.);
#468=LINE('',#186,#467);
#469=DIRECTION('',0.,0.,-1.);
#470=LINE('',#184,#469);
#471=EDGE_CURVE('',#213,#214,#464,.T.);
#472=EDGE_CURVE('',#214,#234,#466,.T.);
#473=EDGE_CURVE('',#234,#233,#468,.T.);
#474=EDGE_CURVE('',#233,#213,#470,.T.);
#475=ORIENTED_EDGE('',*,*,#471,.T.);
#476=ORIENTED_EDGE('',*,*,#472,.T.);
#477=ORIENTED_EDGE('',*,*,#473,.T.);
#478=ORIENTED_EDGE('',*,*,#474,.T.);
#479=EDGE_LOOP('',#475,#476,#477,#478);
#480=FACE_OUTER_BOUND('',#479,.T.);
#481=DIRECTION('',-0.987688,-0.156434,0.);
#482=ADVANCED_FACE('',#480,#481,.T.);
#483=DIRECTION('',0.453990,-0.891007,0.);
#484=LINE('',#185,#483);
#485=DIRECTION('',0.,0.,1.);
#486=LINE('',#187,#485);
#487=DIRECTION('',-0.453990,0.891007,0.);
#488=LINE('',#188,#487);
#489=DIRECTION('',0.,0.,-1.);
#490=LINE('',#186,#489);
#491=EDGE_CURVE('',#214,#215,#484,.T.);
#492=EDGE_CURVE('',#215,#235,#486,.T.);
#493=EDGE_CURVE('',#235,#234,#488,.T.);
#494=EDGE_CURVE('',#234,#214,#490,.T.);
#495=ORIENTED_EDGE('',*,*,#491,.T.);
#496=ORIENTED_EDGE('',*,*,#492,.T.);
#497=ORIENTED_EDGE('',*,*,#493,.T.);
#498=ORIENTED_EDGE('',*,*,#494,.T.);
#499=EDGE_LOOP('',#495,#496,#497,#498);
#500=FACE_OUTER_BOUND('',#499,.T.);
#501=DIRECTION('',-0.891007,-0.453990,0.);
#502=ADVANCED_FACE('',#500,#501,.T.);
#503=DIRECTION('',0.707107,-0.707107,0.);
#504=LINE('',#187,#503);
#505=DIRECTION('',0.,0.,1.);
#506=LINE('',#189,#505);
#507=DIRECTION('',-0.707107,0.707107,0.);
#508=LINE('',#190,#507);
#509=DIRECTION('',0.,0.,-1.);
#510=LINE('',#188,#509);
#511=EDGE_CURVE('',#215,#216,#504,.T.);
#512=EDGE_CURVE('',#216,#236,#506,.T.);
#513=EDGE_CURVE('',#236,#235,#508,.T.);
#514=EDGE_CURVE('',#235,#215,#510,.T.);
#515=ORIENTED_EDGE('',*,*,#511,.T.);
#516=ORIENTED_EDGE('',*,*,#512,.T.);
#517=ORIENTED_EDGE('',*,*,#513,.T.);
#518=ORIENTED_EDGE('',*,*,#514,.T.);
#519=EDGE_LOOP('',#515,#516,#517,#518);
#520=FACE_OUTER_BOUND('',#519,.T.);
#521=DIRECTION('',-0.707107,-0.707107,0.);
#522=ADVANCED_FACE('',#520,#521,.T.);
#523=DIRECTION('',0.891007,-0.453990,0.);
#524=LINE('',#189,#523);
#525=DIRECTION('',0.,0.,1.);
#526=LINE('',#191,#525);
#527=DIRECTION('',-0.891007,0.453990,0.);
#528=LINE('',#192,#527);
#529=DIRECTION('',0.,0.,-1.);
#530=LINE('',#190,#529);
#531=EDGE_CURVE('',#216,#217,#524,.T.);
#532=EDGE_CURVE('',#217,#237,#526,.T.);
#533=EDGE_CURVE('',#237,#236,#528,.T.);
#534=EDGE_CURVE('',#236,#216,#530,.T.);
#535=ORIENTED_EDGE('',*,*,#531,.T.);
#536=ORIENTED_EDGE('',*,*,#532,.T.);
#537=ORIENTED_EDGE('',*,*,#533,.T.);
#538=ORIENTED_EDGE('',*,*,#534,.T.);
#539=EDGE_LOOP('',#535,#536,#537,#538);
#540=FACE_OUTER_BOUND('',#539,.T.);
#541=DIRECTION('',-0.453990,-0.891007,0.);
#542=ADVANCED_FACE('',#540,#541,.T.);
#543=DIRECTION('',0.987688,-0.156434,0.);
#544=LINE('',#191,#543);
#545=DIRECTION('',0.,0.,1.);
#546=LINE('',#193,#545);
#547=DIRECTION('',-0.987688,0.156434,0.);
#548=LINE('',#194,#547);
#549=DIRECTION('',0.,0.,-1.);
#550=LINE('',#192,#549);
#551=EDGE_CURVE('',#217,#218,#544,.T.);
#552=EDGE_CURVE('',#218,#238,#546,.T.);
#553=EDGE_CURVE('',#238,#237,#548,.T.);
#554=EDGE_CURVE('',#237,#217,#550,.T.);
#555=ORIENTED_EDGE('',*,*,#551,.T.);
#556=ORIENTED_EDGE('',*,*,#552,.T.);
#557=ORIENTED_EDGE('',*,*,#553,.T.);
#558=ORIENTED_EDGE('',*,*,#554,.T.);
#559=EDGE_LOOP('',#555,#556,#557,#558);
#560=FACE_OUTER_BOUND('',#559,.T.);
#561=DIRECTION('',-0.156434,-0.987688,0.);
#562=ADVANCED_FACE('',#560,#561,.T.);
#563=DIRECTION('',0.987688,0.156434,0.);
#564=LINE('',#193,#563);
#565=DIRECTION('',0.,0.,1.);
#566=LINE('',#195,#565);
#567=DIRECTION('',-0.987688,-0.156434,0.);
#568=LINE('',#196,#567);
#569=DIRECTION('',0.,0.,-1.);
#570=LINE('',#194,#569);
#571=EDGE_CURVE('',#218,#219,#564,.T.);
#572=EDGE_CURVE('',#219,#239,#566,.T.);
#573=EDGE_CURVE('',#239,#238,#568,.T.);
#574=EDGE_CURVE('',#238,#218,#570,.T.);
#575=ORIENTED_EDGE('',*,*,#571,.T.);
#576=ORIENTED_EDGE('',*,*,#572,.T.);
#577=ORIENTED_EDGE('',*,*,#573,.T.);
#578=ORIENTED_EDGE('',*,*,#574,.T.);
#579=EDGE_LOOP('',#575,#576,#577,#578);
#580=FACE_OUTER_BOUND('',#579,.T.);
#581=DIRECTION('',0.156434,-0.987688,0.);
#582=ADVANCED_FACE('',#580,#581,.T.);
#583=DIRECTION('',0.891007,0.453990,0.);
#584=LINE('',#195,#583);
#585=DIRECTION('',0.,0.,1.);
#586=LINE('',#197,#585);
#587=DIRECTION('',-0.891007,-0.453990,0.);
#588=LINE('',#198,#587);
#589=DIRECTION('',0.,0.,-1.);
#590=LINE('',#196,#589);
#591=EDGE_CURVE('',#219,#220,#584,.T.);
#592=EDGE_CURVE('',#220,#240,#586,.T.);
#593=EDGE_CURVE('',#240,#239,#588,.T.);
#594=EDGE_CURVE('',#239,#219,#590,.T.);
#595=ORIENTED_EDGE('',*,*,#591,.T.);
#596=ORIENTED_EDGE('',*,*,#592,.T.);
#597=ORIENTED_EDGE('',*,*,#593,.T.);
#598=ORIENTED_EDGE('',*,*,#594,.T.);
#599=EDGE_LOOP('',#595,#596,#597,#598);
#600=FACE_OUTER_BOUND('',#599,.T.);
#601=DIRECTION('',0.453990,-0.891007,0.);
#602=ADVANCED_FACE('',#600,#601,.T.);
#603=DIRECTION('',0.707107,0.707107,0.);
#604=LINE('',#197,#603);
#605=DIRECTION('',0.,0.,1.);
#606=LINE('',#199,#605);
#607=DIRECTION('',-0.707107,-0.707107,0.);
#608=LINE('',#200,#607);
#609=DIRECTION('',0.,0.,-1.);
#610=LINE('',#198,#609);
#611=EDGE_CURVE('',#220,#221,#604,.T.);
#612=EDGE_CURVE('',#221,#241,#606,.T.);
#613=EDGE_CURVE('',#241,#240,#608,.T.);
#614=EDGE_CURVE('',#240,#220,#610,.T.);
#615=ORIENTED_EDGE('',*,*,#611,.T.);
#616=ORIENTED_EDGE('',*,*,#612,.T.);
#617=ORIENTED_EDGE('',*,*,#613,.T.);
#618=ORIENTED_EDGE('',*,*,#614,.T.);
#619=EDGE_LOOP('',#615,#616,#617,#618);
#620=FACE_OUTER_BOUND('',#619,.T.);
#621=DIRECTION('',0.707107,-0.707107,0.);
#622=ADVANCED_FACE('',#620,#621,.T.);
#623=DIRECTION('',0.453990,0.891007,0.);
#624=LINE('',#199,#623);
#625=DIRECTION('',0.,0.,1.);
#626=LINE('',#201,#625);
#627=DIRECTION('',-0.453990,-0.891007,0.);
#628=LINE('',#202,#627);
#629=DIRECTION('',0.,0.,-1.);
#630=LINE('',#200,#629);
#631=EDGE_CURVE('',#221,#222,#624,.T.);
#632=EDGE_CURVE('',#222,#242,#626,.T.);
#633=EDGE_CURVE('',#242,#241,#628,.T.);
#634=EDGE_CURVE('',#241,#221,#630,.T.);
#635=ORIENTED_EDGE('',*,*,#631,.T.);
#636=ORIENTED_EDGE('',*,*,#632,.T.);
#637=ORIENTED_EDGE('',*,*,#633,.T.);
#638=ORIENTED_EDGE('',*,*,#634,.T.);
#639=EDGE_LOOP('',#635,#636,#637,#638);
#640=FACE_OUTER_BOUND('',#639,.T.);
#641=DIRECTION('',0.891007,-0.453990,0.);
#642=ADVANCED_FACE('',#640,#641,.T.);
#643=DIRECTION('',0.156434,0.987688,0.);
#644=LINE('',#201,#643);
#645=DIRECTION('',0.,0.,1.);
#646=LINE('',#163,#645);
#647=DIRECTION('',-0.156434,-0.987688,0.);
#648=LINE('',#164,#647);
#649=DIRECTION('',0.,0.,-1.);
#650=LINE('',#202,#649);
#651=EDGE_CURVE('',#222,#203,#644,.T.);
#652=EDGE_CURVE('',#203,#223,#646,.T.);
#653=EDGE_CURVE('',#223,#242,#648,.T.);
#654=EDGE_CURVE('',#242,#222,#650,.T.);
#655=ORIENTED_EDGE('',*,*,#651,.T.);
#656=ORIENTED_EDGE('',*,*,#652,.T.);
#657=ORIENTED_EDGE('',*,*,#653,.T.);
#658=ORIENTED_EDGE('',*,*,#654,.T.);
#659=EDGE_LOOP('',#655,#656,#657,#658);
#660=FACE_OUTER_BOUND('',#659,.T.);
#661=DIRECTION('',-0.987688,0.156434,0.);
#662=ADVANCED_FACE('',#660,#661,.T.);
#663=CLOSED_SHELL('',#252,#262,#282,#302,#322,#342,#362,#382,#402,#422,#442,#462,#482,#502,#522,#542,#562,#582,#602,#622,#642,#662);
#664=MANIFOLD_SOLID_BREP('',#663);
#665=CARTESIAN_POINT('',(10.000000,10.000000,-0.100000));
#666=DIRECTION('',0.,0.,1.);
#667=DIRECTION('',1.,0.,0.);
#668=AXIS2_PLACEMENT_3D('',#665,#666,#667);
#669=ADVANCED_BREP_SHAPE_REPRESENTATION('',#664,#668);
#670=SHAPE_DEFINITION_REPRESENTATION(#162,#669);
#671=PRODUCT('MountingHole_1','M3 Mounting Hole 1','M3 mounting hole',('mechanical'));
#672=PRODUCT_DEFINITION_FORMATION('',#671);
#673=PRODUCT_DEFINITION('design','',#672,#1);
#674=PRODUCT_DEFINITION_SHAPE('','',#673);
#675=CARTESIAN_POINT('',(11.600000,190.000000,-0.100000));
#676=CARTESIAN_POINT('',(11.600000,190.000000,2.100000));
#677=CARTESIAN_POINT('',(11.521690,190.494427,-0.100000));
#678=CARTESIAN_POINT('',(11.521690,190.494427,2.100000));
#679=CARTESIAN_POINT('',(11.294427,190.940456,-0.100000));
#680=CARTESIAN_POINT('',(11.294427,190.940456,2.100000));
#681=CARTESIAN_POINT('',(10.940456,191.294427,-0.100000));
#682=CARTESIAN_POINT('',(10.940456,191.294427,2.100000));
#683=CARTESIAN_POINT('',(10.494427,191.521690,-0.100000));
#684=CARTESIAN_POINT('',(10.494427,191.521690,2.100000));
#685=CARTESIAN_POINT('',(10.000000,191.600000,-0.100000));
#686=CARTESIAN_POINT('',(10.000000,191.600000,2.100000));
#687=CARTESIAN_POINT('',(9.505573,191.521690,-0.100000));
#688=CARTESIAN_POINT('',(9.505573,191.521690,2.100000));
#689=CARTESIAN_POINT('',(9.059544,191.294427,-0.100000));
#690=CARTESIAN_POINT('',(9.059544,191.294427,2.100000));
#691=CARTESIAN_POINT('',(8.705573,190.940456,-0.100000));
#692=CARTESIAN_POINT('',(8.705573,190.940456,2.100000));
#693=CARTESIAN_POINT('',(8.478310,190.494427,-0.100000));
#694=CARTESIAN_POINT('',(8.478310,190.494427,2.100000));
#695=CARTESIAN_POINT('',(8.400000,190.000000,-0.100000));
#696=CARTESIAN_POINT('',(8.400000,190.000000,2.100000));
#697=CARTESIAN_POINT('',(8.478310,189.505573,-0.100000));
#698=CARTESIAN_POINT('',(8.478310,189.505573,2.100000));
#699=CARTESIAN_POINT('',(8.705573,189.059544,-0.100000));
#700=CARTESIAN_POINT('',(8.705573,189.059544,2.100000));
#701=CARTESIAN_POINT('',(9.059544,188.705573,-0.100000));
#702=CARTESIAN_POINT('',(9.059544,188.705573,2.100000));
#703=CARTESIAN_POINT('',(9.505573,188.478310,-0.100000));
#704=CARTESIAN_POINT('',(9.505573,188.478310,2.100000));
#705=CARTESIAN_POINT('',(10.000000,188.400000,-0.100000));
#706=CARTESIAN_POINT('',(10.000000,188.400000,2.100000));
#707=CARTESIAN_POINT('',(10.494427,188.478310,-0.100000));
#708=CARTESIAN_POINT('',(10.494427,188.478310,2.100000));
#709=CARTESIAN_POINT('',(10.940456,188.705573,-0.100000));
#710=CARTESIAN_POINT('',(10.940456,188.705573,2.100000));
#711=CARTESIAN_POINT('',(11.294427,189.059544,-0.100000));
#712=CARTESIAN_POINT('',(11.294427,189.059544,2.100000));
#713=CARTESIAN_POINT('',(11.521690,189.505573,-0.100000));
#714=CARTESIAN_POINT('',(11.521690,189.505573,2.100000));
#715=VERTEX_POINT('',#675);
#716=VERTEX_POINT('',#677);
#717=VERTEX_POINT('',#679);
#718=VERTEX_POINT('',#681);
#719=VERTEX_POINT('',#683);
#720=VERTEX_POINT('',#685);
#721=VERTEX_POINT('',#687);
#722=VERTEX_POINT('',#689);
#723=VERTEX_POINT('',#691);
#724=VERTEX_POINT('',#693);
#725=VERTEX_POINT('',#695);
#726=VERTEX_POINT('',#697);
#727=VERTEX_POINT('',#699);
#728=VERTEX_POINT('',#701);
#729=VERTEX_POINT('',#703);
#730=VERTEX_POINT('',#705);
#731=VERTEX_POINT('',#707);
#732=VERTEX_POINT('',#709);
#733=VERTEX_POINT('',#711);
#734=VERTEX_POINT('',#713);
#735=VERTEX_POINT('',#676);
#736=VERTEX_POINT('',#678);
#737=VERTEX_POINT('',#680);
#738=VERTEX_POINT('',#682);
#739=VERTEX_POINT('',#684);
#740=VERTEX_POINT('',#686);
#741=VERTEX_POINT('',#688);
#742=VERTEX_POINT('',#690);
#743=VERTEX_POINT('',#692);
#744=VERTEX_POINT('',#694);
#745=VERTEX_POINT('',#696);
#746=VERTEX_POINT('',#698);
#747=VERTEX_POINT('',#700);
#748=VERTEX_POINT('',#702);
#749=VERTEX_POINT('',#704);
#750=VERTEX_POINT('',#706);
#751=VERTEX_POINT('',#708);
#752=VERTEX_POINT('',#710);
#753=VERTEX_POINT('',#712);
#754=VERTEX_POINT('',#714);
#755=CARTESIAN_POINT('',(10.000000,190.000000,-0.100000));
#756=DIRECTION('',0.,0.,-1.);
#757=DIRECTION('',1.,0.,0.);
#758=AXIS2_PLACEMENT_3D('',#755,#756,#757);
#759=CIRCLE('',#758,1.600000);
#760=EDGE_CURVE('',#715,#715,#759,.T.);
#761=ORIENTED_EDGE('',*,*,#760,.T.);
#762=EDGE_LOOP('',#761);
#763=FACE_OUTER_BOUND('',#762,.T.);
#764=ADVANCED_FACE('',#763,#756,.T.);
#765=CARTESIAN_POINT('',(10.000000,190.000000,2.100000));
#766=DIRECTION('',0.,0.,1.);
#767=DIRECTION('',1.,0.,0.);
#768=AXIS2_PLACEMENT_3D('',#765,#766,#767);
#769=CIRCLE('',#768,1.600000);
#770=EDGE_CURVE('',#735,#735,#769,.T.);
#771=ORIENTED_EDGE('',*,*,#770,.T.);
#772=EDGE_LOOP('',#771);
#773=FACE_OUTER_BOUND('',#772,.T.);
#774=ADVANCED_FACE('',#773,#766,.T.);
#775=DIRECTION('',-0.156434,0.987688,0.);
#776=LINE('',#675,#775);
#777=DIRECTION('',0.,0.,1.);
#778=LINE('',#677,#777);
#779=DIRECTION('',0.156434,-0.987688,0.);
#780=LINE('',#678,#779);
#781=DIRECTION('',0.,0.,-1.);
#782=LINE('',#676,#781);
#783=EDGE_CURVE('',#715,#716,#776,.T.);
#784=EDGE_CURVE('',#716,#736,#778,.T.);
#785=EDGE_CURVE('',#736,#735,#780,.T.);
#786=EDGE_CURVE('',#735,#715,#782,.T.);
#787=ORIENTED_EDGE('',*,*,#783,.T.);
#788=ORIENTED_EDGE('',*,*,#784,.T.);
#789=ORIENTED_EDGE('',*,*,#785,.T.);
#790=ORIENTED_EDGE('',*,*,#786,.T.);
#791=EDGE_LOOP('',#787,#788,#789,#790);
#792=FACE_OUTER_BOUND('',#791,.T.);
#793=DIRECTION('',0.987688,0.156434,0.);
#794=ADVANCED_FACE('',#792,#793,.T.);
#795=DIRECTION('',-0.453990,0.891007,0.);
#796=LINE('',#677,#795);
#797=DIRECTION('',0.,0.,1.);
#798=LINE('',#679,#797);
#799=DIRECTION('',0.453990,-0.891007,0.);
#800=LINE('',#680,#799);
#801=DIRECTION('',0.,0.,-1.);
#802=LINE('',#678,#801);
#803=EDGE_CURVE('',#716,#717,#796,.T.);
#804=EDGE_CURVE('',#717,#737,#798,.T.);
#805=EDGE_CURVE('',#737,#736,#800,.T.);
#806=EDGE_CURVE('',#736,#716,#802,.T.);
#807=ORIENTED_EDGE('',*,*,#803,.T.);
#808=ORIENTED_EDGE('',*,*,#804,.T.);
#809=ORIENTED_EDGE('',*,*,#805,.T.);
#810=ORIENTED_EDGE('',*,*,#806,.T.);
#811=EDGE_LOOP('',#807,#808,#809,#810);
#812=FACE_OUTER_BOUND('',#811,.T.);
#813=DIRECTION('',0.891007,0.453990,0.);
#814=ADVANCED_FACE('',#812,#813,.T.);
#815=DIRECTION('',-0.707107,0.707107,0.);
#816=LINE('',#679,#815);
#817=DIRECTION('',0.,0.,1.);
#818=LINE('',#681,#817);
#819=DIRECTION('',0.707107,-0.707107,0.);
#820=LINE('',#682,#819);
#821=DIRECTION('',0.,0.,-1.);
#822=LINE('',#680,#821);
#823=EDGE_CURVE('',#717,#718,#816,.T.);
#824=EDGE_CURVE('',#718,#738,#818,.T.);
#825=EDGE_CURVE('',#738,#737,#820,.T.);
#826=EDGE_CURVE('',#737,#717,#822,.T.);
#827=ORIENTED_EDGE('',*,*,#823,.T.);
#828=ORIENTED_EDGE('',*,*,#824,.T.);
#829=ORIENTED_EDGE('',*,*,#825,.T.);
#830=ORIENTED_EDGE('',*,*,#826,.T.);
#831=EDGE_LOOP('',#827,#828,#829,#830);
#832=FACE_OUTER_BOUND('',#831,.T.);
#833=DIRECTION('',0.707107,0.707107,0.);
#834=ADVANCED_FACE('',#832,#833,.T.);
#835=DIRECTION('',-0.891007,0.453990,0.);
#836=LINE('',#681,#835);
#837=DIRECTION('',0.,0.,1.);
#838=LINE('',#683,#837);
#839=DIRECTION('',0.891007,-0.453990,0.);
#840=LINE('',#684,#839);
#841=DIRECTION('',0.,0.,-1.);
#842=LINE('',#682,#841);
#843=EDGE_CURVE('',#718,#719,#836,.T.);
#844=EDGE_CURVE('',#719,#739,#838,.T.);
#845=EDGE_CURVE('',#739,#738,#840,.T.);
#846=EDGE_CURVE('',#738,#718,#842,.T.);
#847=ORIENTED_EDGE('',*,*,#843,.T.);
#848=ORIENTED_EDGE('',*,*,#844,.T.);
#849=ORIENTED_EDGE('',*,*,#845,.T.);
#850=ORIENTED_EDGE('',*,*,#846,.T.);
#851=EDGE_LOOP('',#847,#848,#849,#850);
#852=FACE_OUTER_BOUND('',#851,.T.);
#853=DIRECTION('',0.453990,0.891007,0.);
#854=ADVANCED_FACE('',#852,#853,.T.);
#855=DIRECTION('',-0.987688,0.156434,0.);
#856=LINE('',#683,#855);
#857=DIRECTION('',0.,0.,1.);
#858=LINE('',#685,#857);
#859=DIRECTION('',0.987688,-0.156434,0.);
#860=LINE('',#686,#859);
#861=DIRECTION('',0.,0.,-1.);
#862=LINE('',#684,#861);
#863=EDGE_CURVE('',#719,#720,#856,.T.);
#864=EDGE_CURVE('',#720,#740,#858,.T.);
#865=EDGE_CURVE('',#740,#739,#860,.T.);
#866=EDGE_CURVE('',#739,#719,#862,.T.);
#867=ORIENTED_EDGE('',*,*,#863,.T.);
#868=ORIENTED_EDGE('',*,*,#864,.T.);
#869=ORIENTED_EDGE('',*,*,#865,.T.);
#870=ORIENTED_EDGE('',*,*,#866,.T.);
#871=EDGE_LOOP('',#867,#868,#869,#870);
#872=FACE_OUTER_BOUND('',#871,.T.);
#873=DIRECTION('',0.156434,0.987688,0.);
#874=ADVANCED_FACE('',#872,#873,.T.);
#875=DIRECTION('',-0.987688,-0.156434,0.);
#876=LINE('',#685,#875);
#877=DIRECTION('',0.,0.,1.);
#878=LINE('',#687,#877);
#879=DIRECTION('',0.987688,0.156434,0.);
#880=LINE('',#688,#879);
#881=DIRECTION('',0.,0.,-1.);
#882=LINE('',#686,#881);
#883=EDGE_CURVE('',#720,#721,#876,.T.);
#884=EDGE_CURVE('',#721,#741,#878,.T.);
#885=EDGE_CURVE('',#741,#740,#880,.T.);
#886=EDGE_CURVE('',#740,#720,#882,.T.);
#887=ORIENTED_EDGE('',*,*,#883,.T.);
#888=ORIENTED_EDGE('',*,*,#884,.T.);
#889=ORIENTED_EDGE('',*,*,#885,.T.);
#890=ORIENTED_EDGE('',*,*,#886,.T.);
#891=EDGE_LOOP('',#887,#888,#889,#890);
#892=FACE_OUTER_BOUND('',#891,.T.);
#893=DIRECTION('',-0.156434,0.987688,0.);
#894=ADVANCED_FACE('',#892,#893,.T.);
#895=DIRECTION('',-0.891007,-0.453990,0.);
#896=LINE('',#687,#895);
#897=DIRECTION('',0.,0.,1.);
#898=LINE('',#689,#897);
#899=DIRECTION('',0.891007,0.453990,0.);
#900=LINE('',#690,#899);
#901=DIRECTION('',0.,0.,-1.);
#902=LINE('',#688,#901);
#903=EDGE_CURVE('',#721,#722,#896,.T.);
#904=EDGE_CURVE('',#722,#742,#898,.T.);
#905=EDGE_CURVE('',#742,#741,#900,.T.);
#906=EDGE_CURVE('',#741,#721,#902,.T.);
#907=ORIENTED_EDGE('',*,*,#903,.T.);
#908=ORIENTED_EDGE('',*,*,#904,.T.);
#909=ORIENTED_EDGE('',*,*,#905,.T.);
#910=ORIENTED_EDGE('',*,*,#906,.T.);
#911=EDGE_LOOP('',#907,#908,#909,#910);
#912=FACE_OUTER_BOUND('',#911,.T.);
#913=DIRECTION('',-0.453990,0.891007,0.);
#914=ADVANCED_FACE('',#912,#913,.T.);
#915=DIRECTION('',-0.707107,-0.707107,0.);
#916=LINE('',#689,#915);
#917=DIRECTION('',0.,0.,1.);
#918=LINE('',#691,#917);
#919=DIRECTION('',0.707107,0.707107,0.);
#920=LINE('',#692,#919);
#921=DIRECTION('',0.,0.,-1.);
#922=LINE('',#690,#921);
#923=EDGE_CURVE('',#722,#723,#916,.T.);
#924=EDGE_CURVE('',#723,#743,#918,.T.);
#925=EDGE_CURVE('',#743,#742,#920,.T.);
#926=EDGE_CURVE('',#742,#722,#922,.T.);
#927=ORIENTED_EDGE('',*,*,#923,.T.);
#928=ORIENTED_EDGE('',*,*,#924,.T.);
#929=ORIENTED_EDGE('',*,*,#925,.T.);
#930=ORIENTED_EDGE('',*,*,#926,.T.);
#931=EDGE_LOOP('',#927,#928,#929,#930);
#932=FACE_OUTER_BOUND('',#931,.T.);
#933=DIRECTION('',-0.707107,0.707107,0.);
#934=ADVANCED_FACE('',#932,#933,.T.);
#935=DIRECTION('',-0.453990,-0.891007,0.);
#936=LINE('',#691,#935);
#937=DIRECTION('',0.,0.,1.);
#938=LINE('',#693,#937);
#939=DIRECTION('',0.453990,0.891007,0.);
#940=LINE('',#694,#939);
#941=DIRECTION('',0.,0.,-1.);
#942=LINE('',#692,#941);
#943=EDGE_CURVE('',#723,#724,#936,.T.);
#944=EDGE_CURVE('',#724,#744,#938,.T.);
#945=EDGE_CURVE('',#744,#743,#940,.T.);
#946=EDGE_CURVE('',#743,#723,#942,.T.);
#947=ORIENTED_EDGE('',*,*,#943,.T.);
#948=ORIENTED_EDGE('',*,*,#944,.T.);
#949=ORIENTED_EDGE('',*,*,#945,.T.);
#950=ORIENTED_EDGE('',*,*,#946,.T.);
#951=EDGE_LOOP('',#947,#948,#949,#950);
#952=FACE_OUTER_BOUND('',#951,.T.);
#953=DIRECTION('',-0.891007,0.453990,0.);
#954=ADVANCED_FACE('',#952,#953,.T.);
#955=DIRECTION('',-0.156434,-0.987688,0.);
#956=LINE('',#693,#955);
#957=DIRECTION('',0.,0.,1.);
#958=LINE('',#695,#957);
#959=DIRECTION('',0.156434,0.987688,0.);
#960=LINE('',#696,#959);
#961=DIRECTION('',0.,0.,-1.);
#962=LINE('',#694,#961);
#963=EDGE_CURVE('',#724,#725,#956,.T.);
#964=EDGE_CURVE('',#725,#745,#958,.T.);
#965=EDGE_CURVE('',#745,#744,#960,.T.);
#966=EDGE_CURVE('',#744,#724,#962,.T.);
#967=ORIENTED_EDGE('',*,*,#963,.T.);
#968=ORIENTED_EDGE('',*,*,#964,.T.);
#969=ORIENTED_EDGE('',*,*,#965,.T.);
#970=ORIENTED_EDGE('',*,*,#966,.T.);
#971=EDGE_LOOP('',#967,#968,#969,#970);
#972=FACE_OUTER_BOUND('',#971,.T.);
#973=DIRECTION('',-0.987688,0.156434,0.);
#974=ADVANCED_FACE('',#972,#973,.T.);
#975=DIRECTION('',0.156434,-0.987688,0.);
#976=LINE('',#695,#975);
#977=DIRECTION('',0.,0.,1.);
#978=LINE('',#697,#977);
#979=DIRECTION('',-0.156434,0.987688,0.);
#980=LINE('',#698,#979);
#981=DIRECTION('',0.,0.,-1.);
#982=LINE('',#696,#981);
#983=EDGE_CURVE('',#725,#726,#976,.T.);
#984=EDGE_CURVE('',#726,#746,#978,.T.);
#985=EDGE_CURVE('',#746,#745,#980,.T.);
#986=EDGE_CURVE('',#745,#725,#982,.T.);
#987=ORIENTED_EDGE('',*,*,#983,.T.);
#988=ORIENTED_EDGE('',*,*,#984,.T.);
#989=ORIENTED_EDGE('',*,*,#985,.T.);
#990=ORIENTED_EDGE('',*,*,#986,.T.);
#991=EDGE_LOOP('',#987,#988,#989,#990);
#992=FACE_OUTER_BOUND('',#991,.T.);
#993=DIRECTION('',-0.987688,-0.156434,0.);
#994=ADVANCED_FACE('',#992,#993,.T.);
#995=DIRECTION('',0.453990,-0.891007,0.);
#996=LINE('',#697,#995);
#997=DIRECTION('',0.,0.,1.);
#998=LINE('',#699,#997);
#999=DIRECTION('',-0.453990,0.891007,0.);
#1000=LINE('',#700,#999);
#1001=DIRECTION('',0.,0.,-1.);
#1002=LINE('',#698,#1001);
#1003=EDGE_CURVE('',#726,#727,#996,.T.);
#1004=EDGE_CURVE('',#727,#747,#998,.T.);
#1005=EDGE_CURVE('',#747,#746,#1000,.T.);
#1006=EDGE_CURVE('',#746,#726,#1002,.T.);
#1007=ORIENTED_EDGE('',*,*,#1003,.T.);
#1008=ORIENTED_EDGE('',*,*,#1004,.T.);
#1009=ORIENTED_EDGE('',*,*,#1005,.T.);
#1010=ORIENTED_EDGE('',*,*,#1006,.T.);
#1011=EDGE_LOOP('',#1007,#1008,#1009,#1010);
#1012=FACE_OUTER_BOUND('',#1011,.T.);
#1013=DIRECTION('',-0.891007,-0.453990,0.);
#1014=ADVANCED_FACE('',#1012,#1013,.T.);
#1015=DIRECTION('',0.707107,-0.707107,0.);
#1016=LINE('',#699,#1015);
#1017=DIRECTION('',0.,0.,1.);
#1018=LINE('',#701,#1017);
#1019=DIRECTION('',-0.707107,0.707107,0.);
#1020=LINE('',#702,#1019);
#1021=DIRECTION('',0.,0.,-1.);
#1022=LINE('',#700,#1021);
#1023=EDGE_CURVE('',#727,#728,#1016,.T.);
#1024=EDGE_CURVE('',#728,#748,#1018,.T.);
#1025=EDGE_CURVE('',#748,#747,#1020,.T.);
#1026=EDGE_CURVE('',#747,#727,#1022,.T.);
#1027=ORIENTED_EDGE('',*,*,#1023,.T.);
#1028=ORIENTED_EDGE('',*,*,#1024,.T.);
#1029=ORIENTED_EDGE('',*,*,#1025,.T.);
#1030=ORIENTED_EDGE('',*,*,#1026,.T.);
#1031=EDGE_LOOP('',#1027,#1028,#1029,#1030);
#1032=FACE_OUTER_BOUND('',#1031,.T.);
#1033=DIRECTION('',-0.707107,-0.707107,0.);
#1034=ADVANCED_FACE('',#1032,#1033,.T.);
#1035=DIRECTION('',0.891007,-0.453990,0.);
#1036=LINE('',#701,#1035);
#1037=DIRECTION('',0.,0.,1.);
#1038=LINE('',#703,#1037);
#1039=DIRECTION('',-0.891007,0.453990,0.);
#1040=LINE('',#704,#1039);
#1041=DIRECTION('',0.,0.,-1.);
#1042=LINE('',#702,#1041);
#1043=EDGE_CURVE('',#728,#729,#1036,.T.);
#1044=EDGE_CURVE('',#729,#749,#1038,.T.);
#1045=EDGE_CURVE('',#749,#748,#1040,.T.);
#1046=EDGE_CURVE('',#748,#728,#1042,.T.);
#1047=ORIENTED_EDGE('',*,*,#1043,.T.);
#1048=ORIENTED_EDGE('',*,*,#1044,.T.);
#1049=ORIENTED_EDGE('',*,*,#1045,.T.);
#1050=ORIENTED_EDGE('',*,*,#1046,.T.);
#1051=EDGE_LOOP('',#1047,#1048,#1049,#1050);
#1052=FACE_OUTER_BOUND('',#1051,.T.);
#1053=DIRECTION('',-0.453990,-0.891007,0.);
#1054=ADVANCED_FACE('',#1052,#1053,.T.);
#1055=DIRECTION('',0.987688,-0.156434,0.);
#1056=LINE('',#703,#1055);
#1057=DIRECTION('',0.,0.,1.);
#1058=LINE('',#705,#1057);
#1059=DIRECTION('',-0.987688,0.156434,0.);
#1060=LINE('',#706,#1059);
#1061=DIRECTION('',0.,0.,-1.);
#1062=LINE('',#704,#1061);
#1063=EDGE_CURVE('',#729,#730,#1056,.T.);
#1064=EDGE_CURVE('',#730,#750,#1058,.T.);
#1065=EDGE_CURVE('',#750,#749,#1060,.T.);
#1066=EDGE_CURVE('',#749,#729,#1062,.T.);
#1067=ORIENTED_EDGE('',*,*,#1063,.T.);
#1068=ORIENTED_EDGE('',*,*,#1064,.T.);
#1069=ORIENTED_EDGE('',*,*,#1065,.T.);
#1070=ORIENTED_EDGE('',*,*,#1066,.T.);
#1071=EDGE_LOOP('',#1067,#1068,#1069,#1070);
#1072=FACE_OUTER_BOUND('',#1071,.T.);
#1073=DIRECTION('',-0.156434,-0.987688,0.);
#1074=ADVANCED_FACE('',#1072,#1073,.T.);
#1075=DIRECTION('',0.987688,0.156434,0.);
#1076=LINE('',#705,#1075);
#1077=DIRECTION('',0.,0.,1.);
#1078=LINE('',#707,#1077);
#1079=DIRECTION('',-0.987688,-0.156434,0.);
#1080=LINE('',#708,#1079);
#1081=DIRECTION('',0.,0.,-1.);
#1082=LINE('',#706,#1081);
#1083=EDGE_CURVE('',#730,#731,#1076,.T.);
#1084=EDGE_CURVE('',#731,#751,#1078,.T.);
#1085=EDGE_CURVE('',#751,#750,#1080,.T.);
#1086=EDGE_CURVE('',#750,#730,#1082,.T.);
#1087=ORIENTED_EDGE('',*,*,#1083,.T.);
#1088=ORIENTED_EDGE('',*,*,#1084,.T.);
#1089=ORIENTED_EDGE('',*,*,#1085,.T.);
#1090=ORIENTED_EDGE('',*,*,#1086,.T.);
#1091=EDGE_LOOP('',#1087,#1088,#1089,#1090);
#1092=FACE_OUTER_BOUND('',#1091,.T.);
#1093=DIRECTION('',0.156434,-0.987688,0.);
#1094=ADVANCED_FACE('',#1092,#1093,.T.);
#1095=DIRECTION('',0.891007,0.453990,0.);
#1096=LINE('',#707,#1095);
#1097=DIRECTION('',0.,0.,1.);
#1098=LINE('',#709,#1097);
#1099=DIRECTION('',-0.891007,-0.453990,0.);
#1100=LINE('',#710,#1099);
#1101=DIRECTION('',0.,0.,-1.);
#1102=LINE('',#708,#1101);
#1103=EDGE_CURVE('',#731,#732,#1096,.T.);
#1104=EDGE_CURVE('',#732,#752,#1098,.T.);
#1105=EDGE_CURVE('',#752,#751,#1100,.T.);
#1106=EDGE_CURVE('',#751,#731,#1102,.T.);
#1107=ORIENTED_EDGE('',*,*,#1103,.T.);
#1108=ORIENTED_EDGE('',*,*,#1104,.T.);
#1109=ORIENTED_EDGE('',*,*,#1105,.T.);
#1110=ORIENTED_EDGE('',*,*,#1106,.T.);
#1111=EDGE_LOOP('',#1107,#1108,#1109,#1110);
#1112=FACE_OUTER_BOUND('',#1111,.T.);
#1113=DIRECTION('',0.453990,-0.891007,0.);
#1114=ADVANCED_FACE('',#1112,#1113,.T.);
#1115=DIRECTION('',0.707107,0.707107,0.);
#1116=LINE('',#709,#1115);
#1117=DIRECTION('',0.,0.,1.);
#1118=LINE('',#711,#1117);
#1119=DIRECTION('',-0.707107,-0.707107,0.);
#1120=LINE('',#712,#1119);
#1121=DIRECTION('',0.,0.,-1.);
#1122=LINE('',#710,#1121);
#1123=EDGE_CURVE('',#732,#733,#1116,.T.);
#1124=EDGE_CURVE('',#733,#753,#1118,.T.);
#1125=EDGE_CURVE('',#753,#752,#1120,.T.);
#1126=EDGE_CURVE('',#752,#732,#1122,.T.);
#1127=ORIENTED_EDGE('',*,*,#1123,.T.);
#1128=ORIENTED_EDGE('',*,*,#1124,.T.);
#1129=ORIENTED_EDGE('',*,*,#1125,.T.);
#1130=ORIENTED_EDGE('',*,*,#1126,.T.);
#1131=EDGE_LOOP('',#1127,#1128,#1129,#1130);
#1132=FACE_OUTER_BOUND('',#1131,.T.);
#1133=DIRECTION('',0.707107,-0.707107,0.);
#1134=ADVANCED_FACE('',#1132,#1133,.T.);
#1135=DIRECTION('',0.453990,0.891007,0.);
#1136=LINE('',#711,#1135);
#1137=DIRECTION('',0.,0.,1.);
#1138=LINE('',#713,#1137);
#1139=DIRECTION('',-0.453990,-0.891007,0.);
#1140=LINE('',#714,#1139);
#1141=DIRECTION('',0.,0.,-1.);
#1142=LINE('',#712,#1141);
#1143=EDGE_CURVE('',#733,#734,#1136,.T.);
#1144=EDGE_CURVE('',#734,#754,#1138,.T.);
#1145=EDGE_CURVE('',#754,#753,#1140,.T.);
#1146=EDGE_CURVE('',#753,#733,#1142,.T.);
#1147=ORIENTED_EDGE('',*,*,#1143,.T.);
#1148=ORIENTED_EDGE('',*,*,#1144,.T.);
#1149=ORIENTED_EDGE('',*,*,#1145,.T.);
#1150=ORIENTED_EDGE('',*,*,#1146,.T.);
#1151=EDGE_LOOP('',#1147,#1148,#1149,#1150);
#1152=FACE_OUTER_BOUND('',#1151,.T.);
#1153=DIRECTION('',0.891007,-0.453990,0.);
#1154=ADVANCED_FACE('',#1152,#1153,.T.);
#1155=DIRECTION('',0.156434,0.987688,0.);
#1156=LINE('',#713,#1155);
#1157=DIRECTION('',0.,0.,1.);
#1158=LINE('',#675,#1157);
#1159=DIRECTION('',-0.156434,-0.987688,0.);
#1160=LINE('',#676,#1159);
#1161=DIRECTION('',0.,0.,-1.);
#1162=LINE('',#714,#1161);
#1163=EDGE_CURVE('',#734,#715,#1156,.T.);
#1164=EDGE_CURVE('',#715,#735,#1158,.T.);
#1165=EDGE_CURVE('',#735,#754,#1160,.T.);
#1166=EDGE_CURVE('',#754,#734,#1162,.T.);
#1167=ORIENTED_EDGE('',*,*,#1163,.T.);
#1168=ORIENTED_EDGE('',*,*,#1164,.T.);
#1169=ORIENTED_EDGE('',*,*,#1165,.T.);
#1170=ORIENTED_EDGE('',*,*,#1166,.T.);
#1171=EDGE_LOOP('',#1167,#1168,#1169,#1170);
#1172=FACE_OUTER_BOUND('',#1171,.T.);
#1173=DIRECTION('',-0.987688,0.156434,0.);
#1174=ADVANCED_FACE('',#1172,#1173,.T.);
#1175=CLOSED_SHELL('',#764,#774,#794,#814,#834,#854,#874,#894,#914,#934,#954,#974,#994,#1014,#1034,#1054,#1074,#1094,#1114,#1134,#1154,#1174);
#1176=MANIFOLD_SOLID_BREP('',#1175);
#1177=CARTESIAN_POINT('',(10.000000,190.000000,-0.100000));
#1178=DIRECTION('',0.,0.,1.);
#1179=DIRECTION('',1.,0.,0.);
#1180=AXIS2_PLACEMENT_3D('',#1177,#1178,#1179);
#1181=ADVANCED_BREP_SHAPE_REPRESENTATION('',#1176,#1180);
#1182=SHAPE_DEFINITION_REPRESENTATION(#674,#1181);
#1183=PRODUCT('MountingHole_2','M3 Mounting Hole 2','M3 mounting hole',('mechanical'));
#1184=PRODUCT_DEFINITION_FORMATION('',#1183);
#1185=PRODUCT_DEFINITION('design','',#1184,#1);
#1186=PRODUCT_DEFINITION_SHAPE('','',#1185);
#1187=CARTESIAN_POINT('',(191.600000,10.000000,-0.100000));
#1188=CARTESIAN_POINT('',(191.600000,10.000000,2.100000));
#1189=CARTESIAN_POINT('',(191.521690,10.494427,-0.100000));
#1190=CARTESIAN_POINT('',(191.521690,10.494427,2.100000));
#1191=CARTESIAN_POINT('',(191.294427,10.940456,-0.100000));
#1192=CARTESIAN_POINT('',(191.294427,10.940456,2.100000));
#1193=CARTESIAN_POINT('',(190.940456,11.294427,-0.100000));
#1194=CARTESIAN_POINT('',(190.940456,11.294427,2.100000));
#1195=CARTESIAN_POINT('',(190.494427,11.521690,-0.100000));
#1196=CARTESIAN_POINT('',(190.494427,11.521690,2.100000));
#1197=CARTESIAN_POINT('',(190.000000,11.600000,-0.100000));
#1198=CARTESIAN_POINT('',(190.000000,11.600000,2.100000));
#1199=CARTESIAN_POINT('',(189.505573,11.521690,-0.100000));
#1200=CARTESIAN_POINT('',(189.505573,11.521690,2.100000));
#1201=CARTESIAN_POINT('',(189.059544,11.294427,-0.100000));
#1202=CARTESIAN_POINT('',(189.059544,11.294427,2.100000));
#1203=CARTESIAN_POINT('',(188.705573,10.940456,-0.100000));
#1204=CARTESIAN_POINT('',(188.705573,10.940456,2.100000));
#1205=CARTESIAN_POINT('',(188.478310,10.494427,-0.100000));
#1206=CARTESIAN_POINT('',(188.478310,10.494427,2.100000));
#1207=CARTESIAN_POINT('',(188.400000,10.000000,-0.100000));
#1208=CARTESIAN_POINT('',(188.400000,10.000000,2.100000));
#1209=CARTESIAN_POINT('',(188.478310,9.505573,-0.100000));
#1210=CARTESIAN_POINT('',(188.478310,9.505573,2.100000));
#1211=CARTESIAN_POINT('',(188.705573,9.059544,-0.100000));
#1212=CARTESIAN_POINT('',(188.705573,9.059544,2.100000));
#1213=CARTESIAN_POINT('',(189.059544,8.705573,-0.100000));
#1214=CARTESIAN_POINT('',(189.059544,8.705573,2.100000));
#1215=CARTESIAN_POINT('',(189.505573,8.478310,-0.100000));
#1216=CARTESIAN_POINT('',(189.505573,8.478310,2.100000));
#1217=CARTESIAN_POINT('',(190.000000,8.400000,-0.100000));
#1218=CARTESIAN_POINT('',(190.000000,8.400000,2.100000));
#1219=CARTESIAN_POINT('',(190.494427,8.478310,-0.100000));
#1220=CARTESIAN_POINT('',(190.494427,8.478310,2.100000));
#1221=CARTESIAN_POINT('',(190.940456,8.705573,-0.100000));
#1222=CARTESIAN_POINT('',(190.940456,8.705573,2.100000));
#1223=CARTESIAN_POINT('',(191.294427,9.059544,-0.100000));
#1224=CARTESIAN_POINT('',(191.294427,9.059544,2.100000));
#1225=CARTESIAN_POINT('',(191.521690,9.505573,-0.100000));
#1226=CARTESIAN_POINT('',(191.521690,9.505573,2.100000));
#1227=VERTEX_POINT('',#1187);
#1228=VERTEX_POINT('',#1189);
#1229=VERTEX_POINT('',#1191);
#1230=VERTEX_POINT('',#1193);
#1231=VERTEX_POINT('',#1195);
#1232=VERTEX_POINT('',#1197);
#1233=VERTEX_POINT('',#1199);
#1234=VERTEX_POINT('',#1201);
#1235=VERTEX_POINT('',#1203);
#1236=VERTEX_POINT('',#1205);
#1237=VERTEX_POINT('',#1207);
#1238=VERTEX_POINT('',#1209);
#1239=VERTEX_POINT('',#1211);
#1240=VERTEX_POINT('',#1213);
#1241=VERTEX_POINT('',#1215);
#1242=VERTEX_POINT('',#1217);
#1243=VERTEX_POINT('',#1219);
#1244=VERTEX_POINT('',#1221);
#1245=VERTEX_POINT('',#1223);
#1246=VERTEX_POINT('',#1225);
#1247=VERTEX_POINT('',#1188);
#1248=VERTEX_POINT('',#1190);
#1249=VERTEX_POINT('',#1192);
#1250=VERTEX_POINT('',#1194);
#1251=VERTEX_POINT('',#1196);
#1252=VERTEX_POINT('',#1198);
#1253=VERTEX_POINT('',#1200);
#1254=VERTEX_POINT('',#1202);
#1255=VERTEX_POINT('',#1204);
#1256=VERTEX_POINT('',#1206);
#1257=VERTEX_POINT('',#1208);
#1258=VERTEX_POINT('',#1210);
#1259=VERTEX_POINT('',#1212);
#1260=VERTEX_POINT('',#1214);
#1261=VERTEX_POINT('',#1216);
#1262=VERTEX_POINT('',#1218);
#1263=VERTEX_POINT('',#1220);
#1264=VERTEX_POINT('',#1222);
#1265=VERTEX_POINT('',#1224);
#1266=VERTEX_POINT('',#1226);
#1267=CARTESIAN_POINT('',(190.000000,10.000000,-0.100000));
#1268=DIRECTION('',0.,0.,-1.);
#1269=DIRECTION('',1.,0.,0.);
#1270=AXIS2_PLACEMENT_3D('',#1267,#1268,#1269);
#1271=CIRCLE('',#1270,1.600000);
#1272=EDGE_CURVE('',#1227,#1227,#1271,.T.);
#1273=ORIENTED_EDGE('',*,*,#1272,.T.);
#1274=EDGE_LOOP('',#1273);
#1275=FACE_OUTER_BOUND('',#1274,.T.);
#1276=ADVANCED_FACE('',#1275,#1268,.T.);
#1277=CARTESIAN_POINT('',(190.000000,10.000000,2.100000));
#1278=DIRECTION('',0.,0.,1.);
#1279=DIRECTION('',1.,0.,0.);
#1280=AXIS2_PLACEMENT_3D('',#1277,#1278,#1279);
#1281=CIRCLE('',#1280,1.600000);
#1282=EDGE_CURVE('',#1247,#1247,#1281,.T.);
#1283=ORIENTED_EDGE('',*,*,#1282,.T.);
#1284=EDGE_LOOP('',#1283);
#1285=FACE_OUTER_BOUND('',#1284,.T.);
#1286=ADVANCED_FACE('',#1285,#1278,.T.);
#1287=DIRECTION('',-0.156434,0.987688,0.);
#1288=LINE('',#1187,#1287);
#1289=DIRECTION('',0.,0.,1.);
#1290=LINE('',#1189,#1289);
#1291=DIRECTION('',0.156434,-0.987688,0.);
#1292=LINE('',#1190,#1291);
#1293=DIRECTION('',0.,0.,-1.);
#1294=LINE('',#1188,#1293);
#1295=EDGE_CURVE('',#1227,#1228,#1288,.T.);
#1296=EDGE_CURVE('',#1228,#1248,#1290,.T.);
#1297=EDGE_CURVE('',#1248,#1247,#1292,.T.);
#1298=EDGE_CURVE('',#1247,#1227,#1294,.T.);
#1299=ORIENTED_EDGE('',*,*,#1295,.T.);
#1300=ORIENTED_EDGE('',*,*,#1296,.T.);
#1301=ORIENTED_EDGE('',*,*,#1297,.T.);
#1302=ORIENTED_EDGE('',*,*,#1298,.T.);
#1303=EDGE_LOOP('',#1299,#1300,#1301,#1302);
#1304=FACE_OUTER_BOUND('',#1303,.T.);
#1305=DIRECTION('',0.987688,0.156434,0.);
#1306=ADVANCED_FACE('',#1304,#1305,.T.);
#1307=DIRECTION('',-0.453990,0.891007,0.);
#1308=LINE('',#1189,#1307);
#1309=DIRECTION('',0.,0.,1.);
#1310=LINE('',#1191,#1309);
#1311=DIRECTION('',0.453990,-0.891007,0.);
#1312=LINE('',#1192,#1311);
#1313=DIRECTION('',0.,0.,-1.);
#1314=LINE('',#1190,#1313);
#1315=EDGE_CURVE('',#1228,#1229,#1308,.T.);
#1316=EDGE_CURVE('',#1229,#1249,#1310,.T.);
#1317=EDGE_CURVE('',#1249,#1248,#1312,.T.);
#1318=EDGE_CURVE('',#1248,#1228,#1314,.T.);
#1319=ORIENTED_EDGE('',*,*,#1315,.T.);
#1320=ORIENTED_EDGE('',*,*,#1316,.T.);
#1321=ORIENTED_EDGE('',*,*,#1317,.T.);
#1322=ORIENTED_EDGE('',*,*,#1318,.T.);
#1323=EDGE_LOOP('',#1319,#1320,#1321,#1322);
#1324=FACE_OUTER_BOUND('',#1323,.T.);
#1325=DIRECTION('',0.891007,0.453990,0.);
#1326=ADVANCED_FACE('',#1324,#1325,.T.);
#1327=DIRECTION('',-0.707107,0.707107,0.);
#1328=LINE('',#1191,#1327);
#1329=DIRECTION('',0.,0.,1.);
#1330=LINE('',#1193,#1329);
#1331=DIRECTION('',0.707107,-0.707107,0.);
#1332=LINE('',#1194,#1331);
#1333=DIRECTION('',0.,0.,-1.);
#1334=LINE('',#1192,#1333);
#1335=EDGE_CURVE('',#1229,#1230,#1328,.T.);
#1336=EDGE_CURVE('',#1230,#1250,#1330,.T.);
#1337=EDGE_CURVE('',#1250,#1249,#1332,.T.);
#1338=EDGE_CURVE('',#1249,#1229,#1334,.T.);
#1339=ORIENTED_EDGE('',*,*,#1335,.T.);
#1340=ORIENTED_EDGE('',*,*,#1336,.T.);
#1341=ORIENTED_EDGE('',*,*,#1337,.T.);
#1342=ORIENTED_EDGE('',*,*,#1338,.T.);
#1343=EDGE_LOOP('',#1339,#1340,#1341,#1342);
#1344=FACE_OUTER_BOUND('',#1343,.T.);
#1345=DIRECTION('',0.707107,0.707107,0.);
#1346=ADVANCED_FACE('',#1344,#1345,.T.);
#1347=DIRECTION('',-0.891007,0.453990,0.);
#1348=LINE('',#1193,#1347);
#1349=DIRECTION('',0.,0.,1.);
#1350=LINE('',#1195,#1349);
#1351=DIRECTION('',0.891007,-0.453990,0.);
#1352=LINE('',#1196,#1351);
#1353=DIRECTION('',0.,0.,-1.);
#1354=LINE('',#1194,#1353);
#1355=EDGE_CURVE('',#1230,#1231,#1348,.T.);
#1356=EDGE_CURVE('',#1231,#1251,#1350,.T.);
#1357=EDGE_CURVE('',#1251,#1250,#1352,.T.);
#1358=EDGE_CURVE('',#1250,#1230,#1354,.T.);
#1359=ORIENTED_EDGE('',*,*,#1355,.T.);
#1360=ORIENTED_EDGE('',*,*,#1356,.T.);
#1361=ORIENTED_EDGE('',*,*,#1357,.T.);
#1362=ORIENTED_EDGE('',*,*,#1358,.T.);
#1363=EDGE_LOOP('',#1359,#1360,#1361,#1362);
#1364=FACE_OUTER_BOUND('',#1363,.T.);
#1365=DIRECTION('',0.453990,0.891007,0.);
#1366=ADVANCED_FACE('',#1364,#1365,.T.);
#1367=DIRECTION('',-0.987688,0.156434,0.);
#1368=LINE('',#1195,#1367);
#1369=DIRECTION('',0.,0.,1.);
#1370=LINE('',#1197,#1369);
#1371=DIRECTION('',0.987688,-0.156434,0.);
#1372=LINE('',#1198,#1371);
#1373=DIRECTION('',0.,0.,-1.);
#1374=LINE('',#1196,#1373);
#1375=EDGE_CURVE('',#1231,#1232,#1368,.T.);
#1376=EDGE_CURVE('',#1232,#1252,#1370,.T.);
#1377=EDGE_CURVE('',#1252,#1251,#1372,.T.);
#1378=EDGE_CURVE('',#1251,#1231,#1374,.T.);
#1379=ORIENTED_EDGE('',*,*,#1375,.T.);
#1380=ORIENTED_EDGE('',*,*,#1376,.T.);
#1381=ORIENTED_EDGE('',*,*,#1377,.T.);
#1382=ORIENTED_EDGE('',*,*,#1378,.T.);
#1383=EDGE_LOOP('',#1379,#1380,#1381,#1382);
#1384=FACE_OUTER_BOUND('',#1383,.T.);
#1385=DIRECTION('',0.156434,0.987688,0.);
#1386=ADVANCED_FACE('',#1384,#1385,.T.);
#1387=DIRECTION('',-0.987688,-0.156434,0.);
#1388=LINE('',#1197,#1387);
#1389=DIRECTION('',0.,0.,1.);
#1390=LINE('',#1199,#1389);
#1391=DIRECTION('',0.987688,0.156434,0.);
#1392=LINE('',#1200,#1391);
#1393=DIRECTION('',0.,0.,-1.);
#1394=LINE('',#1198,#1393);
#1395=EDGE_CURVE('',#1232,#1233,#1388,.T.);
#1396=EDGE_CURVE('',#1233,#1253,#1390,.T.);
#1397=EDGE_CURVE('',#1253,#1252,#1392,.T.);
#1398=EDGE_CURVE('',#1252,#1232,#1394,.T.);
#1399=ORIENTED_EDGE('',*,*,#1395,.T.);
#1400=ORIENTED_EDGE('',*,*,#1396,.T.);
#1401=ORIENTED_EDGE('',*,*,#1397,.T.);
#1402=ORIENTED_EDGE('',*,*,#1398,.T.);
#1403=EDGE_LOOP('',#1399,#1400,#1401,#1402);
#1404=FACE_OUTER_BOUND('',#1403,.T.);
#1405=DIRECTION('',-0.156434,0.987688,0.);
#1406=ADVANCED_FACE('',#1404,#1405,.T.);
#1407=DIRECTION('',-0.891007,-0.453990,0.);
#1408=LINE('',#1199,#1407);
#1409=DIRECTION('',0.,0.,1.);
#1410=LINE('',#1201,#1409);
#1411=DIRECTION('',0.891007,0.453990,0.);
#1412=LINE('',#1202,#1411);
#1413=DIRECTION('',0.,0.,-1.);
#1414=LINE('',#1200,#1413);
#1415=EDGE_CURVE('',#1233,#1234,#1408,.T.);
#1416=EDGE_CURVE('',#1234,#1254,#1410,.T.);
#1417=EDGE_CURVE('',#1254,#1253,#1412,.T.);
#1418=EDGE_CURVE('',#1253,#1233,#1414,.T.);
#1419=ORIENTED_EDGE('',*,*,#1415,.T.);
#1420=ORIENTED_EDGE('',*,*,#1416,.T.);
#1421=ORIENTED_EDGE('',*,*,#1417,.T.);
#1422=ORIENTED_EDGE('',*,*,#1418,.T.);
#1423=EDGE_LOOP('',#1419,#1420,#1421,#1422);
#1424=FACE_OUTER_BOUND('',#1423,.T.);
#1425=DIRECTION('',-0.453990,0.891007,0.);
#1426=ADVANCED_FACE('',#1424,#1425,.T.);
#1427=DIRECTION('',-0.707107,-0.707107,0.);
#1428=LINE('',#1201,#1427);
#1429=DIRECTION('',0.,0.,1.);
#1430=LINE('',#1203,#1429);
#1431=DIRECTION('',0.707107,0.707107,0.);
#1432=LINE('',#1204,#1431);
#1433=DIRECTION('',0.,0.,-1.);
#1434=LINE('',#1202,#1433);
#1435=EDGE_CURVE('',#1234,#1235,#1428,.T.);
#1436=EDGE_CURVE('',#1235,#1255,#1430,.T.);
#1437=EDGE_CURVE('',#1255,#1254,#1432,.T.);
#1438=EDGE_CURVE('',#1254,#1234,#1434,.T.);
#1439=ORIENTED_EDGE('',*,*,#1435,.T.);
#1440=ORIENTED_EDGE('',*,*,#1436,.T.);
#1441=ORIENTED_EDGE('',*,*,#1437,.T.);
#1442=ORIENTED_EDGE('',*,*,#1438,.T.);
#1443=EDGE_LOOP('',#1439,#1440,#1441,#1442);
#1444=FACE_OUTER_BOUND('',#1443,.T.);
#1445=DIRECTION('',-0.707107,0.707107,0.);
#1446=ADVANCED_FACE('',#1444,#1445,.T.);
#1447=DIRECTION('',-0.453990,-0.891007,0.);
#1448=LINE('',#1203,#1447);
#1449=DIRECTION('',0.,0.,1.);
#1450=LINE('',#1205,#1449);
#1451=DIRECTION('',0.453990,0.891007,0.);
#1452=LINE('',#1206,#1451);
#1453=DIRECTION('',0.,0.,-1.);
#1454=LINE('',#1204,#1453);
#1455=EDGE_CURVE('',#1235,#1236,#1448,.T.);
#1456=EDGE_CURVE('',#1236,#1256,#1450,.T.);
#1457=EDGE_CURVE('',#1256,#1255,#1452,.T.);
#1458=EDGE_CURVE('',#1255,#1235,#1454,.T.);
#1459=ORIENTED_EDGE('',*,*,#1455,.T.);
#1460=ORIENTED_EDGE('',*,*,#1456,.T.);
#1461=ORIENTED_EDGE('',*,*,#1457,.T.);
#1462=ORIENTED_EDGE('',*,*,#1458,.T.);
#1463=EDGE_LOOP('',#1459,#1460,#1461,#1462);
#1464=FACE_OUTER_BOUND('',#1463,.T.);
#1465=DIRECTION('',-0.891007,0.453990,0.);
#1466=ADVANCED_FACE('',#1464,#1465,.T.);
#1467=DIRECTION('',-0.156434,-0.987688,0.);
#1468=LINE('',#1205,#1467);
#1469=DIRECTION('',0.,0.,1.);
#1470=LINE('',#1207,#1469);
#1471=DIRECTION('',0.156434,0.987688,0.);
#1472=LINE('',#1208,#1471);
#1473=DIRECTION('',0.,0.,-1.);
#1474=LINE('',#1206,#1473);
#1475=EDGE_CURVE('',#1236,#1237,#1468,.T.);
#1476=EDGE_CURVE('',#1237,#1257,#1470,.T.);
#1477=EDGE_CURVE('',#1257,#1256,#1472,.T.);
#1478=EDGE_CURVE('',#1256,#1236,#1474,.T.);
#1479=ORIENTED_EDGE('',*,*,#1475,.T.);
#1480=ORIENTED_EDGE('',*,*,#1476,.T.);
#1481=ORIENTED_EDGE('',*,*,#1477,.T.);
#1482=ORIENTED_EDGE('',*,*,#1478,.T.);
#1483=EDGE_LOOP('',#1479,#1480,#1481,#1482);
#1484=FACE_OUTER_BOUND('',#1483,.T.);
#1485=DIRECTION('',-0.987688,0.156434,0.);
#1486=ADVANCED_FACE('',#1484,#1485,.T.);
#1487=DIRECTION('',0.156434,-0.987688,0.);
#1488=LINE('',#1207,#1487);
#1489=DIRECTION('',0.,0.,1.);
#1490=LINE('',#1209,#1489);
#1491=DIRECTION('',-0.156434,0.987688,0.);
#1492=LINE('',#1210,#1491);
#1493=DIRECTION('',0.,0.,-1.);
#1494=LINE('',#1208,#1493);
#1495=EDGE_CURVE('',#1237,#1238,#1488,.T.);
#1496=EDGE_CURVE('',#1238,#1258,#1490,.T.);
#1497=EDGE_CURVE('',#1258,#1257,#1492,.T.);
#1498=EDGE_CURVE('',#1257,#1237,#1494,.T.);
#1499=ORIENTED_EDGE('',*,*,#1495,.T.);
#1500=ORIENTED_EDGE('',*,*,#1496,.T.);
#1501=ORIENTED_EDGE('',*,*,#1497,.T.);
#1502=ORIENTED_EDGE('',*,*,#1498,.T.);
#1503=EDGE_LOOP('',#1499,#1500,#1501,#1502);
#1504=FACE_OUTER_BOUND('',#1503,.T.);
#1505=DIRECTION('',-0.987688,-0.156434,0.);
#1506=ADVANCED_FACE('',#1504,#1505,.T.);
#1507=DIRECTION('',0.453990,-0.891007,0.);
#1508=LINE('',#1209,#1507);
#1509=DIRECTION('',0.,0.,1.);
#1510=LINE('',#1211,#1509);
#1511=DIRECTION('',-0.453990,0.891007,0.);
#1512=LINE('',#1212,#1511);
#1513=DIRECTION('',0.,0.,-1.);
#1514=LINE('',#1210,#1513);
#1515=EDGE_CURVE('',#1238,#1239,#1508,.T.);
#1516=EDGE_CURVE('',#1239,#1259,#1510,.T.);
#1517=EDGE_CURVE('',#1259,#1258,#1512,.T.);
#1518=EDGE_CURVE('',#1258,#1238,#1514,.T.);
#1519=ORIENTED_EDGE('',*,*,#1515,.T.);
#1520=ORIENTED_EDGE('',*,*,#1516,.T.);
#1521=ORIENTED_EDGE('',*,*,#1517,.T.);
#1522=ORIENTED_EDGE('',*,*,#1518,.T.);
#1523=EDGE_LOOP('',#1519,#1520,#1521,#1522);
#1524=FACE_OUTER_BOUND('',#1523,.T.);
#1525=DIRECTION('',-0.891007,-0.453990,0.);
#1526=ADVANCED_FACE('',#1524,#1525,.T.);
#1527=DIRECTION('',0.707107,-0.707107,0.);
#1528=LINE('',#1211,#1527);
#1529=DIRECTION('',0.,0.,1.);
#1530=LINE('',#1213,#1529);
#1531=DIRECTION('',-0.707107,0.707107,0.);
#1532=LINE('',#1214,#1531);
#1533=DIRECTION('',0.,0.,-1.);
#1534=LINE('',#1212,#1533);
#1535=EDGE_CURVE('',#1239,#1240,#1528,.T.);
#1536=EDGE_CURVE('',#1240,#1260,#1530,.T.);
#1537=EDGE_CURVE('',#1260,#1259,#1532,.T.);
#1538=EDGE_CURVE('',#1259,#1239,#1534,.T.);
#1539=ORIENTED_EDGE('',*,*,#1535,.T.);
#1540=ORIENTED_EDGE('',*,*,#1536,.T.);
#1541=ORIENTED_EDGE('',*,*,#1537,.T.);
#1542=ORIENTED_EDGE('',*,*,#1538,.T.);
#1543=EDGE_LOOP('',#1539,#1540,#1541,#1542);
#1544=FACE_OUTER_BOUND('',#1543,.T.);
#1545=DIRECTION('',-0.707107,-0.707107,0.);
#1546=ADVANCED_FACE('',#1544,#1545,.T.);
#1547=DIRECTION('',0.891007,-0.453990,0.);
#1548=LINE('',#1213,#1547);
#1549=DIRECTION('',0.,0.,1.);
#1550=LINE('',#1215,#1549);
#1551=DIRECTION('',-0.891007,0.453990,0.);
#1552=LINE('',#1216,#1551);
#1553=DIRECTION('',0.,0.,-1.);
#1554=LINE('',#1214,#1553);
#1555=EDGE_CURVE('',#1240,#1241,#1548,.T.);
#1556=EDGE_CURVE('',#1241,#1261,#1550,.T.);
#1557=EDGE_CURVE('',#1261,#1260,#1552,.T.);
#1558=EDGE_CURVE('',#1260,#1240,#1554,.T.);
#1559=ORIENTED_EDGE('',*,*,#1555,.T.);
#1560=ORIENTED_EDGE('',*,*,#1556,.T.);
#1561=ORIENTED_EDGE('',*,*,#1557,.T.);
#1562=ORIENTED_EDGE('',*,*,#1558,.T.);
#1563=EDGE_LOOP('',#1559,#1560,#1561,#1562);
#1564=FACE_OUTER_BOUND('',#1563,.T.);
#1565=DIRECTION('',-0.453990,-0.891007,0.);
#1566=ADVANCED_FACE('',#1564,#1565,.T.);
#1567=DIRECTION('',0.987688,-0.156434,0.);
#1568=LINE('',#1215,#1567);
#1569=DIRECTION('',0.,0.,1.);
#1570=LINE('',#1217,#1569);
#1571=DIRECTION('',-0.987688,0.156434,0.);
#1572=LINE('',#1218,#1571);
#1573=DIRECTION('',0.,0.,-1.);
#1574=LINE('',#1216,#1573);
#1575=EDGE_CURVE('',#1241,#1242,#1568,.T.);
#1576=EDGE_CURVE('',#1242,#1262,#1570,.T.);
#1577=EDGE_CURVE('',#1262,#1261,#1572,.T.);
#1578=EDGE_CURVE('',#1261,#1241,#1574,.T.);
#1579=ORIENTED_EDGE('',*,*,#1575,.T.);
#1580=ORIENTED_EDGE('',*,*,#1576,.T.);
#1581=ORIENTED_EDGE('',*,*,#1577,.T.);
#1582=ORIENTED_EDGE('',*,*,#1578,.T.);
#1583=EDGE_LOOP('',#1579,#1580,#1581,#1582);
#1584=FACE_OUTER_BOUND('',#1583,.T.);
#1585=DIRECTION('',-0.156434,-0.987688,0.);
#1586=ADVANCED_FACE('',#1584,#1585,.T.);
#1587=DIRECTION('',0.987688,0.156434,0.);
#1588=LINE('',#1217,#1587);
#1589=DIRECTION('',0.,0.,1.);
#1590=LINE('',#1219,#1589);
#1591=DIRECTION('',-0.987688,-0.156434,0.);
#1592=LINE('',#1220,#1591);
#1593=DIRECTION('',0.,0.,-1.);
#1594=LINE('',#1218,#1593);
#1595=EDGE_CURVE('',#1242,#1243,#1588,.T.);
#1596=EDGE_CURVE('',#1243,#1263,#1590,.T.);
#1597=EDGE_CURVE('',#1263,#1262,#1592,.T.);
#1598=EDGE_CURVE('',#1262,#1242,#1594,.T.);
#1599=ORIENTED_EDGE('',*,*,#1595,.T.);
#1600=ORIENTED_EDGE('',*,*,#1596,.T.);
#1601=ORIENTED_EDGE('',*,*,#1597,.T.);
#1602=ORIENTED_EDGE('',*,*,#1598,.T.);
#1603=EDGE_LOOP('',#1599,#1600,#1601,#1602);
#1604=FACE_OUTER_BOUND('',#1603,.T.);
#1605=DIRECTION('',0.156434,-0.987688,0.);
#1606=ADVANCED_FACE('',#1604,#1605,.T.);
#1607=DIRECTION('',0.891007,0.453990,0.);
#1608=LINE('',#1219,#1607);
#1609=DIRECTION('',0.,0.,1.);
#1610=LINE('',#1221,#1609);
#1611=DIRECTION('',-0.891007,-0.453990,0.);
#1612=LINE('',#1222,#1611);
#1613=DIRECTION('',0.,0.,-1.);
#1614=LINE('',#1220,#1613);
#1615=EDGE_CURVE('',#1243,#1244,#1608,.T.);
#1616=EDGE_CURVE('',#1244,#1264,#1610,.T.);
#1617=EDGE_CURVE('',#1264,#1263,#1612,.T.);
#1618=EDGE_CURVE('',#1263,#1243,#1614,.T.);
#1619=ORIENTED_EDGE('',*,*,#1615,.T.);
#1620=ORIENTED_EDGE('',*,*,#1616,.T.);
#1621=ORIENTED_EDGE('',*,*,#1617,.T.);
#1622=ORIENTED_EDGE('',*,*,#1618,.T.);
#1623=EDGE_LOOP('',#1619,#1620,#1621,#1622);
#1624=FACE_OUTER_BOUND('',#1623,.T.);
#1625=DIRECTION('',0.453990,-0.891007,0.);
#1626=ADVANCED_FACE('',#1624,#1625,.T.);
#1627=DIRECTION('',0.707107,0.707107,0.);
#1628=LINE('',#1221,#1627);
#1629=DIRECTION('',0.,0.,1.);
#1630=LINE('',#1223,#1629);
#1631=DIRECTION('',-0.707107,-0.707107,0.);
#1632=LINE('',#1224,#1631);
#1633=DIRECTION('',0.,0.,-1.);
#1634=LINE('',#1222,#1633);
#1635=EDGE_CURVE('',#1244,#1245,#1628,.T.);
#1636=EDGE_CURVE('',#1245,#1265,#1630,.T.);
#1637=EDGE_CURVE('',#1265,#1264,#1632,.T.);
#1638=EDGE_CURVE('',#1264,#1244,#1634,.T.);
#1639=ORIENTED_EDGE('',*,*,#1635,.T.);
#1640=ORIENTED_EDGE('',*,*,#1636,.T.);
#1641=ORIENTED_EDGE('',*,*,#1637,.T.);
#1642=ORIENTED_EDGE('',*,*,#1638,.T.);
#1643=EDGE_LOOP('',#1639,#1640,#1641,#1642);
#1644=FACE_OUTER_BOUND('',#1643,.T.);
#1645=DIRECTION('',0.707107,-0.707107,0.);
#1646=ADVANCED_FACE('',#1644,#1645,.T.);
#1647=DIRECTION('',0.453990,0.891007,0.);
#1648=LINE('',#1223,#1647);
#1649=DIRECTION('',0.,0.,1.);
#1650=LINE('',#1225,#1649);
#1651=DIRECTION('',-0.453990,-0.891007,0.);
#1652=LINE('',#1226,#1651);
#1653=DIRECTION('',0.,0.,-1.);
#1654=LINE('',#1224,#1653);
#1655=EDGE_CURVE('',#1245,#1246,#1648,.T.);
#1656=EDGE_CURVE('',#1246,#1266,#1650,.T.);
#1657=EDGE_CURVE('',#1266,#1265,#1652,.T.);
#1658=EDGE_CURVE('',#1265,#1245,#1654,.T.);
#1659=ORIENTED_EDGE('',*,*,#1655,.T.);
#1660=ORIENTED_EDGE('',*,*,#1656,.T.);
#1661=ORIENTED_EDGE('',*,*,#1657,.T.);
#1662=ORIENTED_EDGE('',*,*,#1658,.T.);
#1663=EDGE_LOOP('',#1659,#1660,#1661,#1662);
#1664=FACE_OUTER_BOUND('',#1663,.T.);
#1665=DIRECTION('',0.891007,-0.453990,0.);
#1666=ADVANCED_FACE('',#1664,#1665,.T.);
#1667=DIRECTION('',0.156434,0.987688,0.);
#1668=LINE('',#1225,#1667);
#1669=DIRECTION('',0.,0.,1.);
#1670=LINE('',#1187,#1669);
#1671=DIRECTION('',-0.156434,-0.987688,0.);
#1672=LINE('',#1188,#1671);
#1673=DIRECTION('',0.,0.,-1.);
#1674=LINE('',#1226,#1673);
#1675=EDGE_CURVE('',#1246,#1227,#1668,.T.);
#1676=EDGE_CURVE('',#1227,#1247,#1670,.T.);
#1677=EDGE_CURVE('',#1247,#1266,#1672,.T.);
#1678=EDGE_CURVE('',#1266,#1246,#1674,.T.);
#1679=ORIENTED_EDGE('',*,*,#1675,.T.);
#1680=ORIENTED_EDGE('',*,*,#1676,.T.);
#1681=ORIENTED_EDGE('',*,*,#1677,.T.);
#1682=ORIENTED_EDGE('',*,*,#1678,.T.);
#1683=EDGE_LOOP('',#1679,#1680,#1681,#1682);
#1684=FACE_OUTER_BOUND('',#1683,.T.);
#1685=DIRECTION('',-0.987688,0.156434,0.);
#1686=ADVANCED_FACE('',#1684,#1685,.T.);
#1687=CLOSED_SHELL('',#1276,#1286,#1306,#1326,#1346,#1366,#1386,#1406,#1426,#1446,#1466,#1486,#1506,#1526,#1546,#1566,#1586,#1606,#1626,#1646,#1666,#1686);
#1688=MANIFOLD_SOLID_BREP('',#1687);
#1689=CARTESIAN_POINT('',(190.000000,10.000000,-0.100000));
#1690=DIRECTION('',0.,0.,1.);
#1691=DIRECTION('',1.,0.,0.);
#1692=AXIS2_PLACEMENT_3D('',#1689,#1690,#1691);
#1693=ADVANCED_BREP_SHAPE_REPRESENTATION('',#1688,#1692);
#1694=SHAPE_DEFINITION_REPRESENTATION(#1186,#1693);
#1695=PRODUCT('MountingHole_3','M3 Mounting Hole 3','M3 mounting hole',('mechanical'));
#1696=PRODUCT_DEFINITION_FORMATION('',#1695);
#1697=PRODUCT_DEFINITION('design','',#1696,#1);
#1698=PRODUCT_DEFINITION_SHAPE('','',#1697);
#1699=CARTESIAN_POINT('',(191.600000,190.000000,-0.100000));
#1700=CARTESIAN_POINT('',(191.600000,190.000000,2.100000));
#1701=CARTESIAN_POINT('',(191.521690,190.494427,-0.100000));
#1702=CARTESIAN_POINT('',(191.521690,190.494427,2.100000));
#1703=CARTESIAN_POINT('',(191.294427,190.940456,-0.100000));
#1704=CARTESIAN_POINT('',(191.294427,190.940456,2.100000));
#1705=CARTESIAN_POINT('',(190.940456,191.294427,-0.100000));
#1706=CARTESIAN_POINT('',(190.940456,191.294427,2.100000));
#1707=CARTESIAN_POINT('',(190.494427,191.521690,-0.100000));
#1708=CARTESIAN_POINT('',(190.494427,191.521690,2.100000));
#1709=CARTESIAN_POINT('',(190.000000,191.600000,-0.100000));
#1710=CARTESIAN_POINT('',(190.000000,191.600000,2.100000));
#1711=CARTESIAN_POINT('',(189.505573,191.521690,-0.100000));
#1712=CARTESIAN_POINT('',(189.505573,191.521690,2.100000));
#1713=CARTESIAN_POINT('',(189.059544,191.294427,-0.100000));
#1714=CARTESIAN_POINT('',(189.059544,191.294427,2.100000));
#1715=CARTESIAN_POINT('',(188.705573,190.940456,-0.100000));
#1716=CARTESIAN_POINT('',(188.705573,190.940456,2.100000));
#1717=CARTESIAN_POINT('',(188.478310,190.494427,-0.100000));
#1718=CARTESIAN_POINT('',(188.478310,190.494427,2.100000));
#1719=CARTESIAN_POINT('',(188.400000,190.000000,-0.100000));
#1720=CARTESIAN_POINT('',(188.400000,190.000000,2.100000));
#1721=CARTESIAN_POINT('',(188.478310,189.505573,-0.100000));
#1722=CARTESIAN_POINT('',(188.478310,189.505573,2.100000));
#1723=CARTESIAN_POINT('',(188.705573,189.059544,-0.100000));
#1724=CARTESIAN_POINT('',(188.705573,189.059544,2.100000));
#1725=CARTESIAN_POINT('',(189.059544,188.705573,-0.100000));
#1726=CARTESIAN_POINT('',(189.059544,188.705573,2.100000));
#1727=CARTESIAN_POINT('',(189.505573,188.478310,-0.100000));
#1728=CARTESIAN_POINT('',(189.505573,188.478310,2.100000));
#1729=CARTESIAN_POINT('',(190.000000,188.400000,-0.100000));
#1730=CARTESIAN_POINT('',(190.000000,188.400000,2.100000));
#1731=CARTESIAN_POINT('',(190.494427,188.478310,-0.100000));
#1732=CARTESIAN_POINT('',(190.494427,188.478310,2.100000));
#1733=CARTESIAN_POINT('',(190.940456,188.705573,-0.100000));
#1734=CARTESIAN_POINT('',(190.940456,188.705573,2.100000));
#1735=CARTESIAN_POINT('',(191.294427,189.059544,-0.100000));
#1736=CARTESIAN_POINT('',(191.294427,189.059544,2.100000));
#1737=CARTESIAN_POINT('',(191.521690,189.505573,-0.100000));
#1738=CARTESIAN_POINT('',(191.521690,189.505573,2.100000));
#1739=VERTEX_POINT('',#1699);
#1740=VERTEX_POINT('',#1701);
#1741=VERTEX_POINT('',#1703);
#1742=VERTEX_POINT('',#1705);
#1743=VERTEX_POINT('',#1707);
#1744=VERTEX_POINT('',#1709);
#1745=VERTEX_POINT('',#1711);
#1746=VERTEX_POINT('',#1713);
#1747=VERTEX_POINT('',#1715);
#1748=VERTEX_POINT('',#1717);
#1749=VERTEX_POINT('',#1719);
#1750=VERTEX_POINT('',#1721);
#1751=VERTEX_POINT('',#1723);
#1752=VERTEX_POINT('',#1725);
#1753=VERTEX_POINT('',#1727);
#1754=VERTEX_POINT('',#1729);
#1755=VERTEX_POINT('',#1731);
#1756=VERTEX_POINT('',#1733);
#1757=VERTEX_POINT('',#1735);
#1758=VERTEX_POINT('',#1737);
#1759=VERTEX_POINT('',#1700);
#1760=VERTEX_POINT('',#1702);
#1761=VERTEX_POINT('',#1704);
#1762=VERTEX_POINT('',#1706);
#1763=VERTEX_POINT('',#1708);
#1764=VERTEX_POINT('',#1710);
#1765=VERTEX_POINT('',#1712);
#1766=VERTEX_POINT('',#1714);
#1767=VERTEX_POINT('',#1716);
#1768=VERTEX_POINT('',#1718);
#1769=VERTEX_POINT('',#1720);
#1770=VERTEX_POINT('',#1722);
#1771=VERTEX_POINT('',#1724);
#1772=VERTEX_POINT('',#1726);
#1773=VERTEX_POINT('',#1728);
#1774=VERTEX_POINT('',#1730);
#1775=VERTEX_POINT('',#1732);
#1776=VERTEX_POINT('',#1734);
#1777=VERTEX_POINT('',#1736);
#1778=VERTEX_POINT('',#1738);
#1779=CARTESIAN_POINT('',(190.000000,190.000000,-0.100000));
#1780=DIRECTION('',0.,0.,-1.);
#1781=DIRECTION('',1.,0.,0.);
#1782=AXIS2_PLACEMENT_3D('',#1779,#1780,#1781);
#1783=CIRCLE('',#1782,1.600000);
#1784=EDGE_CURVE('',#1739,#1739,#1783,.T.);
#1785=ORIENTED_EDGE('',*,*,#1784,.T.);
#1786=EDGE_LOOP('',#1785);
#1787=FACE_OUTER_BOUND('',#1786,.T.);
#1788=ADVANCED_FACE('',#1787,#1780,.T.);
#1789=CARTESIAN_POINT('',(190.000000,190.000000,2.100000));
#1790=DIRECTION('',0.,0.,1.);
#1791=DIRECTION('',1.,0.,0.);
#1792=AXIS2_PLACEMENT_3D('',#1789,#1790,#1791);
#1793=CIRCLE('',#1792,1.600000);
#1794=EDGE_CURVE('',#1759,#1759,#1793,.T.);
#1795=ORIENTED_EDGE('',*,*,#1794,.T.);
#1796=EDGE_LOOP('',#1795);
#1797=FACE_OUTER_BOUND('',#1796,.T.);
#1798=ADVANCED_FACE('',#1797,#1790,.T.);
#1799=DIRECTION('',-0.156434,0.987688,0.);
#1800=LINE('',#1699,#1799);
#1801=DIRECTION('',0.,0.,1.);
#1802=LINE('',#1701,#1801);
#1803=DIRECTION('',0.156434,-0.987688,0.);
#1804=LINE('',#1702,#1803);
#1805=DIRECTION('',0.,0.,-1.);
#1806=LINE('',#1700,#1805);
#1807=EDGE_CURVE('',#1739,#1740,#1800,.T.);
#1808=EDGE_CURVE('',#1740,#1760,#1802,.T.);
#1809=EDGE_CURVE('',#1760,#1759,#1804,.T.);
#1810=EDGE_CURVE('',#1759,#1739,#1806,.T.);
#1811=ORIENTED_EDGE('',*,*,#1807,.T.);
#1812=ORIENTED_EDGE('',*,*,#1808,.T.);
#1813=ORIENTED_EDGE('',*,*,#1809,.T.);
#1814=ORIENTED_EDGE('',*,*,#1810,.T.);
#1815=EDGE_LOOP('',#1811,#1812,#1813,#1814);
#1816=FACE_OUTER_BOUND('',#1815,.T.);
#1817=DIRECTION('',0.987688,0.156434,0.);
#1818=ADVANCED_FACE('',#1816,#1817,.T.);
#1819=DIRECTION('',-0.453990,0.891007,0.);
#1820=LINE('',#1701,#1819);
#1821=DIRECTION('',0.,0.,1.);
#1822=LINE('',#1703,#1821);
#1823=DIRECTION('',0.453990,-0.891007,0.);
#1824=LINE('',#1704,#1823);
#1825=DIRECTION('',0.,0.,-1.);
#1826=LINE('',#1702,#1825);
#1827=EDGE_CURVE('',#1740,#1741,#1820,.T.);
#1828=EDGE_CURVE('',#1741,#1761,#1822,.T.);
#1829=EDGE_CURVE('',#1761,#1760,#1824,.T.);
#1830=EDGE_CURVE('',#1760,#1740,#1826,.T.);
#1831=ORIENTED_EDGE('',*,*,#1827,.T.);
#1832=ORIENTED_EDGE('',*,*,#1828,.T.);
#1833=ORIENTED_EDGE('',*,*,#1829,.T.);
#1834=ORIENTED_EDGE('',*,*,#1830,.T.);
#1835=EDGE_LOOP('',#1831,#1832,#1833,#1834);
#1836=FACE_OUTER_BOUND('',#1835,.T.);
#1837=DIRECTION('',0.891007,0.453990,0.);
#1838=ADVANCED_FACE('',#1836,#1837,.T.);
#1839=DIRECTION('',-0.707107,0.707107,0.);
#1840=LINE('',#1703,#1839);
#1841=DIRECTION('',0.,0.,1.);
#1842=LINE('',#1705,#1841);
#1843=DIRECTION('',0.707107,-0.707107,0.);
#1844=LINE('',#1706,#1843);
#1845=DIRECTION('',0.,0.,-1.);
#1846=LINE('',#1704,#1845);
#1847=EDGE_CURVE('',#1741,#1742,#1840,.T.);
#1848=EDGE_CURVE('',#1742,#1762,#1842,.T.);
#1849=EDGE_CURVE('',#1762,#1761,#1844,.T.);
#1850=EDGE_CURVE('',#1761,#1741,#1846,.T.);
#1851=ORIENTED_EDGE('',*,*,#1847,.T.);
#1852=ORIENTED_EDGE('',*,*,#1848,.T.);
#1853=ORIENTED_EDGE('',*,*,#1849,.T.);
#1854=ORIENTED_EDGE('',*,*,#1850,.T.);
#1855=EDGE_LOOP('',#1851,#1852,#1853,#1854);
#1856=FACE_OUTER_BOUND('',#1855,.T.);
#1857=DIRECTION('',0.707107,0.707107,0.);
#1858=ADVANCED_FACE('',#1856,#1857,.T.);
#1859=DIRECTION('',-0.891007,0.453990,0.);
#1860=LINE('',#1705,#1859);
#1861=DIRECTION('',0.,0.,1.);
#1862=LINE('',#1707,#1861);
#1863=DIRECTION('',0.891007,-0.453990,0.);
#1864=LINE('',#1708,#1863);
#1865=DIRECTION('',0.,0.,-1.);
#1866=LINE('',#1706,#1865);
#1867=EDGE_CURVE('',#1742,#1743,#1860,.T.);
#1868=EDGE_CURVE('',#1743,#1763,#1862,.T.);
#1869=EDGE_CURVE('',#1763,#1762,#1864,.T.);
#1870=EDGE_CURVE('',#1762,#1742,#1866,.T.);
#1871=ORIENTED_EDGE('',*,*,#1867,.T.);
#1872=ORIENTED_EDGE('',*,*,#1868,.T.);
#1873=ORIENTED_EDGE('',*,*,#1869,.T.);
#1874=ORIENTED_EDGE('',*,*,#1870,.T.);
#1875=EDGE_LOOP('',#1871,#1872,#1873,#1874);
#1876=FACE_OUTER_BOUND('',#1875,.T.);
#1877=DIRECTION('',0.453990,0.891007,0.);
#1878=ADVANCED_FACE('',#1876,#1877,.T.);
#1879=DIRECTION('',-0.987688,0.156434,0.);
#1880=LINE('',#1707,#1879);
#1881=DIRECTION('',0.,0.,1.);
#1882=LINE('',#1709,#1881);
#1883=DIRECTION('',0.987688,-0.156434,0.);
#1884=LINE('',#1710,#1883);
#1885=DIRECTION('',0.,0.,-1.);
#1886=LINE('',#1708,#1885);
#1887=EDGE_CURVE('',#1743,#1744,#1880,.T.);
#1888=EDGE_CURVE('',#1744,#1764,#1882,.T.);
#1889=EDGE_CURVE('',#1764,#1763,#1884,.T.);
#1890=EDGE_CURVE('',#1763,#1743,#1886,.T.);
#1891=ORIENTED_EDGE('',*,*,#1887,.T.);
#1892=ORIENTED_EDGE('',*,*,#1888,.T.);
#1893=ORIENTED_EDGE('',*,*,#1889,.T.);
#1894=ORIENTED_EDGE('',*,*,#1890,.T.);
#1895=EDGE_LOOP('',#1891,#1892,#1893,#1894);
#1896=FACE_OUTER_BOUND('',#1895,.T.);
#1897=DIRECTION('',0.156434,0.987688,0.);
#1898=ADVANCED_FACE('',#1896,#1897,.T.);
#1899=DIRECTION('',-0.987688,-0.156434,0.);
#1900=LINE('',#1709,#1899);
#1901=DIRECTION('',0.,0.,1.);
#1902=LINE('',#1711,#1901);
#1903=DIRECTION('',0.987688,0.156434,0.);
#1904=LINE('',#1712,#1903);
#1905=DIRECTION('',0.,0.,-1.);
#1906=LINE('',#1710,#1905);
#1907=EDGE_CURVE('',#1744,#1745,#1900,.T.);
#1908=EDGE_CURVE('',#1745,#1765,#1902,.T.);
#1909=EDGE_CURVE('',#1765,#1764,#1904,.T.);
#1910=EDGE_CURVE('',#1764,#1744,#1906,.T.);
#1911=ORIENTED_EDGE('',*,*,#1907,.T.);
#1912=ORIENTED_EDGE('',*,*,#1908,.T.);
#1913=ORIENTED_EDGE('',*,*,#1909,.T.);
#1914=ORIENTED_EDGE('',*,*,#1910,.T.);
#1915=EDGE_LOOP('',#1911,#1912,#1913,#1914);
#1916=FACE_OUTER_BOUND('',#1915,.T.);
#1917=DIRECTION('',-0.156434,0.987688,0.);
#1918=ADVANCED_FACE('',#1916,#1917,.T.);
#1919=DIRECTION('',-0.891007,-0.453990,0.);
#1920=LINE('',#1711,#1919);
#1921=DIRECTION('',0.,0.,1.);
#1922=LINE('',#1713,#1921);
#1923=DIRECTION('',0.891007,0.453990,0.);
#1924=LINE('',#1714,#1923);
#1925=DIRECTION('',0.,0.,-1.);
#1926=LINE('',#1712,#1925);
#1927=EDGE_CURVE('',#1745,#1746,#1920,.T.);
#1928=EDGE_CURVE('',#1746,#1766,#1922,.T.);
#1929=EDGE_CURVE('',#1766,#1765,#1924,.T.);
#1930=EDGE_CURVE('',#1765,#1745,#1926,.T.);
#1931=ORIENTED_EDGE('',*,*,#1927,.T.);
#1932=ORIENTED_EDGE('',*,*,#1928,.T.);
#1933=ORIENTED_EDGE('',*,*,#1929,.T.);
#1934=ORIENTED_EDGE('',*,*,#1930,.T.);
#1935=EDGE_LOOP('',#1931,#1932,#1933,#1934);
#1936=FACE_OUTER_BOUND('',#1935,.T.);
#1937=DIRECTION('',-0.453990,0.891007,0.);
#1938=ADVANCED_FACE('',#1936,#1937,.T.);
#1939=DIRECTION('',-0.707107,-0.707107,0.);
#1940=LINE('',#1713,#1939);
#1941=DIRECTION('',0.,0.,1.);
#1942=LINE('',#1715,#1941);
#1943=DIRECTION('',0.707107,0.707107,0.);
#1944=LINE('',#1716,#1943);
#1945=DIRECTION('',0.,0.,-1.);
#1946=LINE('',#1714,#1945);
#1947=EDGE_CURVE('',#1746,#1747,#1940,.T.);
#1948=EDGE_CURVE('',#1747,#1767,#1942,.T.);
#1949=EDGE_CURVE('',#1767,#1766,#1944,.T.);
#1950=EDGE_CURVE('',#1766,#1746,#1946,.T.);
#1951=ORIENTED_EDGE('',*,*,#1947,.T.);
#1952=ORIENTED_EDGE('',*,*,#1948,.T.);
#1953=ORIENTED_EDGE('',*,*,#1949,.T.);
#1954=ORIENTED_EDGE('',*,*,#1950,.T.);
#1955=EDGE_LOOP('',#1951,#1952,#1953,#1954);
#1956=FACE_OUTER_BOUND('',#1955,.T.);
#1957=DIRECTION('',-0.707107,0.707107,0.);
#1958=ADVANCED_FACE('',#1956,#1957,.T.);
#1959=DIRECTION('',-0.453990,-0.891007,0.);
#1960=LINE('',#1715,#1959);
#1961=DIRECTION('',0.,0.,1.);
#1962=LINE('',#1717,#1961);
#1963=DIRECTION('',0.453990,0.891007,0.);
#1964=LINE('',#1718,#1963);
#1965=DIRECTION('',0.,0.,-1.);
#1966=LINE('',#1716,#1965);
#1967=EDGE_CURVE('',#1747,#1748,#1960,.T.);
#1968=EDGE_CURVE('',#1748,#1768,#1962,.T.);
#1969=EDGE_CURVE('',#1768,#1767,#1964,.T.);
#1970=EDGE_CURVE('',#1767,#1747,#1966,.T.);
#1971=ORIENTED_EDGE('',*,*,#1967,.T.);
#1972=ORIENTED_EDGE('',*,*,#1968,.T.);
#1973=ORIENTED_EDGE('',*,*,#1969,.T.);
#1974=ORIENTED_EDGE('',*,*,#1970,.T.);
#1975=EDGE_LOOP('',#1971,#1972,#1973,#1974);
#1976=FACE_OUTER_BOUND('',#1975,.T.);
#1977=DIRECTION('',-0.891007,0.453990,0.);
#1978=ADVANCED_FACE('',#1976,#1977,.T.);
#1979=DIRECTION('',-0.156434,-0.987688,0.);
#1980=LINE('',#1717,#1979);
#1981=DIRECTION('',0.,0.,1.);
#1982=LINE('',#1719,#1981);
#1983=DIRECTION('',0.156434,0.987688,0.);
#1984=LINE('',#1720,#1983);
#1985=DIRECTION('',0.,0.,-1.);
#1986=LINE('',#1718,#1985);
#1987=EDGE_CURVE('',#1748,#1749,#1980,.T.);
#1988=EDGE_CURVE('',#1749,#1769,#1982,.T.);
#1989=EDGE_CURVE('',#1769,#1768,#1984,.T.);
#1990=EDGE_CURVE('',#1768,#1748,#1986,.T.);
#1991=ORIENTED_EDGE('',*,*,#1987,.T.);
#1992=ORIENTED_EDGE('',*,*,#1988,.T.);
#1993=ORIENTED_EDGE('',*,*,#1989,.T.);
#1994=ORIENTED_EDGE('',*,*,#1990,.T.);
#1995=EDGE_LOOP('',#1991,#1992,#1993,#1994);
#1996=FACE_OUTER_BOUND('',#1995,.T.);
#1997=DIRECTION('',-0.987688,0.156434,0.);
#1998=ADVANCED_FACE('',#1996,#1997,.T.);
#1999=DIRECTION('',0.156434,-0.987688,0.);
#2000=LINE('',#1719,#1999);
#2001=DIRECTION('',0.,0.,1.);
#2002=LINE('',#1721,#2001);
#2003=DIRECTION('',-0.156434,0.987688,0.);
#2004=LINE('',#1722,#2003);
#2005=DIRECTION('',0.,0.,-1.);
#2006=LINE('',#1720,#2005);
#2007=EDGE_CURVE('',#1749,#1750,#2000,.T.);
#2008=EDGE_CURVE('',#1750,#1770,#2002,.T.);
#2009=EDGE_CURVE('',#1770,#1769,#2004,.T.);
#2010=EDGE_CURVE('',#1769,#1749,#2006,.T.);
#2011=ORIENTED_EDGE('',*,*,#2007,.T.);
#2012=ORIENTED_EDGE('',*,*,#2008,.T.);
#2013=ORIENTED_EDGE('',*,*,#2009,.T.);
#2014=ORIENTED_EDGE('',*,*,#2010,.T.);
#2015=EDGE_LOOP('',#2011,#2012,#2013,#2014);
#2016=FACE_OUTER_BOUND('',#2015,.T.);
#2017=DIRECTION('',-0.987688,-0.156434,0.);
#2018=ADVANCED_FACE('',#2016,#2017,.T.);
#2019=DIRECTION('',0.453990,-0.891007,0.);
#2020=LINE('',#1721,#2019);
#2021=DIRECTION('',0.,0.,1.);
#2022=LINE('',#1723,#2021);
#2023=DIRECTION('',-0.453990,0.891007,0.);
#2024=LINE('',#1724,#2023);
#2025=DIRECTION('',0.,0.,-1.);
#2026=LINE('',#1722,#2025);
#2027=EDGE_CURVE('',#1750,#1751,#2020,.T.);
#2028=EDGE_CURVE('',#1751,#1771,#2022,.T.);
#2029=EDGE_CURVE('',#1771,#1770,#2024,.T.);
#2030=EDGE_CURVE('',#1770,#1750,#2026,.T.);
#2031=ORIENTED_EDGE('',*,*,#2027,.T.);
#2032=ORIENTED_EDGE('',*,*,#2028,.T.);
#2033=ORIENTED_EDGE('',*,*,#2029,.T.);
#2034=ORIENTED_EDGE('',*,*,#2030,.T.);
#2035=EDGE_LOOP('',#2031,#2032,#2033,#2034);
#2036=FACE_OUTER_BOUND('',#2035,.T.);
#2037=DIRECTION('',-0.891007,-0.453990,0.);
#2038=ADVANCED_FACE('',#2036,#2037,.T.);
#2039=DIRECTION('',0.707107,-0.707107,0.);
#2040=LINE('',#1723,#2039);
#2041=DIRECTION('',0.,0.,1.);
#2042=LINE('',#1725,#2041);
#2043=DIRECTION('',-0.707107,0.707107,0.);
#2044=LINE('',#1726,#2043);
#2045=DIRECTION('',0.,0.,-1.);
#2046=LINE('',#1724,#2045);
#2047=EDGE_CURVE('',#1751,#1752,#2040,.T.);
#2048=EDGE_CURVE('',#1752,#1772,#2042,.T.);
#2049=EDGE_CURVE('',#1772,#1771,#2044,.T.);
#2050=EDGE_CURVE('',#1771,#1751,#2046,.T.);
#2051=ORIENTED_EDGE('',*,*,#2047,.T.);
#2052=ORIENTED_EDGE('',*,*,#2048,.T.);
#2053=ORIENTED_EDGE('',*,*,#2049,.T.);
#2054=ORIENTED_EDGE('',*,*,#2050,.T.);
#2055=EDGE_LOOP('',#2051,#2052,#2053,#2054);
#2056=FACE_OUTER_BOUND('',#2055,.T.);
#2057=DIRECTION('',-0.707107,-0.707107,0.);
#2058=ADVANCED_FACE('',#2056,#2057,.T.);
#2059=DIRECTION('',0.891007,-0.453990,0.);
#2060=LINE('',#1725,#2059);
#2061=DIRECTION('',0.,0.,1.);
#2062=LINE('',#1727,#2061);
#2063=DIRECTION('',-0.891007,0.453990,0.);
#2064=LINE('',#1728,#2063);
#2065=DIRECTION('',0.,0.,-1.);
#2066=LINE('',#1726,#2065);
#2067=EDGE_CURVE('',#1752,#1753,#2060,.T.);
#2068=EDGE_CURVE('',#1753,#1773,#2062,.T.);
#2069=EDGE_CURVE('',#1773,#1772,#2064,.T.);
#2070=EDGE_CURVE('',#1772,#1752,#2066,.T.);
#2071=ORIENTED_EDGE('',*,*,#2067,.T.);
#2072=ORIENTED_EDGE('',*,*,#2068,.T.);
#2073=ORIENTED_EDGE('',*,*,#2069,.T.);
#2074=ORIENTED_EDGE('',*,*,#2070,.T.);
#2075=EDGE_LOOP('',#2071,#2072,#2073,#2074);
#2076=FACE_OUTER_BOUND('',#2075,.T.);
#2077=DIRECTION('',-0.453990,-0.891007,0.);
#2078=ADVANCED_FACE('',#2076,#2077,.T.);
#2079=DIRECTION('',0.987688,-0.156434,0.);
#2080=LINE('',#1727,#2079);
#2081=DIRECTION('',0.,0.,1.);
#2082=LINE('',#1729,#2081);
#2083=DIRECTION('',-0.987688,0.156434,0.);
#2084=LINE('',#1730,#2083);
#2085=DIRECTION('',0.,0.,-1.);
#2086=LINE('',#1728,#2085);
#2087=EDGE_CURVE('',#1753,#1754,#2080,.T.);
#2088=EDGE_CURVE('',#1754,#1774,#2082,.T.);
#2089=EDGE_CURVE('',#1774,#1773,#2084,.T.);
#2090=EDGE_CURVE('',#1773,#1753,#2086,.T.);
#2091=ORIENTED_EDGE('',*,*,#2087,.T.);
#2092=ORIENTED_EDGE('',*,*,#2088,.T.);
#2093=ORIENTED_EDGE('',*,*,#2089,.T.);
#2094=ORIENTED_EDGE('',*,*,#2090,.T.);
#2095=EDGE_LOOP('',#2091,#2092,#2093,#2094);
#2096=FACE_OUTER_BOUND('',#2095,.T.);
#2097=DIRECTION('',-0.156434,-0.987688,0.);
#2098=ADVANCED_FACE('',#2096,#2097,.T.);
#2099=DIRECTION('',0.987688,0.156434,0.);
#2100=LINE('',#1729,#2099);
#2101=DIRECTION('',0.,0.,1.);
#2102=LINE('',#1731,#2101);
#2103=DIRECTION('',-0.987688,-0.156434,0.);
#2104=LINE('',#1732,#2103);
#2105=DIRECTION('',0.,0.,-1.);
#2106=LINE('',#1730,#2105);
#2107=EDGE_CURVE('',#1754,#1755,#2100,.T.);
#2108=EDGE_CURVE('',#1755,#1775,#2102,.T.);
#2109=EDGE_CURVE('',#1775,#1774,#2104,.T.);
#2110=EDGE_CURVE('',#1774,#1754,#2106,.T.);
#2111=ORIENTED_EDGE('',*,*,#2107,.T.);
#2112=ORIENTED_EDGE('',*,*,#2108,.T.);
#2113=ORIENTED_EDGE('',*,*,#2109,.T.);
#2114=ORIENTED_EDGE('',*,*,#2110,.T.);
#2115=EDGE_LOOP('',#2111,#2112,#2113,#2114);
#2116=FACE_OUTER_BOUND('',#2115,.T.);
#2117=DIRECTION('',0.156434,-0.987688,0.);
#2118=ADVANCED_FACE('',#2116,#2117,.T.);
#2119=DIRECTION('',0.891007,0.453990,0.);
#2120=LINE('',#1731,#2119);
#2121=DIRECTION('',0.,0.,1.);
#2122=LINE('',#1733,#2121);
#2123=DIRECTION('',-0.891007,-0.453990,0.);
#2124=LINE('',#1734,#2123);
#2125=DIRECTION('',0.,0.,-1.);
#2126=LINE('',#1732,#2125);
#2127=EDGE_CURVE('',#1755,#1756,#2120,.T.);
#2128=EDGE_CURVE('',#1756,#1776,#2122,.T.);
#2129=EDGE_CURVE('',#1776,#1775,#2124,.T.);
#2130=EDGE_CURVE('',#1775,#1755,#2126,.T.);
#2131=ORIENTED_EDGE('',*,*,#2127,.T.);
#2132=ORIENTED_EDGE('',*,*,#2128,.T.);
#2133=ORIENTED_EDGE('',*,*,#2129,.T.);
#2134=ORIENTED_EDGE('',*,*,#2130,.T.);
#2135=EDGE_LOOP('',#2131,#2132,#2133,#2134);
#2136=FACE_OUTER_BOUND('',#2135,.T.);
#2137=DIRECTION('',0.453990,-0.891007,0.);
#2138=ADVANCED_FACE('',#2136,#2137,.T.);
#2139=DIRECTION('',0.707107,0.707107,0.);
#2140=LINE('',#1733,#2139);
#2141=DIRECTION('',0.,0.,1.);
#2142=LINE('',#1735,#2141);
#2143=DIRECTION('',-0.707107,-0.707107,0.);
#2144=LINE('',#1736,#2143);
#2145=DIRECTION('',0.,0.,-1.);
#2146=LINE('',#1734,#2145);
#2147=EDGE_CURVE('',#1756,#1757,#2140,.T.);
#2148=EDGE_CURVE('',#1757,#1777,#2142,.T.);
#2149=EDGE_CURVE('',#1777,#1776,#2144,.T.);
#2150=EDGE_CURVE('',#1776,#1756,#2146,.T.);
#2151=ORIENTED_EDGE('',*,*,#2147,.T.);
#2152=ORIENTED_EDGE('',*,*,#2148,.T.);
#2153=ORIENTED_EDGE('',*,*,#2149,.T.);
#2154=ORIENTED_EDGE('',*,*,#2150,.T.);
#2155=EDGE_LOOP('',#2151,#2152,#2153,#2154);
#2156=FACE_OUTER_BOUND('',#2155,.T.);
#2157=DIRECTION('',0.707107,-0.707107,0.);
#2158=ADVANCED_FACE('',#2156,#2157,.T.);
#2159=DIRECTION('',0.453990,0.891007,0.);
#2160=LINE('',#1735,#2159);
#2161=DIRECTION('',0.,0.,1.);
#2162=LINE('',#1737,#2161);
#2163=DIRECTION('',-0.453990,-0.891007,0.);
#2164=LINE('',#1738,#2163);
#2165=DIRECTION('',0.,0.,-1.);
#2166=LINE('',#1736,#2165);
#2167=EDGE_CURVE('',#1757,#1758,#2160,.T.);
#2168=EDGE_CURVE('',#1758,#1778,#2162,.T.);
#2169=EDGE_CURVE('',#1778,#1777,#2164,.T.);
#2170=EDGE_CURVE('',#1777,#1757,#2166,.T.);
#2171=ORIENTED_EDGE('',*,*,#2167,.T.);
#2172=ORIENTED_EDGE('',*,*,#2168,.T.);
#2173=ORIENTED_EDGE('',*,*,#2169,.T.);
#2174=ORIENTED_EDGE('',*,*,#2170,.T.);
#2175=EDGE_LOOP('',#2171,#2172,#2173,#2174);
#2176=FACE_OUTER_BOUND('',#2175,.T.);
#2177=DIRECTION('',0.891007,-0.453990,0.);
#2178=ADVANCED_FACE('',#2176,#2177,.T.);
#2179=DIRECTION('',0.156434,0.987688,0.);
#2180=LINE('',#1737,#2179);
#2181=DIRECTION('',0.,0.,1.);
#2182=LINE('',#1699,#2181);
#2183=DIRECTION('',-0.156434,-0.987688,0.);
#2184=LINE('',#1700,#2183);
#2185=DIRECTION('',0.,0.,-1.);
#2186=LINE('',#1738,#2185);
#2187=EDGE_CURVE('',#1758,#1739,#2180,.T.);
#2188=EDGE_CURVE('',#1739,#1759,#2182,.T.);
#2189=EDGE_CURVE('',#1759,#1778,#2184,.T.);
#2190=EDGE_CURVE('',#1778,#1758,#2186,.T.);
#2191=ORIENTED_EDGE('',*,*,#2187,.T.);
#2192=ORIENTED_EDGE('',*,*,#2188,.T.);
#2193=ORIENTED_EDGE('',*,*,#2189,.T.);
#2194=ORIENTED_EDGE('',*,*,#2190,.T.);
#2195=EDGE_LOOP('',#2191,#2192,#2193,#2194);
#2196=FACE_OUTER_BOUND('',#2195,.T.);
#2197=DIRECTION('',-0.987688,0.156434,0.);
#2198=ADVANCED_FACE('',#2196,#2197,.T.);
#2199=CLOSED_SHELL('',#1788,#1798,#1818,#1838,#1858,#1878,#1898,#1918,#1938,#1958,#1978,#1998,#2018,#2038,#2058,#2078,#2098,#2118,#2138,#2158,#2178,#2198);
#2200=MANIFOLD_SOLID_BREP('',#2199);
#2201=CARTESIAN_POINT('',(190.000000,190.000000,-0.100000));
#2202=DIRECTION('',0.,0.,1.);
#2203=DIRECTION('',1.,0.,0.);
#2204=AXIS2_PLACEMENT_3D('',#2201,#2202,#2203);
#2205=ADVANCED_BREP_SHAPE_REPRESENTATION('',#2200,#2204);
#2206=SHAPE_DEFINITION_REPRESENTATION(#1698,#2205);
#2207=PRODUCT('ShieldBox','Shielding Box','Aluminum enclosure 206x206x15mm',('mechanical'));
#2208=PRODUCT_DEFINITION_FORMATION('',#2207);
#2209=PRODUCT_DEFINITION('design','',#2208,#1);
#2210=PRODUCT_DEFINITION_SHAPE('','',#2209);
#2211=CARTESIAN_POINT('',(-3.000000,-3.000000,16.000000));
#2212=CARTESIAN_POINT('',(203.000000,-3.000000,16.000000));
#2213=CARTESIAN_POINT('',(203.000000,203.000000,16.000000));
#2214=CARTESIAN_POINT('',(-3.000000,203.000000,16.000000));
#2215=CARTESIAN_POINT('',(-3.000000,-3.000000,17.000000));
#2216=CARTESIAN_POINT('',(203.000000,-3.000000,17.000000));
#2217=CARTESIAN_POINT('',(203.000000,203.000000,17.000000));
#2218=CARTESIAN_POINT('',(-3.000000,203.000000,17.000000));
#2219=VERTEX_POINT('',#2211);
#2220=VERTEX_POINT('',#2212);
#2221=VERTEX_POINT('',#2213);
#2222=VERTEX_POINT('',#2214);
#2223=VERTEX_POINT('',#2215);
#2224=VERTEX_POINT('',#2216);
#2225=VERTEX_POINT('',#2217);
#2226=VERTEX_POINT('',#2218);
#2227=DIRECTION('',(0.000000,1.000000,0.000000));
#2228=LINE('',#2211,#2227);
#2229=EDGE_CURVE('',#2219,#2222,#2228,.T.);
#2230=ORIENTED_EDGE('',*,*,#2229,.T.);
#2231=DIRECTION('',(1.000000,0.000000,0.000000));
#2232=LINE('',#2214,#2231);
#2233=EDGE_CURVE('',#2222,#2221,#2232,.T.);
#2234=ORIENTED_EDGE('',*,*,#2233,.T.);
#2235=DIRECTION('',(0.000000,-1.000000,0.000000));
#2236=LINE('',#2213,#2235);
#2237=EDGE_CURVE('',#2221,#2220,#2236,.T.);
#2238=ORIENTED_EDGE('',*,*,#2237,.T.);
#2239=DIRECTION('',(-1.000000,0.000000,0.000000));
#2240=LINE('',#2212,#2239);
#2241=EDGE_CURVE('',#2220,#2219,#2240,.T.);
#2242=ORIENTED_EDGE('',*,*,#2241,.T.);
#2243=EDGE_LOOP('',#2230,#2234,#2238,#2242);
#2244=FACE_OUTER_BOUND('',#2243,.T.);
#2245=DIRECTION('',(0.,0.,-1.));
#2246=ADVANCED_FACE('',#2244,#2245,.T.);
#2247=DIRECTION('',(1.000000,0.000000,0.000000));
#2248=LINE('',#2215,#2247);
#2249=EDGE_CURVE('',#2223,#2224,#2248,.T.);
#2250=ORIENTED_EDGE('',*,*,#2249,.T.);
#2251=DIRECTION('',(0.000000,1.000000,0.000000));
#2252=LINE('',#2216,#2251);
#2253=EDGE_CURVE('',#2224,#2225,#2252,.T.);
#2254=ORIENTED_EDGE('',*,*,#2253,.T.);
#2255=DIRECTION('',(-1.000000,0.000000,0.000000));
#2256=LINE('',#2217,#2255);
#2257=EDGE_CURVE('',#2225,#2226,#2256,.T.);
#2258=ORIENTED_EDGE('',*,*,#2257,.T.);
#2259=DIRECTION('',(0.000000,-1.000000,0.000000));
#2260=LINE('',#2218,#2259);
#2261=EDGE_CURVE('',#2226,#2223,#2260,.T.);
#2262=ORIENTED_EDGE('',*,*,#2261,.T.);
#2263=EDGE_LOOP('',#2250,#2254,#2258,#2262);
#2264=FACE_OUTER_BOUND('',#2263,.T.);
#2265=DIRECTION('',(0.,0.,1.));
#2266=ADVANCED_FACE('',#2264,#2265,.T.);
#2267=DIRECTION('',(1.000000,0.000000,0.000000));
#2268=LINE('',#2211,#2267);
#2269=EDGE_CURVE('',#2219,#2220,#2268,.T.);
#2270=ORIENTED_EDGE('',*,*,#2269,.T.);
#2271=DIRECTION('',(0.000000,0.000000,1.000000));
#2272=LINE('',#2212,#2271);
#2273=EDGE_CURVE('',#2220,#2224,#2272,.T.);
#2274=ORIENTED_EDGE('',*,*,#2273,.T.);
#2275=DIRECTION('',(-1.000000,0.000000,0.000000));
#2276=LINE('',#2216,#2275);
#2277=EDGE_CURVE('',#2224,#2223,#2276,.T.);
#2278=ORIENTED_EDGE('',*,*,#2277,.T.);
#2279=DIRECTION('',(0.000000,0.000000,-1.000000));
#2280=LINE('',#2215,#2279);
#2281=EDGE_CURVE('',#2223,#2219,#2280,.T.);
#2282=ORIENTED_EDGE('',*,*,#2281,.T.);
#2283=EDGE_LOOP('',#2270,#2274,#2278,#2282);
#2284=FACE_OUTER_BOUND('',#2283,.T.);
#2285=DIRECTION('',(0.,-1.,0.));
#2286=ADVANCED_FACE('',#2284,#2285,.T.);
#2287=DIRECTION('',(0.000000,0.000000,1.000000));
#2288=LINE('',#2214,#2287);
#2289=EDGE_CURVE('',#2222,#2226,#2288,.T.);
#2290=ORIENTED_EDGE('',*,*,#2289,.T.);
#2291=DIRECTION('',(1.000000,0.000000,0.000000));
#2292=LINE('',#2218,#2291);
#2293=EDGE_CURVE('',#2226,#2225,#2292,.T.);
#2294=ORIENTED_EDGE('',*,*,#2293,.T.);
#2295=DIRECTION('',(0.000000,0.000000,-1.000000));
#2296=LINE('',#2217,#2295);
#2297=EDGE_CURVE('',#2225,#2221,#2296,.T.);
#2298=ORIENTED_EDGE('',*,*,#2297,.T.);
#2299=DIRECTION('',(-1.000000,0.000000,0.000000));
#2300=LINE('',#2213,#2299);
#2301=EDGE_CURVE('',#2221,#2222,#2300,.T.);
#2302=ORIENTED_EDGE('',*,*,#2301,.T.);
#2303=EDGE_LOOP('',#2290,#2294,#2298,#2302);
#2304=FACE_OUTER_BOUND('',#2303,.T.);
#2305=DIRECTION('',(0.,1.,0.));
#2306=ADVANCED_FACE('',#2304,#2305,.T.);
#2307=DIRECTION('',(0.000000,0.000000,1.000000));
#2308=LINE('',#2211,#2307);
#2309=EDGE_CURVE('',#2219,#2223,#2308,.T.);
#2310=ORIENTED_EDGE('',*,*,#2309,.T.);
#2311=DIRECTION('',(0.000000,1.000000,0.000000));
#2312=LINE('',#2215,#2311);
#2313=EDGE_CURVE('',#2223,#2226,#2312,.T.);
#2314=ORIENTED_EDGE('',*,*,#2313,.T.);
#2315=DIRECTION('',(0.000000,0.000000,-1.000000));
#2316=LINE('',#2218,#2315);
#2317=EDGE_CURVE('',#2226,#2222,#2316,.T.);
#2318=ORIENTED_EDGE('',*,*,#2317,.T.);
#2319=DIRECTION('',(0.000000,-1.000000,0.000000));
#2320=LINE('',#2214,#2319);
#2321=EDGE_CURVE('',#2222,#2219,#2320,.T.);
#2322=ORIENTED_EDGE('',*,*,#2321,.T.);
#2323=EDGE_LOOP('',#2310,#2314,#2318,#2322);
#2324=FACE_OUTER_BOUND('',#2323,.T.);
#2325=DIRECTION('',(-1.,0.,0.));
#2326=ADVANCED_FACE('',#2324,#2325,.T.);
#2327=DIRECTION('',(0.000000,1.000000,0.000000));
#2328=LINE('',#2212,#2327);
#2329=EDGE_CURVE('',#2220,#2221,#2328,.T.);
#2330=ORIENTED_EDGE('',*,*,#2329,.T.);
#2331=DIRECTION('',(0.000000,0.000000,1.000000));
#2332=LINE('',#2213,#2331);
#2333=EDGE_CURVE('',#2221,#2225,#2332,.T.);
#2334=ORIENTED_EDGE('',*,*,#2333,.T.);
#2335=DIRECTION('',(0.000000,-1.000000,0.000000));
#2336=LINE('',#2217,#2335);
#2337=EDGE_CURVE('',#2225,#2224,#2336,.T.);
#2338=ORIENTED_EDGE('',*,*,#2337,.T.);
#2339=DIRECTION('',(0.000000,0.000000,-1.000000));
#2340=LINE('',#2216,#2339);
#2341=EDGE_CURVE('',#2224,#2220,#2340,.T.);
#2342=ORIENTED_EDGE('',*,*,#2341,.T.);
#2343=EDGE_LOOP('',#2330,#2334,#2338,#2342);
#2344=FACE_OUTER_BOUND('',#2343,.T.);
#2345=DIRECTION('',(1.,0.,0.));
#2346=ADVANCED_FACE('',#2344,#2345,.T.);
#2347=CLOSED_SHELL('',#2246,#2266,#2286,#2306,#2326,#2346);
#2348=MANIFOLD_SOLID_BREP('',#2347);
#2349=CARTESIAN_POINT('',(-3.000000,-3.000000,16.000000));
#2350=DIRECTION('',0.,0.,1.);
#2351=DIRECTION('',1.,0.,0.);
#2352=AXIS2_PLACEMENT_3D('',#2349,#2350,#2351);
#2353=ADVANCED_BREP_SHAPE_REPRESENTATION('',#2348,#2352);
#2354=CARTESIAN_POINT('',(-3.000000,-3.000000,2.000000));
#2355=CARTESIAN_POINT('',(203.000000,-3.000000,2.000000));
#2356=CARTESIAN_POINT('',(203.000000,-2.000000,2.000000));
#2357=CARTESIAN_POINT('',(-3.000000,-2.000000,2.000000));
#2358=CARTESIAN_POINT('',(-3.000000,-3.000000,16.000000));
#2359=CARTESIAN_POINT('',(203.000000,-3.000000,16.000000));
#2360=CARTESIAN_POINT('',(203.000000,-2.000000,16.000000));
#2361=CARTESIAN_POINT('',(-3.000000,-2.000000,16.000000));
#2362=VERTEX_POINT('',#2354);
#2363=VERTEX_POINT('',#2355);
#2364=VERTEX_POINT('',#2356);
#2365=VERTEX_POINT('',#2357);
#2366=VERTEX_POINT('',#2358);
#2367=VERTEX_POINT('',#2359);
#2368=VERTEX_POINT('',#2360);
#2369=VERTEX_POINT('',#2361);
#2370=DIRECTION('',(0.000000,1.000000,0.000000));
#2371=LINE('',#2354,#2370);
#2372=EDGE_CURVE('',#2362,#2365,#2371,.T.);
#2373=ORIENTED_EDGE('',*,*,#2372,.T.);
#2374=DIRECTION('',(1.000000,0.000000,0.000000));
#2375=LINE('',#2357,#2374);
#2376=EDGE_CURVE('',#2365,#2364,#2375,.T.);
#2377=ORIENTED_EDGE('',*,*,#2376,.T.);
#2378=DIRECTION('',(0.000000,-1.000000,0.000000));
#2379=LINE('',#2356,#2378);
#2380=EDGE_CURVE('',#2364,#2363,#2379,.T.);
#2381=ORIENTED_EDGE('',*,*,#2380,.T.);
#2382=DIRECTION('',(-1.000000,0.000000,0.000000));
#2383=LINE('',#2355,#2382);
#2384=EDGE_CURVE('',#2363,#2362,#2383,.T.);
#2385=ORIENTED_EDGE('',*,*,#2384,.T.);
#2386=EDGE_LOOP('',#2373,#2377,#2381,#2385);
#2387=FACE_OUTER_BOUND('',#2386,.T.);
#2388=DIRECTION('',(0.,0.,-1.));
#2389=ADVANCED_FACE('',#2387,#2388,.T.);
#2390=DIRECTION('',(1.000000,0.000000,0.000000));
#2391=LINE('',#2358,#2390);
#2392=EDGE_CURVE('',#2366,#2367,#2391,.T.);
#2393=ORIENTED_EDGE('',*,*,#2392,.T.);
#2394=DIRECTION('',(0.000000,1.000000,0.000000));
#2395=LINE('',#2359,#2394);
#2396=EDGE_CURVE('',#2367,#2368,#2395,.T.);
#2397=ORIENTED_EDGE('',*,*,#2396,.T.);
#2398=DIRECTION('',(-1.000000,0.000000,0.000000));
#2399=LINE('',#2360,#2398);
#2400=EDGE_CURVE('',#2368,#2369,#2399,.T.);
#2401=ORIENTED_EDGE('',*,*,#2400,.T.);
#2402=DIRECTION('',(0.000000,-1.000000,0.000000));
#2403=LINE('',#2361,#2402);
#2404=EDGE_CURVE('',#2369,#2366,#2403,.T.);
#2405=ORIENTED_EDGE('',*,*,#2404,.T.);
#2406=EDGE_LOOP('',#2393,#2397,#2401,#2405);
#2407=FACE_OUTER_BOUND('',#2406,.T.);
#2408=DIRECTION('',(0.,0.,1.));
#2409=ADVANCED_FACE('',#2407,#2408,.T.);
#2410=DIRECTION('',(1.000000,0.000000,0.000000));
#2411=LINE('',#2354,#2410);
#2412=EDGE_CURVE('',#2362,#2363,#2411,.T.);
#2413=ORIENTED_EDGE('',*,*,#2412,.T.);
#2414=DIRECTION('',(0.000000,0.000000,1.000000));
#2415=LINE('',#2355,#2414);
#2416=EDGE_CURVE('',#2363,#2367,#2415,.T.);
#2417=ORIENTED_EDGE('',*,*,#2416,.T.);
#2418=DIRECTION('',(-1.000000,0.000000,0.000000));
#2419=LINE('',#2359,#2418);
#2420=EDGE_CURVE('',#2367,#2366,#2419,.T.);
#2421=ORIENTED_EDGE('',*,*,#2420,.T.);
#2422=DIRECTION('',(0.000000,0.000000,-1.000000));
#2423=LINE('',#2358,#2422);
#2424=EDGE_CURVE('',#2366,#2362,#2423,.T.);
#2425=ORIENTED_EDGE('',*,*,#2424,.T.);
#2426=EDGE_LOOP('',#2413,#2417,#2421,#2425);
#2427=FACE_OUTER_BOUND('',#2426,.T.);
#2428=DIRECTION('',(0.,-1.,0.));
#2429=ADVANCED_FACE('',#2427,#2428,.T.);
#2430=DIRECTION('',(0.000000,0.000000,1.000000));
#2431=LINE('',#2357,#2430);
#2432=EDGE_CURVE('',#2365,#2369,#2431,.T.);
#2433=ORIENTED_EDGE('',*,*,#2432,.T.);
#2434=DIRECTION('',(1.000000,0.000000,0.000000));
#2435=LINE('',#2361,#2434);
#2436=EDGE_CURVE('',#2369,#2368,#2435,.T.);
#2437=ORIENTED_EDGE('',*,*,#2436,.T.);
#2438=DIRECTION('',(0.000000,0.000000,-1.000000));
#2439=LINE('',#2360,#2438);
#2440=EDGE_CURVE('',#2368,#2364,#2439,.T.);
#2441=ORIENTED_EDGE('',*,*,#2440,.T.);
#2442=DIRECTION('',(-1.000000,0.000000,0.000000));
#2443=LINE('',#2356,#2442);
#2444=EDGE_CURVE('',#2364,#2365,#2443,.T.);
#2445=ORIENTED_EDGE('',*,*,#2444,.T.);
#2446=EDGE_LOOP('',#2433,#2437,#2441,#2445);
#2447=FACE_OUTER_BOUND('',#2446,.T.);
#2448=DIRECTION('',(0.,1.,0.));
#2449=ADVANCED_FACE('',#2447,#2448,.T.);
#2450=DIRECTION('',(0.000000,0.000000,1.000000));
#2451=LINE('',#2354,#2450);
#2452=EDGE_CURVE('',#2362,#2366,#2451,.T.);
#2453=ORIENTED_EDGE('',*,*,#2452,.T.);
#2454=DIRECTION('',(0.000000,1.000000,0.000000));
#2455=LINE('',#2358,#2454);
#2456=EDGE_CURVE('',#2366,#2369,#2455,.T.);
#2457=ORIENTED_EDGE('',*,*,#2456,.T.);
#2458=DIRECTION('',(0.000000,0.000000,-1.000000));
#2459=LINE('',#2361,#2458);
#2460=EDGE_CURVE('',#2369,#2365,#2459,.T.);
#2461=ORIENTED_EDGE('',*,*,#2460,.T.);
#2462=DIRECTION('',(0.000000,-1.000000,0.000000));
#2463=LINE('',#2357,#2462);
#2464=EDGE_CURVE('',#2365,#2362,#2463,.T.);
#2465=ORIENTED_EDGE('',*,*,#2464,.T.);
#2466=EDGE_LOOP('',#2453,#2457,#2461,#2465);
#2467=FACE_OUTER_BOUND('',#2466,.T.);
#2468=DIRECTION('',(-1.,0.,0.));
#2469=ADVANCED_FACE('',#2467,#2468,.T.);
#2470=DIRECTION('',(0.000000,1.000000,0.000000));
#2471=LINE('',#2355,#2470);
#2472=EDGE_CURVE('',#2363,#2364,#2471,.T.);
#2473=ORIENTED_EDGE('',*,*,#2472,.T.);
#2474=DIRECTION('',(0.000000,0.000000,1.000000));
#2475=LINE('',#2356,#2474);
#2476=EDGE_CURVE('',#2364,#2368,#2475,.T.);
#2477=ORIENTED_EDGE('',*,*,#2476,.T.);
#2478=DIRECTION('',(0.000000,-1.000000,0.000000));
#2479=LINE('',#2360,#2478);
#2480=EDGE_CURVE('',#2368,#2367,#2479,.T.);
#2481=ORIENTED_EDGE('',*,*,#2480,.T.);
#2482=DIRECTION('',(0.000000,0.000000,-1.000000));
#2483=LINE('',#2359,#2482);
#2484=EDGE_CURVE('',#2367,#2363,#2483,.T.);
#2485=ORIENTED_EDGE('',*,*,#2484,.T.);
#2486=EDGE_LOOP('',#2473,#2477,#2481,#2485);
#2487=FACE_OUTER_BOUND('',#2486,.T.);
#2488=DIRECTION('',(1.,0.,0.));
#2489=ADVANCED_FACE('',#2487,#2488,.T.);
#2490=CLOSED_SHELL('',#2389,#2409,#2429,#2449,#2469,#2489);
#2491=MANIFOLD_SOLID_BREP('',#2490);
#2492=CARTESIAN_POINT('',(-3.000000,-3.000000,2.000000));
#2493=DIRECTION('',0.,0.,1.);
#2494=DIRECTION('',1.,0.,0.);
#2495=AXIS2_PLACEMENT_3D('',#2492,#2493,#2494);
#2496=ADVANCED_BREP_SHAPE_REPRESENTATION('',#2491,#2495);
#2497=CARTESIAN_POINT('',(-3.000000,202.000000,2.000000));
#2498=CARTESIAN_POINT('',(203.000000,202.000000,2.000000));
#2499=CARTESIAN_POINT('',(203.000000,203.000000,2.000000));
#2500=CARTESIAN_POINT('',(-3.000000,203.000000,2.000000));
#2501=CARTESIAN_POINT('',(-3.000000,202.000000,16.000000));
#2502=CARTESIAN_POINT('',(203.000000,202.000000,16.000000));
#2503=CARTESIAN_POINT('',(203.000000,203.000000,16.000000));
#2504=CARTESIAN_POINT('',(-3.000000,203.000000,16.000000));
#2505=VERTEX_POINT('',#2497);
#2506=VERTEX_POINT('',#2498);
#2507=VERTEX_POINT('',#2499);
#2508=VERTEX_POINT('',#2500);
#2509=VERTEX_POINT('',#2501);
#2510=VERTEX_POINT('',#2502);
#2511=VERTEX_POINT('',#2503);
#2512=VERTEX_POINT('',#2504);
#2513=DIRECTION('',(0.000000,1.000000,0.000000));
#2514=LINE('',#2497,#2513);
#2515=EDGE_CURVE('',#2505,#2508,#2514,.T.);
#2516=ORIENTED_EDGE('',*,*,#2515,.T.);
#2517=DIRECTION('',(1.000000,0.000000,0.000000));
#2518=LINE('',#2500,#2517);
#2519=EDGE_CURVE('',#2508,#2507,#2518,.T.);
#2520=ORIENTED_EDGE('',*,*,#2519,.T.);
#2521=DIRECTION('',(0.000000,-1.000000,0.000000));
#2522=LINE('',#2499,#2521);
#2523=EDGE_CURVE('',#2507,#2506,#2522,.T.);
#2524=ORIENTED_EDGE('',*,*,#2523,.T.);
#2525=DIRECTION('',(-1.000000,0.000000,0.000000));
#2526=LINE('',#2498,#2525);
#2527=EDGE_CURVE('',#2506,#2505,#2526,.T.);
#2528=ORIENTED_EDGE('',*,*,#2527,.T.);
#2529=EDGE_LOOP('',#2516,#2520,#2524,#2528);
#2530=FACE_OUTER_BOUND('',#2529,.T.);
#2531=DIRECTION('',(0.,0.,-1.));
#2532=ADVANCED_FACE('',#2530,#2531,.T.);
#2533=DIRECTION('',(1.000000,0.000000,0.000000));
#2534=LINE('',#2501,#2533);
#2535=EDGE_CURVE('',#2509,#2510,#2534,.T.);
#2536=ORIENTED_EDGE('',*,*,#2535,.T.);
#2537=DIRECTION('',(0.000000,1.000000,0.000000));
#2538=LINE('',#2502,#2537);
#2539=EDGE_CURVE('',#2510,#2511,#2538,.T.);
#2540=ORIENTED_EDGE('',*,*,#2539,.T.);
#2541=DIRECTION('',(-1.000000,0.000000,0.000000));
#2542=LINE('',#2503,#2541);
#2543=EDGE_CURVE('',#2511,#2512,#2542,.T.);
#2544=ORIENTED_EDGE('',*,*,#2543,.T.);
#2545=DIRECTION('',(0.000000,-1.000000,0.000000));
#2546=LINE('',#2504,#2545);
#2547=EDGE_CURVE('',#2512,#2509,#2546,.T.);
#2548=ORIENTED_EDGE('',*,*,#2547,.T.);
#2549=EDGE_LOOP('',#2536,#2540,#2544,#2548);
#2550=FACE_OUTER_BOUND('',#2549,.T.);
#2551=DIRECTION('',(0.,0.,1.));
#2552=ADVANCED_FACE('',#2550,#2551,.T.);
#2553=DIRECTION('',(1.000000,0.000000,0.000000));
#2554=LINE('',#2497,#2553);
#2555=EDGE_CURVE('',#2505,#2506,#2554,.T.);
#2556=ORIENTED_EDGE('',*,*,#2555,.T.);
#2557=DIRECTION('',(0.000000,0.000000,1.000000));
#2558=LINE('',#2498,#2557);
#2559=EDGE_CURVE('',#2506,#2510,#2558,.T.);
#2560=ORIENTED_EDGE('',*,*,#2559,.T.);
#2561=DIRECTION('',(-1.000000,0.000000,0.000000));
#2562=LINE('',#2502,#2561);
#2563=EDGE_CURVE('',#2510,#2509,#2562,.T.);
#2564=ORIENTED_EDGE('',*,*,#2563,.T.);
#2565=DIRECTION('',(0.000000,0.000000,-1.000000));
#2566=LINE('',#2501,#2565);
#2567=EDGE_CURVE('',#2509,#2505,#2566,.T.);
#2568=ORIENTED_EDGE('',*,*,#2567,.T.);
#2569=EDGE_LOOP('',#2556,#2560,#2564,#2568);
#2570=FACE_OUTER_BOUND('',#2569,.T.);
#2571=DIRECTION('',(0.,-1.,0.));
#2572=ADVANCED_FACE('',#2570,#2571,.T.);
#2573=DIRECTION('',(0.000000,0.000000,1.000000));
#2574=LINE('',#2500,#2573);
#2575=EDGE_CURVE('',#2508,#2512,#2574,.T.);
#2576=ORIENTED_EDGE('',*,*,#2575,.T.);
#2577=DIRECTION('',(1.000000,0.000000,0.000000));
#2578=LINE('',#2504,#2577);
#2579=EDGE_CURVE('',#2512,#2511,#2578,.T.);
#2580=ORIENTED_EDGE('',*,*,#2579,.T.);
#2581=DIRECTION('',(0.000000,0.000000,-1.000000));
#2582=LINE('',#2503,#2581);
#2583=EDGE_CURVE('',#2511,#2507,#2582,.T.);
#2584=ORIENTED_EDGE('',*,*,#2583,.T.);
#2585=DIRECTION('',(-1.000000,0.000000,0.000000));
#2586=LINE('',#2499,#2585);
#2587=EDGE_CURVE('',#2507,#2508,#2586,.T.);
#2588=ORIENTED_EDGE('',*,*,#2587,.T.);
#2589=EDGE_LOOP('',#2576,#2580,#2584,#2588);
#2590=FACE_OUTER_BOUND('',#2589,.T.);
#2591=DIRECTION('',(0.,1.,0.));
#2592=ADVANCED_FACE('',#2590,#2591,.T.);
#2593=DIRECTION('',(0.000000,0.000000,1.000000));
#2594=LINE('',#2497,#2593);
#2595=EDGE_CURVE('',#2505,#2509,#2594,.T.);
#2596=ORIENTED_EDGE('',*,*,#2595,.T.);
#2597=DIRECTION('',(0.000000,1.000000,0.000000));
#2598=LINE('',#2501,#2597);
#2599=EDGE_CURVE('',#2509,#2512,#2598,.T.);
#2600=ORIENTED_EDGE('',*,*,#2599,.T.);
#2601=DIRECTION('',(0.000000,0.000000,-1.000000));
#2602=LINE('',#2504,#2601);
#2603=EDGE_CURVE('',#2512,#2508,#2602,.T.);
#2604=ORIENTED_EDGE('',*,*,#2603,.T.);
#2605=DIRECTION('',(0.000000,-1.000000,0.000000));
#2606=LINE('',#2500,#2605);
#2607=EDGE_CURVE('',#2508,#2505,#2606,.T.);
#2608=ORIENTED_EDGE('',*,*,#2607,.T.);
#2609=EDGE_LOOP('',#2596,#2600,#2604,#2608);
#2610=FACE_OUTER_BOUND('',#2609,.T.);
#2611=DIRECTION('',(-1.,0.,0.));
#2612=ADVANCED_FACE('',#2610,#2611,.T.);
#2613=DIRECTION('',(0.000000,1.000000,0.000000));
#2614=LINE('',#2498,#2613);
#2615=EDGE_CURVE('',#2506,#2507,#2614,.T.);
#2616=ORIENTED_EDGE('',*,*,#2615,.T.);
#2617=DIRECTION('',(0.000000,0.000000,1.000000));
#2618=LINE('',#2499,#2617);
#2619=EDGE_CURVE('',#2507,#2511,#2618,.T.);
#2620=ORIENTED_EDGE('',*,*,#2619,.T.);
#2621=DIRECTION('',(0.000000,-1.000000,0.000000));
#2622=LINE('',#2503,#2621);
#2623=EDGE_CURVE('',#2511,#2510,#2622,.T.);
#2624=ORIENTED_EDGE('',*,*,#2623,.T.);
#2625=DIRECTION('',(0.000000,0.000000,-1.000000));
#2626=LINE('',#2502,#2625);
#2627=EDGE_CURVE('',#2510,#2506,#2626,.T.);
#2628=ORIENTED_EDGE('',*,*,#2627,.T.);
#2629=EDGE_LOOP('',#2616,#2620,#2624,#2628);
#2630=FACE_OUTER_BOUND('',#2629,.T.);
#2631=DIRECTION('',(1.,0.,0.));
#2632=ADVANCED_FACE('',#2630,#2631,.T.);
#2633=CLOSED_SHELL('',#2532,#2552,#2572,#2592,#2612,#2632);
#2634=MANIFOLD_SOLID_BREP('',#2633);
#2635=CARTESIAN_POINT('',(-3.000000,202.000000,2.000000));
#2636=DIRECTION('',0.,0.,1.);
#2637=DIRECTION('',1.,0.,0.);
#2638=AXIS2_PLACEMENT_3D('',#2635,#2636,#2637);
#2639=ADVANCED_BREP_SHAPE_REPRESENTATION('',#2634,#2638);
#2640=CARTESIAN_POINT('',(-3.000000,-2.000000,2.000000));
#2641=CARTESIAN_POINT('',(-2.000000,-2.000000,2.000000));
#2642=CARTESIAN_POINT('',(-2.000000,202.000000,2.000000));
#2643=CARTESIAN_POINT('',(-3.000000,202.000000,2.000000));
#2644=CARTESIAN_POINT('',(-3.000000,-2.000000,16.000000));
#2645=CARTESIAN_POINT('',(-2.000000,-2.000000,16.000000));
#2646=CARTESIAN_POINT('',(-2.000000,202.000000,16.000000));
#2647=CARTESIAN_POINT('',(-3.000000,202.000000,16.000000));
#2648=VERTEX_POINT('',#2640);
#2649=VERTEX_POINT('',#2641);
#2650=VERTEX_POINT('',#2642);
#2651=VERTEX_POINT('',#2643);
#2652=VERTEX_POINT('',#2644);
#2653=VERTEX_POINT('',#2645);
#2654=VERTEX_POINT('',#2646);
#2655=VERTEX_POINT('',#2647);
#2656=DIRECTION('',(0.000000,1.000000,0.000000));
#2657=LINE('',#2640,#2656);
#2658=EDGE_CURVE('',#2648,#2651,#2657,.T.);
#2659=ORIENTED_EDGE('',*,*,#2658,.T.);
#2660=DIRECTION('',(1.000000,0.000000,0.000000));
#2661=LINE('',#2643,#2660);
#2662=EDGE_CURVE('',#2651,#2650,#2661,.T.);
#2663=ORIENTED_EDGE('',*,*,#2662,.T.);
#2664=DIRECTION('',(0.000000,-1.000000,0.000000));
#2665=LINE('',#2642,#2664);
#2666=EDGE_CURVE('',#2650,#2649,#2665,.T.);
#2667=ORIENTED_EDGE('',*,*,#2666,.T.);
#2668=DIRECTION('',(-1.000000,0.000000,0.000000));
#2669=LINE('',#2641,#2668);
#2670=EDGE_CURVE('',#2649,#2648,#2669,.T.);
#2671=ORIENTED_EDGE('',*,*,#2670,.T.);
#2672=EDGE_LOOP('',#2659,#2663,#2667,#2671);
#2673=FACE_OUTER_BOUND('',#2672,.T.);
#2674=DIRECTION('',(0.,0.,-1.));
#2675=ADVANCED_FACE('',#2673,#2674,.T.);
#2676=DIRECTION('',(1.000000,0.000000,0.000000));
#2677=LINE('',#2644,#2676);
#2678=EDGE_CURVE('',#2652,#2653,#2677,.T.);
#2679=ORIENTED_EDGE('',*,*,#2678,.T.);
#2680=DIRECTION('',(0.000000,1.000000,0.000000));
#2681=LINE('',#2645,#2680);
#2682=EDGE_CURVE('',#2653,#2654,#2681,.T.);
#2683=ORIENTED_EDGE('',*,*,#2682,.T.);
#2684=DIRECTION('',(-1.000000,0.000000,0.000000));
#2685=LINE('',#2646,#2684);
#2686=EDGE_CURVE('',#2654,#2655,#2685,.T.);
#2687=ORIENTED_EDGE('',*,*,#2686,.T.);
#2688=DIRECTION('',(0.000000,-1.000000,0.000000));
#2689=LINE('',#2647,#2688);
#2690=EDGE_CURVE('',#2655,#2652,#2689,.T.);
#2691=ORIENTED_EDGE('',*,*,#2690,.T.);
#2692=EDGE_LOOP('',#2679,#2683,#2687,#2691);
#2693=FACE_OUTER_BOUND('',#2692,.T.);
#2694=DIRECTION('',(0.,0.,1.));
#2695=ADVANCED_FACE('',#2693,#2694,.T.);
#2696=DIRECTION('',(1.000000,0.000000,0.000000));
#2697=LINE('',#2640,#2696);
#2698=EDGE_CURVE('',#2648,#2649,#2697,.T.);
#2699=ORIENTED_EDGE('',*,*,#2698,.T.);
#2700=DIRECTION('',(0.000000,0.000000,1.000000));
#2701=LINE('',#2641,#2700);
#2702=EDGE_CURVE('',#2649,#2653,#2701,.T.);
#2703=ORIENTED_EDGE('',*,*,#2702,.T.);
#2704=DIRECTION('',(-1.000000,0.000000,0.000000));
#2705=LINE('',#2645,#2704);
#2706=EDGE_CURVE('',#2653,#2652,#2705,.T.);
#2707=ORIENTED_EDGE('',*,*,#2706,.T.);
#2708=DIRECTION('',(0.000000,0.000000,-1.000000));
#2709=LINE('',#2644,#2708);
#2710=EDGE_CURVE('',#2652,#2648,#2709,.T.);
#2711=ORIENTED_EDGE('',*,*,#2710,.T.);
#2712=EDGE_LOOP('',#2699,#2703,#2707,#2711);
#2713=FACE_OUTER_BOUND('',#2712,.T.);
#2714=DIRECTION('',(0.,-1.,0.));
#2715=ADVANCED_FACE('',#2713,#2714,.T.);
#2716=DIRECTION('',(0.000000,0.000000,1.000000));
#2717=LINE('',#2643,#2716);
#2718=EDGE_CURVE('',#2651,#2655,#2717,.T.);
#2719=ORIENTED_EDGE('',*,*,#2718,.T.);
#2720=DIRECTION('',(1.000000,0.000000,0.000000));
#2721=LINE('',#2647,#2720);
#2722=EDGE_CURVE('',#2655,#2654,#2721,.T.);
#2723=ORIENTED_EDGE('',*,*,#2722,.T.);
#2724=DIRECTION('',(0.000000,0.000000,-1.000000));
#2725=LINE('',#2646,#2724);
#2726=EDGE_CURVE('',#2654,#2650,#2725,.T.);
#2727=ORIENTED_EDGE('',*,*,#2726,.T.);
#2728=DIRECTION('',(-1.000000,0.000000,0.000000));
#2729=LINE('',#2642,#2728);
#2730=EDGE_CURVE('',#2650,#2651,#2729,.T.);
#2731=ORIENTED_EDGE('',*,*,#2730,.T.);
#2732=EDGE_LOOP('',#2719,#2723,#2727,#2731);
#2733=FACE_OUTER_BOUND('',#2732,.T.);
#2734=DIRECTION('',(0.,1.,0.));
#2735=ADVANCED_FACE('',#2733,#2734,.T.);
#2736=DIRECTION('',(0.000000,0.000000,1.000000));
#2737=LINE('',#2640,#2736);
#2738=EDGE_CURVE('',#2648,#2652,#2737,.T.);
#2739=ORIENTED_EDGE('',*,*,#2738,.T.);
#2740=DIRECTION('',(0.000000,1.000000,0.000000));
#2741=LINE('',#2644,#2740);
#2742=EDGE_CURVE('',#2652,#2655,#2741,.T.);
#2743=ORIENTED_EDGE('',*,*,#2742,.T.);
#2744=DIRECTION('',(0.000000,0.000000,-1.000000));
#2745=LINE('',#2647,#2744);
#2746=EDGE_CURVE('',#2655,#2651,#2745,.T.);
#2747=ORIENTED_EDGE('',*,*,#2746,.T.);
#2748=DIRECTION('',(0.000000,-1.000000,0.000000));
#2749=LINE('',#2643,#2748);
#2750=EDGE_CURVE('',#2651,#2648,#2749,.T.);
#2751=ORIENTED_EDGE('',*,*,#2750,.T.);
#2752=EDGE_LOOP('',#2739,#2743,#2747,#2751);
#2753=FACE_OUTER_BOUND('',#2752,.T.);
#2754=DIRECTION('',(-1.,0.,0.));
#2755=ADVANCED_FACE('',#2753,#2754,.T.);
#2756=DIRECTION('',(0.000000,1.000000,0.000000));
#2757=LINE('',#2641,#2756);
#2758=EDGE_CURVE('',#2649,#2650,#2757,.T.);
#2759=ORIENTED_EDGE('',*,*,#2758,.T.);
#2760=DIRECTION('',(0.000000,0.000000,1.000000));
#2761=LINE('',#2642,#2760);
#2762=EDGE_CURVE('',#2650,#2654,#2761,.T.);
#2763=ORIENTED_EDGE('',*,*,#2762,.T.);
#2764=DIRECTION('',(0.000000,-1.000000,0.000000));
#2765=LINE('',#2646,#2764);
#2766=EDGE_CURVE('',#2654,#2653,#2765,.T.);
#2767=ORIENTED_EDGE('',*,*,#2766,.T.);
#2768=DIRECTION('',(0.000000,0.000000,-1.000000));
#2769=LINE('',#2645,#2768);
#2770=EDGE_CURVE('',#2653,#2649,#2769,.T.);
#2771=ORIENTED_EDGE('',*,*,#2770,.T.);
#2772=EDGE_LOOP('',#2759,#2763,#2767,#2771);
#2773=FACE_OUTER_BOUND('',#2772,.T.);
#2774=DIRECTION('',(1.,0.,0.));
#2775=ADVANCED_FACE('',#2773,#2774,.T.);
#2776=CLOSED_SHELL('',#2675,#2695,#2715,#2735,#2755,#2775);
#2777=MANIFOLD_SOLID_BREP('',#2776);
#2778=CARTESIAN_POINT('',(-3.000000,-2.000000,2.000000));
#2779=DIRECTION('',0.,0.,1.);
#2780=DIRECTION('',1.,0.,0.);
#2781=AXIS2_PLACEMENT_3D('',#2778,#2779,#2780);
#2782=ADVANCED_BREP_SHAPE_REPRESENTATION('',#2777,#2781);
#2783=CARTESIAN_POINT('',(202.000000,-2.000000,2.000000));
#2784=CARTESIAN_POINT('',(203.000000,-2.000000,2.000000));
#2785=CARTESIAN_POINT('',(203.000000,202.000000,2.000000));
#2786=CARTESIAN_POINT('',(202.000000,202.000000,2.000000));
#2787=CARTESIAN_POINT('',(202.000000,-2.000000,16.000000));
#2788=CARTESIAN_POINT('',(203.000000,-2.000000,16.000000));
#2789=CARTESIAN_POINT('',(203.000000,202.000000,16.000000));
#2790=CARTESIAN_POINT('',(202.000000,202.000000,16.000000));
#2791=VERTEX_POINT('',#2783);
#2792=VERTEX_POINT('',#2784);
#2793=VERTEX_POINT('',#2785);
#2794=VERTEX_POINT('',#2786);
#2795=VERTEX_POINT('',#2787);
#2796=VERTEX_POINT('',#2788);
#2797=VERTEX_POINT('',#2789);
#2798=VERTEX_POINT('',#2790);
#2799=DIRECTION('',(0.000000,1.000000,0.000000));
#2800=LINE('',#2783,#2799);
#2801=EDGE_CURVE('',#2791,#2794,#2800,.T.);
#2802=ORIENTED_EDGE('',*,*,#2801,.T.);
#2803=DIRECTION('',(1.000000,0.000000,0.000000));
#2804=LINE('',#2786,#2803);
#2805=EDGE_CURVE('',#2794,#2793,#2804,.T.);
#2806=ORIENTED_EDGE('',*,*,#2805,.T.);
#2807=DIRECTION('',(0.000000,-1.000000,0.000000));
#2808=LINE('',#2785,#2807);
#2809=EDGE_CURVE('',#2793,#2792,#2808,.T.);
#2810=ORIENTED_EDGE('',*,*,#2809,.T.);
#2811=DIRECTION('',(-1.000000,0.000000,0.000000));
#2812=LINE('',#2784,#2811);
#2813=EDGE_CURVE('',#2792,#2791,#2812,.T.);
#2814=ORIENTED_EDGE('',*,*,#2813,.T.);
#2815=EDGE_LOOP('',#2802,#2806,#2810,#2814);
#2816=FACE_OUTER_BOUND('',#2815,.T.);
#2817=DIRECTION('',(0.,0.,-1.));
#2818=ADVANCED_FACE('',#2816,#2817,.T.);
#2819=DIRECTION('',(1.000000,0.000000,0.000000));
#2820=LINE('',#2787,#2819);
#2821=EDGE_CURVE('',#2795,#2796,#2820,.T.);
#2822=ORIENTED_EDGE('',*,*,#2821,.T.);
#2823=DIRECTION('',(0.000000,1.000000,0.000000));
#2824=LINE('',#2788,#2823);
#2825=EDGE_CURVE('',#2796,#2797,#2824,.T.);
#2826=ORIENTED_EDGE('',*,*,#2825,.T.);
#2827=DIRECTION('',(-1.000000,0.000000,0.000000));
#2828=LINE('',#2789,#2827);
#2829=EDGE_CURVE('',#2797,#2798,#2828,.T.);
#2830=ORIENTED_EDGE('',*,*,#2829,.T.);
#2831=DIRECTION('',(0.000000,-1.000000,0.000000));
#2832=LINE('',#2790,#2831);
#2833=EDGE_CURVE('',#2798,#2795,#2832,.T.);
#2834=ORIENTED_EDGE('',*,*,#2833,.T.);
#2835=EDGE_LOOP('',#2822,#2826,#2830,#2834);
#2836=FACE_OUTER_BOUND('',#2835,.T.);
#2837=DIRECTION('',(0.,0.,1.));
#2838=ADVANCED_FACE('',#2836,#2837,.T.);
#2839=DIRECTION('',(1.000000,0.000000,0.000000));
#2840=LINE('',#2783,#2839);
#2841=EDGE_CURVE('',#2791,#2792,#2840,.T.);
#2842=ORIENTED_EDGE('',*,*,#2841,.T.);
#2843=DIRECTION('',(0.000000,0.000000,1.000000));
#2844=LINE('',#2784,#2843);
#2845=EDGE_CURVE('',#2792,#2796,#2844,.T.);
#2846=ORIENTED_EDGE('',*,*,#2845,.T.);
#2847=DIRECTION('',(-1.000000,0.000000,0.000000));
#2848=LINE('',#2788,#2847);
#2849=EDGE_CURVE('',#2796,#2795,#2848,.T.);
#2850=ORIENTED_EDGE('',*,*,#2849,.T.);
#2851=DIRECTION('',(0.000000,0.000000,-1.000000));
#2852=LINE('',#2787,#2851);
#2853=EDGE_CURVE('',#2795,#2791,#2852,.T.);
#2854=ORIENTED_EDGE('',*,*,#2853,.T.);
#2855=EDGE_LOOP('',#2842,#2846,#2850,#2854);
#2856=FACE_OUTER_BOUND('',#2855,.T.);
#2857=DIRECTION('',(0.,-1.,0.));
#2858=ADVANCED_FACE('',#2856,#2857,.T.);
#2859=DIRECTION('',(0.000000,0.000000,1.000000));
#2860=LINE('',#2786,#2859);
#2861=EDGE_CURVE('',#2794,#2798,#2860,.T.);
#2862=ORIENTED_EDGE('',*,*,#2861,.T.);
#2863=DIRECTION('',(1.000000,0.000000,0.000000));
#2864=LINE('',#2790,#2863);
#2865=EDGE_CURVE('',#2798,#2797,#2864,.T.);
#2866=ORIENTED_EDGE('',*,*,#2865,.T.);
#2867=DIRECTION('',(0.000000,0.000000,-1.000000));
#2868=LINE('',#2789,#2867);
#2869=EDGE_CURVE('',#2797,#2793,#2868,.T.);
#2870=ORIENTED_EDGE('',*,*,#2869,.T.);
#2871=DIRECTION('',(-1.000000,0.000000,0.000000));
#2872=LINE('',#2785,#2871);
#2873=EDGE_CURVE('',#2793,#2794,#2872,.T.);
#2874=ORIENTED_EDGE('',*,*,#2873,.T.);
#2875=EDGE_LOOP('',#2862,#2866,#2870,#2874);
#2876=FACE_OUTER_BOUND('',#2875,.T.);
#2877=DIRECTION('',(0.,1.,0.));
#2878=ADVANCED_FACE('',#2876,#2877,.T.);
#2879=DIRECTION('',(0.000000,0.000000,1.000000));
#2880=LINE('',#2783,#2879);
#2881=EDGE_CURVE('',#2791,#2795,#2880,.T.);
#2882=ORIENTED_EDGE('',*,*,#2881,.T.);
#2883=DIRECTION('',(0.000000,1.000000,0.000000));
#2884=LINE('',#2787,#2883);
#2885=EDGE_CURVE('',#2795,#2798,#2884,.T.);
#2886=ORIENTED_EDGE('',*,*,#2885,.T.);
#2887=DIRECTION('',(0.000000,0.000000,-1.000000));
#2888=LINE('',#2790,#2887);
#2889=EDGE_CURVE('',#2798,#2794,#2888,.T.);
#2890=ORIENTED_EDGE('',*,*,#2889,.T.);
#2891=DIRECTION('',(0.000000,-1.000000,0.000000));
#2892=LINE('',#2786,#2891);
#2893=EDGE_CURVE('',#2794,#2791,#2892,.T.);
#2894=ORIENTED_EDGE('',*,*,#2893,.T.);
#2895=EDGE_LOOP('',#2882,#2886,#2890,#2894);
#2896=FACE_OUTER_BOUND('',#2895,.T.);
#2897=DIRECTION('',(-1.,0.,0.));
#2898=ADVANCED_FACE('',#2896,#2897,.T.);
#2899=DIRECTION('',(0.000000,1.000000,0.000000));
#2900=LINE('',#2784,#2899);
#2901=EDGE_CURVE('',#2792,#2793,#2900,.T.);
#2902=ORIENTED_EDGE('',*,*,#2901,.T.);
#2903=DIRECTION('',(0.000000,0.000000,1.000000));
#2904=LINE('',#2785,#2903);
#2905=EDGE_CURVE('',#2793,#2797,#2904,.T.);
#2906=ORIENTED_EDGE('',*,*,#2905,.T.);
#2907=DIRECTION('',(0.000000,-1.000000,0.000000));
#2908=LINE('',#2789,#2907);
#2909=EDGE_CURVE('',#2797,#2796,#2908,.T.);
#2910=ORIENTED_EDGE('',*,*,#2909,.T.);
#2911=DIRECTION('',(0.000000,0.000000,-1.000000));
#2912=LINE('',#2788,#2911);
#2913=EDGE_CURVE('',#2796,#2792,#2912,.T.);
#2914=ORIENTED_EDGE('',*,*,#2913,.T.);
#2915=EDGE_LOOP('',#2902,#2906,#2910,#2914);
#2916=FACE_OUTER_BOUND('',#2915,.T.);
#2917=DIRECTION('',(1.,0.,0.));
#2918=ADVANCED_FACE('',#2916,#2917,.T.);
#2919=CLOSED_SHELL('',#2818,#2838,#2858,#2878,#2898,#2918);
#2920=MANIFOLD_SOLID_BREP('',#2919);
#2921=CARTESIAN_POINT('',(202.000000,-2.000000,2.000000));
#2922=DIRECTION('',0.,0.,1.);
#2923=DIRECTION('',1.,0.,0.);
#2924=AXIS2_PLACEMENT_3D('',#2921,#2922,#2923);
#2925=ADVANCED_BREP_SHAPE_REPRESENTATION('',#2920,#2924);
#2926=SHAPE_DEFINITION_REPRESENTATION(#2210,#2353);
#2927=SHAPE_DEFINITION_REPRESENTATION(#2210,#2496);
#2928=SHAPE_DEFINITION_REPRESENTATION(#2210,#2639);
#2929=SHAPE_DEFINITION_REPRESENTATION(#2210,#2782);
#2930=SHAPE_DEFINITION_REPRESENTATION(#2210,#2925);
#2931=PRODUCT('ShieldHole_0','Shield Hole 0','Shield standoff hole',('mechanical'));
#2932=PRODUCT_DEFINITION_FORMATION('',#2931);
#2933=PRODUCT_DEFINITION('design','',#2932,#1);
#2934=PRODUCT_DEFINITION_SHAPE('','',#2933);
#2935=CARTESIAN_POINT('',(11.750000,10.000000,2.000000));
#2936=CARTESIAN_POINT('',(11.750000,10.000000,17.000000));
#2937=CARTESIAN_POINT('',(11.664349,10.540780,2.000000));
#2938=CARTESIAN_POINT('',(11.664349,10.540780,17.000000));
#2939=CARTESIAN_POINT('',(11.415780,11.028624,2.000000));
#2940=CARTESIAN_POINT('',(11.415780,11.028624,17.000000));
#2941=CARTESIAN_POINT('',(11.028624,11.415780,2.000000));
#2942=CARTESIAN_POINT('',(11.028624,11.415780,17.000000));
#2943=CARTESIAN_POINT('',(10.540780,11.664349,2.000000));
#2944=CARTESIAN_POINT('',(10.540780,11.664349,17.000000));
#2945=CARTESIAN_POINT('',(10.000000,11.750000,2.000000));
#2946=CARTESIAN_POINT('',(10.000000,11.750000,17.000000));
#2947=CARTESIAN_POINT('',(9.459220,11.664349,2.000000));
#2948=CARTESIAN_POINT('',(9.459220,11.664349,17.000000));
#2949=CARTESIAN_POINT('',(8.971376,11.415780,2.000000));
#2950=CARTESIAN_POINT('',(8.971376,11.415780,17.000000));
#2951=CARTESIAN_POINT('',(8.584220,11.028624,2.000000));
#2952=CARTESIAN_POINT('',(8.584220,11.028624,17.000000));
#2953=CARTESIAN_POINT('',(8.335651,10.540780,2.000000));
#2954=CARTESIAN_POINT('',(8.335651,10.540780,17.000000));
#2955=CARTESIAN_POINT('',(8.250000,10.000000,2.000000));
#2956=CARTESIAN_POINT('',(8.250000,10.000000,17.000000));
#2957=CARTESIAN_POINT('',(8.335651,9.459220,2.000000));
#2958=CARTESIAN_POINT('',(8.335651,9.459220,17.000000));
#2959=CARTESIAN_POINT('',(8.584220,8.971376,2.000000));
#2960=CARTESIAN_POINT('',(8.584220,8.971376,17.000000));
#2961=CARTESIAN_POINT('',(8.971376,8.584220,2.000000));
#2962=CARTESIAN_POINT('',(8.971376,8.584220,17.000000));
#2963=CARTESIAN_POINT('',(9.459220,8.335651,2.000000));
#2964=CARTESIAN_POINT('',(9.459220,8.335651,17.000000));
#2965=CARTESIAN_POINT('',(10.000000,8.250000,2.000000));
#2966=CARTESIAN_POINT('',(10.000000,8.250000,17.000000));
#2967=CARTESIAN_POINT('',(10.540780,8.335651,2.000000));
#2968=CARTESIAN_POINT('',(10.540780,8.335651,17.000000));
#2969=CARTESIAN_POINT('',(11.028624,8.584220,2.000000));
#2970=CARTESIAN_POINT('',(11.028624,8.584220,17.000000));
#2971=CARTESIAN_POINT('',(11.415780,8.971376,2.000000));
#2972=CARTESIAN_POINT('',(11.415780,8.971376,17.000000));
#2973=CARTESIAN_POINT('',(11.664349,9.459220,2.000000));
#2974=CARTESIAN_POINT('',(11.664349,9.459220,17.000000));
#2975=VERTEX_POINT('',#2935);
#2976=VERTEX_POINT('',#2937);
#2977=VERTEX_POINT('',#2939);
#2978=VERTEX_POINT('',#2941);
#2979=VERTEX_POINT('',#2943);
#2980=VERTEX_POINT('',#2945);
#2981=VERTEX_POINT('',#2947);
#2982=VERTEX_POINT('',#2949);
#2983=VERTEX_POINT('',#2951);
#2984=VERTEX_POINT('',#2953);
#2985=VERTEX_POINT('',#2955);
#2986=VERTEX_POINT('',#2957);
#2987=VERTEX_POINT('',#2959);
#2988=VERTEX_POINT('',#2961);
#2989=VERTEX_POINT('',#2963);
#2990=VERTEX_POINT('',#2965);
#2991=VERTEX_POINT('',#2967);
#2992=VERTEX_POINT('',#2969);
#2993=VERTEX_POINT('',#2971);
#2994=VERTEX_POINT('',#2973);
#2995=VERTEX_POINT('',#2936);
#2996=VERTEX_POINT('',#2938);
#2997=VERTEX_POINT('',#2940);
#2998=VERTEX_POINT('',#2942);
#2999=VERTEX_POINT('',#2944);
#3000=VERTEX_POINT('',#2946);
#3001=VERTEX_POINT('',#2948);
#3002=VERTEX_POINT('',#2950);
#3003=VERTEX_POINT('',#2952);
#3004=VERTEX_POINT('',#2954);
#3005=VERTEX_POINT('',#2956);
#3006=VERTEX_POINT('',#2958);
#3007=VERTEX_POINT('',#2960);
#3008=VERTEX_POINT('',#2962);
#3009=VERTEX_POINT('',#2964);
#3010=VERTEX_POINT('',#2966);
#3011=VERTEX_POINT('',#2968);
#3012=VERTEX_POINT('',#2970);
#3013=VERTEX_POINT('',#2972);
#3014=VERTEX_POINT('',#2974);
#3015=CARTESIAN_POINT('',(10.000000,10.000000,2.000000));
#3016=DIRECTION('',0.,0.,-1.);
#3017=DIRECTION('',1.,0.,0.);
#3018=AXIS2_PLACEMENT_3D('',#3015,#3016,#3017);
#3019=CIRCLE('',#3018,1.750000);
#3020=EDGE_CURVE('',#2975,#2975,#3019,.T.);
#3021=ORIENTED_EDGE('',*,*,#3020,.T.);
#3022=EDGE_LOOP('',#3021);
#3023=FACE_OUTER_BOUND('',#3022,.T.);
#3024=ADVANCED_FACE('',#3023,#3016,.T.);
#3025=CARTESIAN_POINT('',(10.000000,10.000000,17.000000));
#3026=DIRECTION('',0.,0.,1.);
#3027=DIRECTION('',1.,0.,0.);
#3028=AXIS2_PLACEMENT_3D('',#3025,#3026,#3027);
#3029=CIRCLE('',#3028,1.750000);
#3030=EDGE_CURVE('',#2995,#2995,#3029,.T.);
#3031=ORIENTED_EDGE('',*,*,#3030,.T.);
#3032=EDGE_LOOP('',#3031);
#3033=FACE_OUTER_BOUND('',#3032,.T.);
#3034=ADVANCED_FACE('',#3033,#3026,.T.);
#3035=DIRECTION('',-0.156434,0.987688,0.);
#3036=LINE('',#2935,#3035);
#3037=DIRECTION('',0.,0.,1.);
#3038=LINE('',#2937,#3037);
#3039=DIRECTION('',0.156434,-0.987688,0.);
#3040=LINE('',#2938,#3039);
#3041=DIRECTION('',0.,0.,-1.);
#3042=LINE('',#2936,#3041);
#3043=EDGE_CURVE('',#2975,#2976,#3036,.T.);
#3044=EDGE_CURVE('',#2976,#2996,#3038,.T.);
#3045=EDGE_CURVE('',#2996,#2995,#3040,.T.);
#3046=EDGE_CURVE('',#2995,#2975,#3042,.T.);
#3047=ORIENTED_EDGE('',*,*,#3043,.T.);
#3048=ORIENTED_EDGE('',*,*,#3044,.T.);
#3049=ORIENTED_EDGE('',*,*,#3045,.T.);
#3050=ORIENTED_EDGE('',*,*,#3046,.T.);
#3051=EDGE_LOOP('',#3047,#3048,#3049,#3050);
#3052=FACE_OUTER_BOUND('',#3051,.T.);
#3053=DIRECTION('',0.987688,0.156434,0.);
#3054=ADVANCED_FACE('',#3052,#3053,.T.);
#3055=DIRECTION('',-0.453990,0.891007,0.);
#3056=LINE('',#2937,#3055);
#3057=DIRECTION('',0.,0.,1.);
#3058=LINE('',#2939,#3057);
#3059=DIRECTION('',0.453990,-0.891007,0.);
#3060=LINE('',#2940,#3059);
#3061=DIRECTION('',0.,0.,-1.);
#3062=LINE('',#2938,#3061);
#3063=EDGE_CURVE('',#2976,#2977,#3056,.T.);
#3064=EDGE_CURVE('',#2977,#2997,#3058,.T.);
#3065=EDGE_CURVE('',#2997,#2996,#3060,.T.);
#3066=EDGE_CURVE('',#2996,#2976,#3062,.T.);
#3067=ORIENTED_EDGE('',*,*,#3063,.T.);
#3068=ORIENTED_EDGE('',*,*,#3064,.T.);
#3069=ORIENTED_EDGE('',*,*,#3065,.T.);
#3070=ORIENTED_EDGE('',*,*,#3066,.T.);
#3071=EDGE_LOOP('',#3067,#3068,#3069,#3070);
#3072=FACE_OUTER_BOUND('',#3071,.T.);
#3073=DIRECTION('',0.891007,0.453990,0.);
#3074=ADVANCED_FACE('',#3072,#3073,.T.);
#3075=DIRECTION('',-0.707107,0.707107,0.);
#3076=LINE('',#2939,#3075);
#3077=DIRECTION('',0.,0.,1.);
#3078=LINE('',#2941,#3077);
#3079=DIRECTION('',0.707107,-0.707107,0.);
#3080=LINE('',#2942,#3079);
#3081=DIRECTION('',0.,0.,-1.);
#3082=LINE('',#2940,#3081);
#3083=EDGE_CURVE('',#2977,#2978,#3076,.T.);
#3084=EDGE_CURVE('',#2978,#2998,#3078,.T.);
#3085=EDGE_CURVE('',#2998,#2997,#3080,.T.);
#3086=EDGE_CURVE('',#2997,#2977,#3082,.T.);
#3087=ORIENTED_EDGE('',*,*,#3083,.T.);
#3088=ORIENTED_EDGE('',*,*,#3084,.T.);
#3089=ORIENTED_EDGE('',*,*,#3085,.T.);
#3090=ORIENTED_EDGE('',*,*,#3086,.T.);
#3091=EDGE_LOOP('',#3087,#3088,#3089,#3090);
#3092=FACE_OUTER_BOUND('',#3091,.T.);
#3093=DIRECTION('',0.707107,0.707107,0.);
#3094=ADVANCED_FACE('',#3092,#3093,.T.);
#3095=DIRECTION('',-0.891007,0.453990,0.);
#3096=LINE('',#2941,#3095);
#3097=DIRECTION('',0.,0.,1.);
#3098=LINE('',#2943,#3097);
#3099=DIRECTION('',0.891007,-0.453990,0.);
#3100=LINE('',#2944,#3099);
#3101=DIRECTION('',0.,0.,-1.);
#3102=LINE('',#2942,#3101);
#3103=EDGE_CURVE('',#2978,#2979,#3096,.T.);
#3104=EDGE_CURVE('',#2979,#2999,#3098,.T.);
#3105=EDGE_CURVE('',#2999,#2998,#3100,.T.);
#3106=EDGE_CURVE('',#2998,#2978,#3102,.T.);
#3107=ORIENTED_EDGE('',*,*,#3103,.T.);
#3108=ORIENTED_EDGE('',*,*,#3104,.T.);
#3109=ORIENTED_EDGE('',*,*,#3105,.T.);
#3110=ORIENTED_EDGE('',*,*,#3106,.T.);
#3111=EDGE_LOOP('',#3107,#3108,#3109,#3110);
#3112=FACE_OUTER_BOUND('',#3111,.T.);
#3113=DIRECTION('',0.453990,0.891007,0.);
#3114=ADVANCED_FACE('',#3112,#3113,.T.);
#3115=DIRECTION('',-0.987688,0.156434,0.);
#3116=LINE('',#2943,#3115);
#3117=DIRECTION('',0.,0.,1.);
#3118=LINE('',#2945,#3117);
#3119=DIRECTION('',0.987688,-0.156434,0.);
#3120=LINE('',#2946,#3119);
#3121=DIRECTION('',0.,0.,-1.);
#3122=LINE('',#2944,#3121);
#3123=EDGE_CURVE('',#2979,#2980,#3116,.T.);
#3124=EDGE_CURVE('',#2980,#3000,#3118,.T.);
#3125=EDGE_CURVE('',#3000,#2999,#3120,.T.);
#3126=EDGE_CURVE('',#2999,#2979,#3122,.T.);
#3127=ORIENTED_EDGE('',*,*,#3123,.T.);
#3128=ORIENTED_EDGE('',*,*,#3124,.T.);
#3129=ORIENTED_EDGE('',*,*,#3125,.T.);
#3130=ORIENTED_EDGE('',*,*,#3126,.T.);
#3131=EDGE_LOOP('',#3127,#3128,#3129,#3130);
#3132=FACE_OUTER_BOUND('',#3131,.T.);
#3133=DIRECTION('',0.156434,0.987688,0.);
#3134=ADVANCED_FACE('',#3132,#3133,.T.);
#3135=DIRECTION('',-0.987688,-0.156434,0.);
#3136=LINE('',#2945,#3135);
#3137=DIRECTION('',0.,0.,1.);
#3138=LINE('',#2947,#3137);
#3139=DIRECTION('',0.987688,0.156434,0.);
#3140=LINE('',#2948,#3139);
#3141=DIRECTION('',0.,0.,-1.);
#3142=LINE('',#2946,#3141);
#3143=EDGE_CURVE('',#2980,#2981,#3136,.T.);
#3144=EDGE_CURVE('',#2981,#3001,#3138,.T.);
#3145=EDGE_CURVE('',#3001,#3000,#3140,.T.);
#3146=EDGE_CURVE('',#3000,#2980,#3142,.T.);
#3147=ORIENTED_EDGE('',*,*,#3143,.T.);
#3148=ORIENTED_EDGE('',*,*,#3144,.T.);
#3149=ORIENTED_EDGE('',*,*,#3145,.T.);
#3150=ORIENTED_EDGE('',*,*,#3146,.T.);
#3151=EDGE_LOOP('',#3147,#3148,#3149,#3150);
#3152=FACE_OUTER_BOUND('',#3151,.T.);
#3153=DIRECTION('',-0.156434,0.987688,0.);
#3154=ADVANCED_FACE('',#3152,#3153,.T.);
#3155=DIRECTION('',-0.891007,-0.453990,0.);
#3156=LINE('',#2947,#3155);
#3157=DIRECTION('',0.,0.,1.);
#3158=LINE('',#2949,#3157);
#3159=DIRECTION('',0.891007,0.453990,0.);
#3160=LINE('',#2950,#3159);
#3161=DIRECTION('',0.,0.,-1.);
#3162=LINE('',#2948,#3161);
#3163=EDGE_CURVE('',#2981,#2982,#3156,.T.);
#3164=EDGE_CURVE('',#2982,#3002,#3158,.T.);
#3165=EDGE_CURVE('',#3002,#3001,#3160,.T.);
#3166=EDGE_CURVE('',#3001,#2981,#3162,.T.);
#3167=ORIENTED_EDGE('',*,*,#3163,.T.);
#3168=ORIENTED_EDGE('',*,*,#3164,.T.);
#3169=ORIENTED_EDGE('',*,*,#3165,.T.);
#3170=ORIENTED_EDGE('',*,*,#3166,.T.);
#3171=EDGE_LOOP('',#3167,#3168,#3169,#3170);
#3172=FACE_OUTER_BOUND('',#3171,.T.);
#3173=DIRECTION('',-0.453990,0.891007,0.);
#3174=ADVANCED_FACE('',#3172,#3173,.T.);
#3175=DIRECTION('',-0.707107,-0.707107,0.);
#3176=LINE('',#2949,#3175);
#3177=DIRECTION('',0.,0.,1.);
#3178=LINE('',#2951,#3177);
#3179=DIRECTION('',0.707107,0.707107,0.);
#3180=LINE('',#2952,#3179);
#3181=DIRECTION('',0.,0.,-1.);
#3182=LINE('',#2950,#3181);
#3183=EDGE_CURVE('',#2982,#2983,#3176,.T.);
#3184=EDGE_CURVE('',#2983,#3003,#3178,.T.);
#3185=EDGE_CURVE('',#3003,#3002,#3180,.T.);
#3186=EDGE_CURVE('',#3002,#2982,#3182,.T.);
#3187=ORIENTED_EDGE('',*,*,#3183,.T.);
#3188=ORIENTED_EDGE('',*,*,#3184,.T.);
#3189=ORIENTED_EDGE('',*,*,#3185,.T.);
#3190=ORIENTED_EDGE('',*,*,#3186,.T.);
#3191=EDGE_LOOP('',#3187,#3188,#3189,#3190);
#3192=FACE_OUTER_BOUND('',#3191,.T.);
#3193=DIRECTION('',-0.707107,0.707107,0.);
#3194=ADVANCED_FACE('',#3192,#3193,.T.);
#3195=DIRECTION('',-0.453990,-0.891007,0.);
#3196=LINE('',#2951,#3195);
#3197=DIRECTION('',0.,0.,1.);
#3198=LINE('',#2953,#3197);
#3199=DIRECTION('',0.453990,0.891007,0.);
#3200=LINE('',#2954,#3199);
#3201=DIRECTION('',0.,0.,-1.);
#3202=LINE('',#2952,#3201);
#3203=EDGE_CURVE('',#2983,#2984,#3196,.T.);
#3204=EDGE_CURVE('',#2984,#3004,#3198,.T.);
#3205=EDGE_CURVE('',#3004,#3003,#3200,.T.);
#3206=EDGE_CURVE('',#3003,#2983,#3202,.T.);
#3207=ORIENTED_EDGE('',*,*,#3203,.T.);
#3208=ORIENTED_EDGE('',*,*,#3204,.T.);
#3209=ORIENTED_EDGE('',*,*,#3205,.T.);
#3210=ORIENTED_EDGE('',*,*,#3206,.T.);
#3211=EDGE_LOOP('',#3207,#3208,#3209,#3210);
#3212=FACE_OUTER_BOUND('',#3211,.T.);
#3213=DIRECTION('',-0.891007,0.453990,0.);
#3214=ADVANCED_FACE('',#3212,#3213,.T.);
#3215=DIRECTION('',-0.156434,-0.987688,0.);
#3216=LINE('',#2953,#3215);
#3217=DIRECTION('',0.,0.,1.);
#3218=LINE('',#2955,#3217);
#3219=DIRECTION('',0.156434,0.987688,0.);
#3220=LINE('',#2956,#3219);
#3221=DIRECTION('',0.,0.,-1.);
#3222=LINE('',#2954,#3221);
#3223=EDGE_CURVE('',#2984,#2985,#3216,.T.);
#3224=EDGE_CURVE('',#2985,#3005,#3218,.T.);
#3225=EDGE_CURVE('',#3005,#3004,#3220,.T.);
#3226=EDGE_CURVE('',#3004,#2984,#3222,.T.);
#3227=ORIENTED_EDGE('',*,*,#3223,.T.);
#3228=ORIENTED_EDGE('',*,*,#3224,.T.);
#3229=ORIENTED_EDGE('',*,*,#3225,.T.);
#3230=ORIENTED_EDGE('',*,*,#3226,.T.);
#3231=EDGE_LOOP('',#3227,#3228,#3229,#3230);
#3232=FACE_OUTER_BOUND('',#3231,.T.);
#3233=DIRECTION('',-0.987688,0.156434,0.);
#3234=ADVANCED_FACE('',#3232,#3233,.T.);
#3235=DIRECTION('',0.156434,-0.987688,0.);
#3236=LINE('',#2955,#3235);
#3237=DIRECTION('',0.,0.,1.);
#3238=LINE('',#2957,#3237);
#3239=DIRECTION('',-0.156434,0.987688,0.);
#3240=LINE('',#2958,#3239);
#3241=DIRECTION('',0.,0.,-1.);
#3242=LINE('',#2956,#3241);
#3243=EDGE_CURVE('',#2985,#2986,#3236,.T.);
#3244=EDGE_CURVE('',#2986,#3006,#3238,.T.);
#3245=EDGE_CURVE('',#3006,#3005,#3240,.T.);
#3246=EDGE_CURVE('',#3005,#2985,#3242,.T.);
#3247=ORIENTED_EDGE('',*,*,#3243,.T.);
#3248=ORIENTED_EDGE('',*,*,#3244,.T.);
#3249=ORIENTED_EDGE('',*,*,#3245,.T.);
#3250=ORIENTED_EDGE('',*,*,#3246,.T.);
#3251=EDGE_LOOP('',#3247,#3248,#3249,#3250);
#3252=FACE_OUTER_BOUND('',#3251,.T.);
#3253=DIRECTION('',-0.987688,-0.156434,0.);
#3254=ADVANCED_FACE('',#3252,#3253,.T.);
#3255=DIRECTION('',0.453990,-0.891007,0.);
#3256=LINE('',#2957,#3255);
#3257=DIRECTION('',0.,0.,1.);
#3258=LINE('',#2959,#3257);
#3259=DIRECTION('',-0.453990,0.891007,0.);
#3260=LINE('',#2960,#3259);
#3261=DIRECTION('',0.,0.,-1.);
#3262=LINE('',#2958,#3261);
#3263=EDGE_CURVE('',#2986,#2987,#3256,.T.);
#3264=EDGE_CURVE('',#2987,#3007,#3258,.T.);
#3265=EDGE_CURVE('',#3007,#3006,#3260,.T.);
#3266=EDGE_CURVE('',#3006,#2986,#3262,.T.);
#3267=ORIENTED_EDGE('',*,*,#3263,.T.);
#3268=ORIENTED_EDGE('',*,*,#3264,.T.);
#3269=ORIENTED_EDGE('',*,*,#3265,.T.);
#3270=ORIENTED_EDGE('',*,*,#3266,.T.);
#3271=EDGE_LOOP('',#3267,#3268,#3269,#3270);
#3272=FACE_OUTER_BOUND('',#3271,.T.);
#3273=DIRECTION('',-0.891007,-0.453990,0.);
#3274=ADVANCED_FACE('',#3272,#3273,.T.);
#3275=DIRECTION('',0.707107,-0.707107,0.);
#3276=LINE('',#2959,#3275);
#3277=DIRECTION('',0.,0.,1.);
#3278=LINE('',#2961,#3277);
#3279=DIRECTION('',-0.707107,0.707107,0.);
#3280=LINE('',#2962,#3279);
#3281=DIRECTION('',0.,0.,-1.);
#3282=LINE('',#2960,#3281);
#3283=EDGE_CURVE('',#2987,#2988,#3276,.T.);
#3284=EDGE_CURVE('',#2988,#3008,#3278,.T.);
#3285=EDGE_CURVE('',#3008,#3007,#3280,.T.);
#3286=EDGE_CURVE('',#3007,#2987,#3282,.T.);
#3287=ORIENTED_EDGE('',*,*,#3283,.T.);
#3288=ORIENTED_EDGE('',*,*,#3284,.T.);
#3289=ORIENTED_EDGE('',*,*,#3285,.T.);
#3290=ORIENTED_EDGE('',*,*,#3286,.T.);
#3291=EDGE_LOOP('',#3287,#3288,#3289,#3290);
#3292=FACE_OUTER_BOUND('',#3291,.T.);
#3293=DIRECTION('',-0.707107,-0.707107,0.);
#3294=ADVANCED_FACE('',#3292,#3293,.T.);
#3295=DIRECTION('',0.891007,-0.453990,0.);
#3296=LINE('',#2961,#3295);
#3297=DIRECTION('',0.,0.,1.);
#3298=LINE('',#2963,#3297);
#3299=DIRECTION('',-0.891007,0.453990,0.);
#3300=LINE('',#2964,#3299);
#3301=DIRECTION('',0.,0.,-1.);
#3302=LINE('',#2962,#3301);
#3303=EDGE_CURVE('',#2988,#2989,#3296,.T.);
#3304=EDGE_CURVE('',#2989,#3009,#3298,.T.);
#3305=EDGE_CURVE('',#3009,#3008,#3300,.T.);
#3306=EDGE_CURVE('',#3008,#2988,#3302,.T.);
#3307=ORIENTED_EDGE('',*,*,#3303,.T.);
#3308=ORIENTED_EDGE('',*,*,#3304,.T.);
#3309=ORIENTED_EDGE('',*,*,#3305,.T.);
#3310=ORIENTED_EDGE('',*,*,#3306,.T.);
#3311=EDGE_LOOP('',#3307,#3308,#3309,#3310);
#3312=FACE_OUTER_BOUND('',#3311,.T.);
#3313=DIRECTION('',-0.453990,-0.891007,0.);
#3314=ADVANCED_FACE('',#3312,#3313,.T.);
#3315=DIRECTION('',0.987688,-0.156434,0.);
#3316=LINE('',#2963,#3315);
#3317=DIRECTION('',0.,0.,1.);
#3318=LINE('',#2965,#3317);
#3319=DIRECTION('',-0.987688,0.156434,0.);
#3320=LINE('',#2966,#3319);
#3321=DIRECTION('',0.,0.,-1.);
#3322=LINE('',#2964,#3321);
#3323=EDGE_CURVE('',#2989,#2990,#3316,.T.);
#3324=EDGE_CURVE('',#2990,#3010,#3318,.T.);
#3325=EDGE_CURVE('',#3010,#3009,#3320,.T.);
#3326=EDGE_CURVE('',#3009,#2989,#3322,.T.);
#3327=ORIENTED_EDGE('',*,*,#3323,.T.);
#3328=ORIENTED_EDGE('',*,*,#3324,.T.);
#3329=ORIENTED_EDGE('',*,*,#3325,.T.);
#3330=ORIENTED_EDGE('',*,*,#3326,.T.);
#3331=EDGE_LOOP('',#3327,#3328,#3329,#3330);
#3332=FACE_OUTER_BOUND('',#3331,.T.);
#3333=DIRECTION('',-0.156434,-0.987688,0.);
#3334=ADVANCED_FACE('',#3332,#3333,.T.);
#3335=DIRECTION('',0.987688,0.156434,0.);
#3336=LINE('',#2965,#3335);
#3337=DIRECTION('',0.,0.,1.);
#3338=LINE('',#2967,#3337);
#3339=DIRECTION('',-0.987688,-0.156434,0.);
#3340=LINE('',#2968,#3339);
#3341=DIRECTION('',0.,0.,-1.);
#3342=LINE('',#2966,#3341);
#3343=EDGE_CURVE('',#2990,#2991,#3336,.T.);
#3344=EDGE_CURVE('',#2991,#3011,#3338,.T.);
#3345=EDGE_CURVE('',#3011,#3010,#3340,.T.);
#3346=EDGE_CURVE('',#3010,#2990,#3342,.T.);
#3347=ORIENTED_EDGE('',*,*,#3343,.T.);
#3348=ORIENTED_EDGE('',*,*,#3344,.T.);
#3349=ORIENTED_EDGE('',*,*,#3345,.T.);
#3350=ORIENTED_EDGE('',*,*,#3346,.T.);
#3351=EDGE_LOOP('',#3347,#3348,#3349,#3350);
#3352=FACE_OUTER_BOUND('',#3351,.T.);
#3353=DIRECTION('',0.156434,-0.987688,0.);
#3354=ADVANCED_FACE('',#3352,#3353,.T.);
#3355=DIRECTION('',0.891007,0.453990,0.);
#3356=LINE('',#2967,#3355);
#3357=DIRECTION('',0.,0.,1.);
#3358=LINE('',#2969,#3357);
#3359=DIRECTION('',-0.891007,-0.453990,0.);
#3360=LINE('',#2970,#3359);
#3361=DIRECTION('',0.,0.,-1.);
#3362=LINE('',#2968,#3361);
#3363=EDGE_CURVE('',#2991,#2992,#3356,.T.);
#3364=EDGE_CURVE('',#2992,#3012,#3358,.T.);
#3365=EDGE_CURVE('',#3012,#3011,#3360,.T.);
#3366=EDGE_CURVE('',#3011,#2991,#3362,.T.);
#3367=ORIENTED_EDGE('',*,*,#3363,.T.);
#3368=ORIENTED_EDGE('',*,*,#3364,.T.);
#3369=ORIENTED_EDGE('',*,*,#3365,.T.);
#3370=ORIENTED_EDGE('',*,*,#3366,.T.);
#3371=EDGE_LOOP('',#3367,#3368,#3369,#3370);
#3372=FACE_OUTER_BOUND('',#3371,.T.);
#3373=DIRECTION('',0.453990,-0.891007,0.);
#3374=ADVANCED_FACE('',#3372,#3373,.T.);
#3375=DIRECTION('',0.707107,0.707107,0.);
#3376=LINE('',#2969,#3375);
#3377=DIRECTION('',0.,0.,1.);
#3378=LINE('',#2971,#3377);
#3379=DIRECTION('',-0.707107,-0.707107,0.);
#3380=LINE('',#2972,#3379);
#3381=DIRECTION('',0.,0.,-1.);
#3382=LINE('',#2970,#3381);
#3383=EDGE_CURVE('',#2992,#2993,#3376,.T.);
#3384=EDGE_CURVE('',#2993,#3013,#3378,.T.);
#3385=EDGE_CURVE('',#3013,#3012,#3380,.T.);
#3386=EDGE_CURVE('',#3012,#2992,#3382,.T.);
#3387=ORIENTED_EDGE('',*,*,#3383,.T.);
#3388=ORIENTED_EDGE('',*,*,#3384,.T.);
#3389=ORIENTED_EDGE('',*,*,#3385,.T.);
#3390=ORIENTED_EDGE('',*,*,#3386,.T.);
#3391=EDGE_LOOP('',#3387,#3388,#3389,#3390);
#3392=FACE_OUTER_BOUND('',#3391,.T.);
#3393=DIRECTION('',0.707107,-0.707107,0.);
#3394=ADVANCED_FACE('',#3392,#3393,.T.);
#3395=DIRECTION('',0.453990,0.891007,0.);
#3396=LINE('',#2971,#3395);
#3397=DIRECTION('',0.,0.,1.);
#3398=LINE('',#2973,#3397);
#3399=DIRECTION('',-0.453990,-0.891007,0.);
#3400=LINE('',#2974,#3399);
#3401=DIRECTION('',0.,0.,-1.);
#3402=LINE('',#2972,#3401);
#3403=EDGE_CURVE('',#2993,#2994,#3396,.T.);
#3404=EDGE_CURVE('',#2994,#3014,#3398,.T.);
#3405=EDGE_CURVE('',#3014,#3013,#3400,.T.);
#3406=EDGE_CURVE('',#3013,#2993,#3402,.T.);
#3407=ORIENTED_EDGE('',*,*,#3403,.T.);
#3408=ORIENTED_EDGE('',*,*,#3404,.T.);
#3409=ORIENTED_EDGE('',*,*,#3405,.T.);
#3410=ORIENTED_EDGE('',*,*,#3406,.T.);
#3411=EDGE_LOOP('',#3407,#3408,#3409,#3410);
#3412=FACE_OUTER_BOUND('',#3411,.T.);
#3413=DIRECTION('',0.891007,-0.453990,0.);
#3414=ADVANCED_FACE('',#3412,#3413,.T.);
#3415=DIRECTION('',0.156434,0.987688,0.);
#3416=LINE('',#2973,#3415);
#3417=DIRECTION('',0.,0.,1.);
#3418=LINE('',#2935,#3417);
#3419=DIRECTION('',-0.156434,-0.987688,0.);
#3420=LINE('',#2936,#3419);
#3421=DIRECTION('',0.,0.,-1.);
#3422=LINE('',#2974,#3421);
#3423=EDGE_CURVE('',#2994,#2975,#3416,.T.);
#3424=EDGE_CURVE('',#2975,#2995,#3418,.T.);
#3425=EDGE_CURVE('',#2995,#3014,#3420,.T.);
#3426=EDGE_CURVE('',#3014,#2994,#3422,.T.);
#3427=ORIENTED_EDGE('',*,*,#3423,.T.);
#3428=ORIENTED_EDGE('',*,*,#3424,.T.);
#3429=ORIENTED_EDGE('',*,*,#3425,.T.);
#3430=ORIENTED_EDGE('',*,*,#3426,.T.);
#3431=EDGE_LOOP('',#3427,#3428,#3429,#3430);
#3432=FACE_OUTER_BOUND('',#3431,.T.);
#3433=DIRECTION('',-0.987688,0.156434,0.);
#3434=ADVANCED_FACE('',#3432,#3433,.T.);
#3435=CLOSED_SHELL('',#3024,#3034,#3054,#3074,#3094,#3114,#3134,#3154,#3174,#3194,#3214,#3234,#3254,#3274,#3294,#3314,#3334,#3354,#3374,#3394,#3414,#3434);
#3436=MANIFOLD_SOLID_BREP('',#3435);
#3437=CARTESIAN_POINT('',(10.000000,10.000000,2.000000));
#3438=DIRECTION('',0.,0.,1.);
#3439=DIRECTION('',1.,0.,0.);
#3440=AXIS2_PLACEMENT_3D('',#3437,#3438,#3439);
#3441=ADVANCED_BREP_SHAPE_REPRESENTATION('',#3436,#3440);
#3442=SHAPE_DEFINITION_REPRESENTATION(#2934,#3441);
#3443=PRODUCT('ShieldHole_1','Shield Hole 1','Shield standoff hole',('mechanical'));
#3444=PRODUCT_DEFINITION_FORMATION('',#3443);
#3445=PRODUCT_DEFINITION('design','',#3444,#1);
#3446=PRODUCT_DEFINITION_SHAPE('','',#3445);
#3447=CARTESIAN_POINT('',(11.750000,190.000000,2.000000));
#3448=CARTESIAN_POINT('',(11.750000,190.000000,17.000000));
#3449=CARTESIAN_POINT('',(11.664349,190.540780,2.000000));
#3450=CARTESIAN_POINT('',(11.664349,190.540780,17.000000));
#3451=CARTESIAN_POINT('',(11.415780,191.028624,2.000000));
#3452=CARTESIAN_POINT('',(11.415780,191.028624,17.000000));
#3453=CARTESIAN_POINT('',(11.028624,191.415780,2.000000));
#3454=CARTESIAN_POINT('',(11.028624,191.415780,17.000000));
#3455=CARTESIAN_POINT('',(10.540780,191.664349,2.000000));
#3456=CARTESIAN_POINT('',(10.540780,191.664349,17.000000));
#3457=CARTESIAN_POINT('',(10.000000,191.750000,2.000000));
#3458=CARTESIAN_POINT('',(10.000000,191.750000,17.000000));
#3459=CARTESIAN_POINT('',(9.459220,191.664349,2.000000));
#3460=CARTESIAN_POINT('',(9.459220,191.664349,17.000000));
#3461=CARTESIAN_POINT('',(8.971376,191.415780,2.000000));
#3462=CARTESIAN_POINT('',(8.971376,191.415780,17.000000));
#3463=CARTESIAN_POINT('',(8.584220,191.028624,2.000000));
#3464=CARTESIAN_POINT('',(8.584220,191.028624,17.000000));
#3465=CARTESIAN_POINT('',(8.335651,190.540780,2.000000));
#3466=CARTESIAN_POINT('',(8.335651,190.540780,17.000000));
#3467=CARTESIAN_POINT('',(8.250000,190.000000,2.000000));
#3468=CARTESIAN_POINT('',(8.250000,190.000000,17.000000));
#3469=CARTESIAN_POINT('',(8.335651,189.459220,2.000000));
#3470=CARTESIAN_POINT('',(8.335651,189.459220,17.000000));
#3471=CARTESIAN_POINT('',(8.584220,188.971376,2.000000));
#3472=CARTESIAN_POINT('',(8.584220,188.971376,17.000000));
#3473=CARTESIAN_POINT('',(8.971376,188.584220,2.000000));
#3474=CARTESIAN_POINT('',(8.971376,188.584220,17.000000));
#3475=CARTESIAN_POINT('',(9.459220,188.335651,2.000000));
#3476=CARTESIAN_POINT('',(9.459220,188.335651,17.000000));
#3477=CARTESIAN_POINT('',(10.000000,188.250000,2.000000));
#3478=CARTESIAN_POINT('',(10.000000,188.250000,17.000000));
#3479=CARTESIAN_POINT('',(10.540780,188.335651,2.000000));
#3480=CARTESIAN_POINT('',(10.540780,188.335651,17.000000));
#3481=CARTESIAN_POINT('',(11.028624,188.584220,2.000000));
#3482=CARTESIAN_POINT('',(11.028624,188.584220,17.000000));
#3483=CARTESIAN_POINT('',(11.415780,188.971376,2.000000));
#3484=CARTESIAN_POINT('',(11.415780,188.971376,17.000000));
#3485=CARTESIAN_POINT('',(11.664349,189.459220,2.000000));
#3486=CARTESIAN_POINT('',(11.664349,189.459220,17.000000));
#3487=VERTEX_POINT('',#3447);
#3488=VERTEX_POINT('',#3449);
#3489=VERTEX_POINT('',#3451);
#3490=VERTEX_POINT('',#3453);
#3491=VERTEX_POINT('',#3455);
#3492=VERTEX_POINT('',#3457);
#3493=VERTEX_POINT('',#3459);
#3494=VERTEX_POINT('',#3461);
#3495=VERTEX_POINT('',#3463);
#3496=VERTEX_POINT('',#3465);
#3497=VERTEX_POINT('',#3467);
#3498=VERTEX_POINT('',#3469);
#3499=VERTEX_POINT('',#3471);
#3500=VERTEX_POINT('',#3473);
#3501=VERTEX_POINT('',#3475);
#3502=VERTEX_POINT('',#3477);
#3503=VERTEX_POINT('',#3479);
#3504=VERTEX_POINT('',#3481);
#3505=VERTEX_POINT('',#3483);
#3506=VERTEX_POINT('',#3485);
#3507=VERTEX_POINT('',#3448);
#3508=VERTEX_POINT('',#3450);
#3509=VERTEX_POINT('',#3452);
#3510=VERTEX_POINT('',#3454);
#3511=VERTEX_POINT('',#3456);
#3512=VERTEX_POINT('',#3458);
#3513=VERTEX_POINT('',#3460);
#3514=VERTEX_POINT('',#3462);
#3515=VERTEX_POINT('',#3464);
#3516=VERTEX_POINT('',#3466);
#3517=VERTEX_POINT('',#3468);
#3518=VERTEX_POINT('',#3470);
#3519=VERTEX_POINT('',#3472);
#3520=VERTEX_POINT('',#3474);
#3521=VERTEX_POINT('',#3476);
#3522=VERTEX_POINT('',#3478);
#3523=VERTEX_POINT('',#3480);
#3524=VERTEX_POINT('',#3482);
#3525=VERTEX_POINT('',#3484);
#3526=VERTEX_POINT('',#3486);
#3527=CARTESIAN_POINT('',(10.000000,190.000000,2.000000));
#3528=DIRECTION('',0.,0.,-1.);
#3529=DIRECTION('',1.,0.,0.);
#3530=AXIS2_PLACEMENT_3D('',#3527,#3528,#3529);
#3531=CIRCLE('',#3530,1.750000);
#3532=EDGE_CURVE('',#3487,#3487,#3531,.T.);
#3533=ORIENTED_EDGE('',*,*,#3532,.T.);
#3534=EDGE_LOOP('',#3533);
#3535=FACE_OUTER_BOUND('',#3534,.T.);
#3536=ADVANCED_FACE('',#3535,#3528,.T.);
#3537=CARTESIAN_POINT('',(10.000000,190.000000,17.000000));
#3538=DIRECTION('',0.,0.,1.);
#3539=DIRECTION('',1.,0.,0.);
#3540=AXIS2_PLACEMENT_3D('',#3537,#3538,#3539);
#3541=CIRCLE('',#3540,1.750000);
#3542=EDGE_CURVE('',#3507,#3507,#3541,.T.);
#3543=ORIENTED_EDGE('',*,*,#3542,.T.);
#3544=EDGE_LOOP('',#3543);
#3545=FACE_OUTER_BOUND('',#3544,.T.);
#3546=ADVANCED_FACE('',#3545,#3538,.T.);
#3547=DIRECTION('',-0.156434,0.987688,0.);
#3548=LINE('',#3447,#3547);
#3549=DIRECTION('',0.,0.,1.);
#3550=LINE('',#3449,#3549);
#3551=DIRECTION('',0.156434,-0.987688,0.);
#3552=LINE('',#3450,#3551);
#3553=DIRECTION('',0.,0.,-1.);
#3554=LINE('',#3448,#3553);
#3555=EDGE_CURVE('',#3487,#3488,#3548,.T.);
#3556=EDGE_CURVE('',#3488,#3508,#3550,.T.);
#3557=EDGE_CURVE('',#3508,#3507,#3552,.T.);
#3558=EDGE_CURVE('',#3507,#3487,#3554,.T.);
#3559=ORIENTED_EDGE('',*,*,#3555,.T.);
#3560=ORIENTED_EDGE('',*,*,#3556,.T.);
#3561=ORIENTED_EDGE('',*,*,#3557,.T.);
#3562=ORIENTED_EDGE('',*,*,#3558,.T.);
#3563=EDGE_LOOP('',#3559,#3560,#3561,#3562);
#3564=FACE_OUTER_BOUND('',#3563,.T.);
#3565=DIRECTION('',0.987688,0.156434,0.);
#3566=ADVANCED_FACE('',#3564,#3565,.T.);
#3567=DIRECTION('',-0.453990,0.891007,0.);
#3568=LINE('',#3449,#3567);
#3569=DIRECTION('',0.,0.,1.);
#3570=LINE('',#3451,#3569);
#3571=DIRECTION('',0.453990,-0.891007,0.);
#3572=LINE('',#3452,#3571);
#3573=DIRECTION('',0.,0.,-1.);
#3574=LINE('',#3450,#3573);
#3575=EDGE_CURVE('',#3488,#3489,#3568,.T.);
#3576=EDGE_CURVE('',#3489,#3509,#3570,.T.);
#3577=EDGE_CURVE('',#3509,#3508,#3572,.T.);
#3578=EDGE_CURVE('',#3508,#3488,#3574,.T.);
#3579=ORIENTED_EDGE('',*,*,#3575,.T.);
#3580=ORIENTED_EDGE('',*,*,#3576,.T.);
#3581=ORIENTED_EDGE('',*,*,#3577,.T.);
#3582=ORIENTED_EDGE('',*,*,#3578,.T.);
#3583=EDGE_LOOP('',#3579,#3580,#3581,#3582);
#3584=FACE_OUTER_BOUND('',#3583,.T.);
#3585=DIRECTION('',0.891007,0.453990,0.);
#3586=ADVANCED_FACE('',#3584,#3585,.T.);
#3587=DIRECTION('',-0.707107,0.707107,0.);
#3588=LINE('',#3451,#3587);
#3589=DIRECTION('',0.,0.,1.);
#3590=LINE('',#3453,#3589);
#3591=DIRECTION('',0.707107,-0.707107,0.);
#3592=LINE('',#3454,#3591);
#3593=DIRECTION('',0.,0.,-1.);
#3594=LINE('',#3452,#3593);
#3595=EDGE_CURVE('',#3489,#3490,#3588,.T.);
#3596=EDGE_CURVE('',#3490,#3510,#3590,.T.);
#3597=EDGE_CURVE('',#3510,#3509,#3592,.T.);
#3598=EDGE_CURVE('',#3509,#3489,#3594,.T.);
#3599=ORIENTED_EDGE('',*,*,#3595,.T.);
#3600=ORIENTED_EDGE('',*,*,#3596,.T.);
#3601=ORIENTED_EDGE('',*,*,#3597,.T.);
#3602=ORIENTED_EDGE('',*,*,#3598,.T.);
#3603=EDGE_LOOP('',#3599,#3600,#3601,#3602);
#3604=FACE_OUTER_BOUND('',#3603,.T.);
#3605=DIRECTION('',0.707107,0.707107,0.);
#3606=ADVANCED_FACE('',#3604,#3605,.T.);
#3607=DIRECTION('',-0.891007,0.453990,0.);
#3608=LINE('',#3453,#3607);
#3609=DIRECTION('',0.,0.,1.);
#3610=LINE('',#3455,#3609);
#3611=DIRECTION('',0.891007,-0.453990,0.);
#3612=LINE('',#3456,#3611);
#3613=DIRECTION('',0.,0.,-1.);
#3614=LINE('',#3454,#3613);
#3615=EDGE_CURVE('',#3490,#3491,#3608,.T.);
#3616=EDGE_CURVE('',#3491,#3511,#3610,.T.);
#3617=EDGE_CURVE('',#3511,#3510,#3612,.T.);
#3618=EDGE_CURVE('',#3510,#3490,#3614,.T.);
#3619=ORIENTED_EDGE('',*,*,#3615,.T.);
#3620=ORIENTED_EDGE('',*,*,#3616,.T.);
#3621=ORIENTED_EDGE('',*,*,#3617,.T.);
#3622=ORIENTED_EDGE('',*,*,#3618,.T.);
#3623=EDGE_LOOP('',#3619,#3620,#3621,#3622);
#3624=FACE_OUTER_BOUND('',#3623,.T.);
#3625=DIRECTION('',0.453990,0.891007,0.);
#3626=ADVANCED_FACE('',#3624,#3625,.T.);
#3627=DIRECTION('',-0.987688,0.156434,0.);
#3628=LINE('',#3455,#3627);
#3629=DIRECTION('',0.,0.,1.);
#3630=LINE('',#3457,#3629);
#3631=DIRECTION('',0.987688,-0.156434,0.);
#3632=LINE('',#3458,#3631);
#3633=DIRECTION('',0.,0.,-1.);
#3634=LINE('',#3456,#3633);
#3635=EDGE_CURVE('',#3491,#3492,#3628,.T.);
#3636=EDGE_CURVE('',#3492,#3512,#3630,.T.);
#3637=EDGE_CURVE('',#3512,#3511,#3632,.T.);
#3638=EDGE_CURVE('',#3511,#3491,#3634,.T.);
#3639=ORIENTED_EDGE('',*,*,#3635,.T.);
#3640=ORIENTED_EDGE('',*,*,#3636,.T.);
#3641=ORIENTED_EDGE('',*,*,#3637,.T.);
#3642=ORIENTED_EDGE('',*,*,#3638,.T.);
#3643=EDGE_LOOP('',#3639,#3640,#3641,#3642);
#3644=FACE_OUTER_BOUND('',#3643,.T.);
#3645=DIRECTION('',0.156434,0.987688,0.);
#3646=ADVANCED_FACE('',#3644,#3645,.T.);
#3647=DIRECTION('',-0.987688,-0.156434,0.);
#3648=LINE('',#3457,#3647);
#3649=DIRECTION('',0.,0.,1.);
#3650=LINE('',#3459,#3649);
#3651=DIRECTION('',0.987688,0.156434,0.);
#3652=LINE('',#3460,#3651);
#3653=DIRECTION('',0.,0.,-1.);
#3654=LINE('',#3458,#3653);
#3655=EDGE_CURVE('',#3492,#3493,#3648,.T.);
#3656=EDGE_CURVE('',#3493,#3513,#3650,.T.);
#3657=EDGE_CURVE('',#3513,#3512,#3652,.T.);
#3658=EDGE_CURVE('',#3512,#3492,#3654,.T.);
#3659=ORIENTED_EDGE('',*,*,#3655,.T.);
#3660=ORIENTED_EDGE('',*,*,#3656,.T.);
#3661=ORIENTED_EDGE('',*,*,#3657,.T.);
#3662=ORIENTED_EDGE('',*,*,#3658,.T.);
#3663=EDGE_LOOP('',#3659,#3660,#3661,#3662);
#3664=FACE_OUTER_BOUND('',#3663,.T.);
#3665=DIRECTION('',-0.156434,0.987688,0.);
#3666=ADVANCED_FACE('',#3664,#3665,.T.);
#3667=DIRECTION('',-0.891007,-0.453990,0.);
#3668=LINE('',#3459,#3667);
#3669=DIRECTION('',0.,0.,1.);
#3670=LINE('',#3461,#3669);
#3671=DIRECTION('',0.891007,0.453990,0.);
#3672=LINE('',#3462,#3671);
#3673=DIRECTION('',0.,0.,-1.);
#3674=LINE('',#3460,#3673);
#3675=EDGE_CURVE('',#3493,#3494,#3668,.T.);
#3676=EDGE_CURVE('',#3494,#3514,#3670,.T.);
#3677=EDGE_CURVE('',#3514,#3513,#3672,.T.);
#3678=EDGE_CURVE('',#3513,#3493,#3674,.T.);
#3679=ORIENTED_EDGE('',*,*,#3675,.T.);
#3680=ORIENTED_EDGE('',*,*,#3676,.T.);
#3681=ORIENTED_EDGE('',*,*,#3677,.T.);
#3682=ORIENTED_EDGE('',*,*,#3678,.T.);
#3683=EDGE_LOOP('',#3679,#3680,#3681,#3682);
#3684=FACE_OUTER_BOUND('',#3683,.T.);
#3685=DIRECTION('',-0.453990,0.891007,0.);
#3686=ADVANCED_FACE('',#3684,#3685,.T.);
#3687=DIRECTION('',-0.707107,-0.707107,0.);
#3688=LINE('',#3461,#3687);
#3689=DIRECTION('',0.,0.,1.);
#3690=LINE('',#3463,#3689);
#3691=DIRECTION('',0.707107,0.707107,0.);
#3692=LINE('',#3464,#3691);
#3693=DIRECTION('',0.,0.,-1.);
#3694=LINE('',#3462,#3693);
#3695=EDGE_CURVE('',#3494,#3495,#3688,.T.);
#3696=EDGE_CURVE('',#3495,#3515,#3690,.T.);
#3697=EDGE_CURVE('',#3515,#3514,#3692,.T.);
#3698=EDGE_CURVE('',#3514,#3494,#3694,.T.);
#3699=ORIENTED_EDGE('',*,*,#3695,.T.);
#3700=ORIENTED_EDGE('',*,*,#3696,.T.);
#3701=ORIENTED_EDGE('',*,*,#3697,.T.);
#3702=ORIENTED_EDGE('',*,*,#3698,.T.);
#3703=EDGE_LOOP('',#3699,#3700,#3701,#3702);
#3704=FACE_OUTER_BOUND('',#3703,.T.);
#3705=DIRECTION('',-0.707107,0.707107,0.);
#3706=ADVANCED_FACE('',#3704,#3705,.T.);
#3707=DIRECTION('',-0.453990,-0.891007,0.);
#3708=LINE('',#3463,#3707);
#3709=DIRECTION('',0.,0.,1.);
#3710=LINE('',#3465,#3709);
#3711=DIRECTION('',0.453990,0.891007,0.);
#3712=LINE('',#3466,#3711);
#3713=DIRECTION('',0.,0.,-1.);
#3714=LINE('',#3464,#3713);
#3715=EDGE_CURVE('',#3495,#3496,#3708,.T.);
#3716=EDGE_CURVE('',#3496,#3516,#3710,.T.);
#3717=EDGE_CURVE('',#3516,#3515,#3712,.T.);
#3718=EDGE_CURVE('',#3515,#3495,#3714,.T.);
#3719=ORIENTED_EDGE('',*,*,#3715,.T.);
#3720=ORIENTED_EDGE('',*,*,#3716,.T.);
#3721=ORIENTED_EDGE('',*,*,#3717,.T.);
#3722=ORIENTED_EDGE('',*,*,#3718,.T.);
#3723=EDGE_LOOP('',#3719,#3720,#3721,#3722);
#3724=FACE_OUTER_BOUND('',#3723,.T.);
#3725=DIRECTION('',-0.891007,0.453990,0.);
#3726=ADVANCED_FACE('',#3724,#3725,.T.);
#3727=DIRECTION('',-0.156434,-0.987688,0.);
#3728=LINE('',#3465,#3727);
#3729=DIRECTION('',0.,0.,1.);
#3730=LINE('',#3467,#3729);
#3731=DIRECTION('',0.156434,0.987688,0.);
#3732=LINE('',#3468,#3731);
#3733=DIRECTION('',0.,0.,-1.);
#3734=LINE('',#3466,#3733);
#3735=EDGE_CURVE('',#3496,#3497,#3728,.T.);
#3736=EDGE_CURVE('',#3497,#3517,#3730,.T.);
#3737=EDGE_CURVE('',#3517,#3516,#3732,.T.);
#3738=EDGE_CURVE('',#3516,#3496,#3734,.T.);
#3739=ORIENTED_EDGE('',*,*,#3735,.T.);
#3740=ORIENTED_EDGE('',*,*,#3736,.T.);
#3741=ORIENTED_EDGE('',*,*,#3737,.T.);
#3742=ORIENTED_EDGE('',*,*,#3738,.T.);
#3743=EDGE_LOOP('',#3739,#3740,#3741,#3742);
#3744=FACE_OUTER_BOUND('',#3743,.T.);
#3745=DIRECTION('',-0.987688,0.156434,0.);
#3746=ADVANCED_FACE('',#3744,#3745,.T.);
#3747=DIRECTION('',0.156434,-0.987688,0.);
#3748=LINE('',#3467,#3747);
#3749=DIRECTION('',0.,0.,1.);
#3750=LINE('',#3469,#3749);
#3751=DIRECTION('',-0.156434,0.987688,0.);
#3752=LINE('',#3470,#3751);
#3753=DIRECTION('',0.,0.,-1.);
#3754=LINE('',#3468,#3753);
#3755=EDGE_CURVE('',#3497,#3498,#3748,.T.);
#3756=EDGE_CURVE('',#3498,#3518,#3750,.T.);
#3757=EDGE_CURVE('',#3518,#3517,#3752,.T.);
#3758=EDGE_CURVE('',#3517,#3497,#3754,.T.);
#3759=ORIENTED_EDGE('',*,*,#3755,.T.);
#3760=ORIENTED_EDGE('',*,*,#3756,.T.);
#3761=ORIENTED_EDGE('',*,*,#3757,.T.);
#3762=ORIENTED_EDGE('',*,*,#3758,.T.);
#3763=EDGE_LOOP('',#3759,#3760,#3761,#3762);
#3764=FACE_OUTER_BOUND('',#3763,.T.);
#3765=DIRECTION('',-0.987688,-0.156434,0.);
#3766=ADVANCED_FACE('',#3764,#3765,.T.);
#3767=DIRECTION('',0.453990,-0.891007,0.);
#3768=LINE('',#3469,#3767);
#3769=DIRECTION('',0.,0.,1.);
#3770=LINE('',#3471,#3769);
#3771=DIRECTION('',-0.453990,0.891007,0.);
#3772=LINE('',#3472,#3771);
#3773=DIRECTION('',0.,0.,-1.);
#3774=LINE('',#3470,#3773);
#3775=EDGE_CURVE('',#3498,#3499,#3768,.T.);
#3776=EDGE_CURVE('',#3499,#3519,#3770,.T.);
#3777=EDGE_CURVE('',#3519,#3518,#3772,.T.);
#3778=EDGE_CURVE('',#3518,#3498,#3774,.T.);
#3779=ORIENTED_EDGE('',*,*,#3775,.T.);
#3780=ORIENTED_EDGE('',*,*,#3776,.T.);
#3781=ORIENTED_EDGE('',*,*,#3777,.T.);
#3782=ORIENTED_EDGE('',*,*,#3778,.T.);
#3783=EDGE_LOOP('',#3779,#3780,#3781,#3782);
#3784=FACE_OUTER_BOUND('',#3783,.T.);
#3785=DIRECTION('',-0.891007,-0.453990,0.);
#3786=ADVANCED_FACE('',#3784,#3785,.T.);
#3787=DIRECTION('',0.707107,-0.707107,0.);
#3788=LINE('',#3471,#3787);
#3789=DIRECTION('',0.,0.,1.);
#3790=LINE('',#3473,#3789);
#3791=DIRECTION('',-0.707107,0.707107,0.);
#3792=LINE('',#3474,#3791);
#3793=DIRECTION('',0.,0.,-1.);
#3794=LINE('',#3472,#3793);
#3795=EDGE_CURVE('',#3499,#3500,#3788,.T.);
#3796=EDGE_CURVE('',#3500,#3520,#3790,.T.);
#3797=EDGE_CURVE('',#3520,#3519,#3792,.T.);
#3798=EDGE_CURVE('',#3519,#3499,#3794,.T.);
#3799=ORIENTED_EDGE('',*,*,#3795,.T.);
#3800=ORIENTED_EDGE('',*,*,#3796,.T.);
#3801=ORIENTED_EDGE('',*,*,#3797,.T.);
#3802=ORIENTED_EDGE('',*,*,#3798,.T.);
#3803=EDGE_LOOP('',#3799,#3800,#3801,#3802);
#3804=FACE_OUTER_BOUND('',#3803,.T.);
#3805=DIRECTION('',-0.707107,-0.707107,0.);
#3806=ADVANCED_FACE('',#3804,#3805,.T.);
#3807=DIRECTION('',0.891007,-0.453990,0.);
#3808=LINE('',#3473,#3807);
#3809=DIRECTION('',0.,0.,1.);
#3810=LINE('',#3475,#3809);
#3811=DIRECTION('',-0.891007,0.453990,0.);
#3812=LINE('',#3476,#3811);
#3813=DIRECTION('',0.,0.,-1.);
#3814=LINE('',#3474,#3813);
#3815=EDGE_CURVE('',#3500,#3501,#3808,.T.);
#3816=EDGE_CURVE('',#3501,#3521,#3810,.T.);
#3817=EDGE_CURVE('',#3521,#3520,#3812,.T.);
#3818=EDGE_CURVE('',#3520,#3500,#3814,.T.);
#3819=ORIENTED_EDGE('',*,*,#3815,.T.);
#3820=ORIENTED_EDGE('',*,*,#3816,.T.);
#3821=ORIENTED_EDGE('',*,*,#3817,.T.);
#3822=ORIENTED_EDGE('',*,*,#3818,.T.);
#3823=EDGE_LOOP('',#3819,#3820,#3821,#3822);
#3824=FACE_OUTER_BOUND('',#3823,.T.);
#3825=DIRECTION('',-0.453990,-0.891007,0.);
#3826=ADVANCED_FACE('',#3824,#3825,.T.);
#3827=DIRECTION('',0.987688,-0.156434,0.);
#3828=LINE('',#3475,#3827);
#3829=DIRECTION('',0.,0.,1.);
#3830=LINE('',#3477,#3829);
#3831=DIRECTION('',-0.987688,0.156434,0.);
#3832=LINE('',#3478,#3831);
#3833=DIRECTION('',0.,0.,-1.);
#3834=LINE('',#3476,#3833);
#3835=EDGE_CURVE('',#3501,#3502,#3828,.T.);
#3836=EDGE_CURVE('',#3502,#3522,#3830,.T.);
#3837=EDGE_CURVE('',#3522,#3521,#3832,.T.);
#3838=EDGE_CURVE('',#3521,#3501,#3834,.T.);
#3839=ORIENTED_EDGE('',*,*,#3835,.T.);
#3840=ORIENTED_EDGE('',*,*,#3836,.T.);
#3841=ORIENTED_EDGE('',*,*,#3837,.T.);
#3842=ORIENTED_EDGE('',*,*,#3838,.T.);
#3843=EDGE_LOOP('',#3839,#3840,#3841,#3842);
#3844=FACE_OUTER_BOUND('',#3843,.T.);
#3845=DIRECTION('',-0.156434,-0.987688,0.);
#3846=ADVANCED_FACE('',#3844,#3845,.T.);
#3847=DIRECTION('',0.987688,0.156434,0.);
#3848=LINE('',#3477,#3847);
#3849=DIRECTION('',0.,0.,1.);
#3850=LINE('',#3479,#3849);
#3851=DIRECTION('',-0.987688,-0.156434,0.);
#3852=LINE('',#3480,#3851);
#3853=DIRECTION('',0.,0.,-1.);
#3854=LINE('',#3478,#3853);
#3855=EDGE_CURVE('',#3502,#3503,#3848,.T.);
#3856=EDGE_CURVE('',#3503,#3523,#3850,.T.);
#3857=EDGE_CURVE('',#3523,#3522,#3852,.T.);
#3858=EDGE_CURVE('',#3522,#3502,#3854,.T.);
#3859=ORIENTED_EDGE('',*,*,#3855,.T.);
#3860=ORIENTED_EDGE('',*,*,#3856,.T.);
#3861=ORIENTED_EDGE('',*,*,#3857,.T.);
#3862=ORIENTED_EDGE('',*,*,#3858,.T.);
#3863=EDGE_LOOP('',#3859,#3860,#3861,#3862);
#3864=FACE_OUTER_BOUND('',#3863,.T.);
#3865=DIRECTION('',0.156434,-0.987688,0.);
#3866=ADVANCED_FACE('',#3864,#3865,.T.);
#3867=DIRECTION('',0.891007,0.453990,0.);
#3868=LINE('',#3479,#3867);
#3869=DIRECTION('',0.,0.,1.);
#3870=LINE('',#3481,#3869);
#3871=DIRECTION('',-0.891007,-0.453990,0.);
#3872=LINE('',#3482,#3871);
#3873=DIRECTION('',0.,0.,-1.);
#3874=LINE('',#3480,#3873);
#3875=EDGE_CURVE('',#3503,#3504,#3868,.T.);
#3876=EDGE_CURVE('',#3504,#3524,#3870,.T.);
#3877=EDGE_CURVE('',#3524,#3523,#3872,.T.);
#3878=EDGE_CURVE('',#3523,#3503,#3874,.T.);
#3879=ORIENTED_EDGE('',*,*,#3875,.T.);
#3880=ORIENTED_EDGE('',*,*,#3876,.T.);
#3881=ORIENTED_EDGE('',*,*,#3877,.T.);
#3882=ORIENTED_EDGE('',*,*,#3878,.T.);
#3883=EDGE_LOOP('',#3879,#3880,#3881,#3882);
#3884=FACE_OUTER_BOUND('',#3883,.T.);
#3885=DIRECTION('',0.453990,-0.891007,0.);
#3886=ADVANCED_FACE('',#3884,#3885,.T.);
#3887=DIRECTION('',0.707107,0.707107,0.);
#3888=LINE('',#3481,#3887);
#3889=DIRECTION('',0.,0.,1.);
#3890=LINE('',#3483,#3889);
#3891=DIRECTION('',-0.707107,-0.707107,0.);
#3892=LINE('',#3484,#3891);
#3893=DIRECTION('',0.,0.,-1.);
#3894=LINE('',#3482,#3893);
#3895=EDGE_CURVE('',#3504,#3505,#3888,.T.);
#3896=EDGE_CURVE('',#3505,#3525,#3890,.T.);
#3897=EDGE_CURVE('',#3525,#3524,#3892,.T.);
#3898=EDGE_CURVE('',#3524,#3504,#3894,.T.);
#3899=ORIENTED_EDGE('',*,*,#3895,.T.);
#3900=ORIENTED_EDGE('',*,*,#3896,.T.);
#3901=ORIENTED_EDGE('',*,*,#3897,.T.);
#3902=ORIENTED_EDGE('',*,*,#3898,.T.);
#3903=EDGE_LOOP('',#3899,#3900,#3901,#3902);
#3904=FACE_OUTER_BOUND('',#3903,.T.);
#3905=DIRECTION('',0.707107,-0.707107,0.);
#3906=ADVANCED_FACE('',#3904,#3905,.T.);
#3907=DIRECTION('',0.453990,0.891007,0.);
#3908=LINE('',#3483,#3907);
#3909=DIRECTION('',0.,0.,1.);
#3910=LINE('',#3485,#3909);
#3911=DIRECTION('',-0.453990,-0.891007,0.);
#3912=LINE('',#3486,#3911);
#3913=DIRECTION('',0.,0.,-1.);
#3914=LINE('',#3484,#3913);
#3915=EDGE_CURVE('',#3505,#3506,#3908,.T.);
#3916=EDGE_CURVE('',#3506,#3526,#3910,.T.);
#3917=EDGE_CURVE('',#3526,#3525,#3912,.T.);
#3918=EDGE_CURVE('',#3525,#3505,#3914,.T.);
#3919=ORIENTED_EDGE('',*,*,#3915,.T.);
#3920=ORIENTED_EDGE('',*,*,#3916,.T.);
#3921=ORIENTED_EDGE('',*,*,#3917,.T.);
#3922=ORIENTED_EDGE('',*,*,#3918,.T.);
#3923=EDGE_LOOP('',#3919,#3920,#3921,#3922);
#3924=FACE_OUTER_BOUND('',#3923,.T.);
#3925=DIRECTION('',0.891007,-0.453990,0.);
#3926=ADVANCED_FACE('',#3924,#3925,.T.);
#3927=DIRECTION('',0.156434,0.987688,0.);
#3928=LINE('',#3485,#3927);
#3929=DIRECTION('',0.,0.,1.);
#3930=LINE('',#3447,#3929);
#3931=DIRECTION('',-0.156434,-0.987688,0.);
#3932=LINE('',#3448,#3931);
#3933=DIRECTION('',0.,0.,-1.);
#3934=LINE('',#3486,#3933);
#3935=EDGE_CURVE('',#3506,#3487,#3928,.T.);
#3936=EDGE_CURVE('',#3487,#3507,#3930,.T.);
#3937=EDGE_CURVE('',#3507,#3526,#3932,.T.);
#3938=EDGE_CURVE('',#3526,#3506,#3934,.T.);
#3939=ORIENTED_EDGE('',*,*,#3935,.T.);
#3940=ORIENTED_EDGE('',*,*,#3936,.T.);
#3941=ORIENTED_EDGE('',*,*,#3937,.T.);
#3942=ORIENTED_EDGE('',*,*,#3938,.T.);
#3943=EDGE_LOOP('',#3939,#3940,#3941,#3942);
#3944=FACE_OUTER_BOUND('',#3943,.T.);
#3945=DIRECTION('',-0.987688,0.156434,0.);
#3946=ADVANCED_FACE('',#3944,#3945,.T.);
#3947=CLOSED_SHELL('',#3536,#3546,#3566,#3586,#3606,#3626,#3646,#3666,#3686,#3706,#3726,#3746,#3766,#3786,#3806,#3826,#3846,#3866,#3886,#3906,#3926,#3946);
#3948=MANIFOLD_SOLID_BREP('',#3947);
#3949=CARTESIAN_POINT('',(10.000000,190.000000,2.000000));
#3950=DIRECTION('',0.,0.,1.);
#3951=DIRECTION('',1.,0.,0.);
#3952=AXIS2_PLACEMENT_3D('',#3949,#3950,#3951);
#3953=ADVANCED_BREP_SHAPE_REPRESENTATION('',#3948,#3952);
#3954=SHAPE_DEFINITION_REPRESENTATION(#3446,#3953);
#3955=PRODUCT('ShieldHole_2','Shield Hole 2','Shield standoff hole',('mechanical'));
#3956=PRODUCT_DEFINITION_FORMATION('',#3955);
#3957=PRODUCT_DEFINITION('design','',#3956,#1);
#3958=PRODUCT_DEFINITION_SHAPE('','',#3957);
#3959=CARTESIAN_POINT('',(191.750000,10.000000,2.000000));
#3960=CARTESIAN_POINT('',(191.750000,10.000000,17.000000));
#3961=CARTESIAN_POINT('',(191.664349,10.540780,2.000000));
#3962=CARTESIAN_POINT('',(191.664349,10.540780,17.000000));
#3963=CARTESIAN_POINT('',(191.415780,11.028624,2.000000));
#3964=CARTESIAN_POINT('',(191.415780,11.028624,17.000000));
#3965=CARTESIAN_POINT('',(191.028624,11.415780,2.000000));
#3966=CARTESIAN_POINT('',(191.028624,11.415780,17.000000));
#3967=CARTESIAN_POINT('',(190.540780,11.664349,2.000000));
#3968=CARTESIAN_POINT('',(190.540780,11.664349,17.000000));
#3969=CARTESIAN_POINT('',(190.000000,11.750000,2.000000));
#3970=CARTESIAN_POINT('',(190.000000,11.750000,17.000000));
#3971=CARTESIAN_POINT('',(189.459220,11.664349,2.000000));
#3972=CARTESIAN_POINT('',(189.459220,11.664349,17.000000));
#3973=CARTESIAN_POINT('',(188.971376,11.415780,2.000000));
#3974=CARTESIAN_POINT('',(188.971376,11.415780,17.000000));
#3975=CARTESIAN_POINT('',(188.584220,11.028624,2.000000));
#3976=CARTESIAN_POINT('',(188.584220,11.028624,17.000000));
#3977=CARTESIAN_POINT('',(188.335651,10.540780,2.000000));
#3978=CARTESIAN_POINT('',(188.335651,10.540780,17.000000));
#3979=CARTESIAN_POINT('',(188.250000,10.000000,2.000000));
#3980=CARTESIAN_POINT('',(188.250000,10.000000,17.000000));
#3981=CARTESIAN_POINT('',(188.335651,9.459220,2.000000));
#3982=CARTESIAN_POINT('',(188.335651,9.459220,17.000000));
#3983=CARTESIAN_POINT('',(188.584220,8.971376,2.000000));
#3984=CARTESIAN_POINT('',(188.584220,8.971376,17.000000));
#3985=CARTESIAN_POINT('',(188.971376,8.584220,2.000000));
#3986=CARTESIAN_POINT('',(188.971376,8.584220,17.000000));
#3987=CARTESIAN_POINT('',(189.459220,8.335651,2.000000));
#3988=CARTESIAN_POINT('',(189.459220,8.335651,17.000000));
#3989=CARTESIAN_POINT('',(190.000000,8.250000,2.000000));
#3990=CARTESIAN_POINT('',(190.000000,8.250000,17.000000));
#3991=CARTESIAN_POINT('',(190.540780,8.335651,2.000000));
#3992=CARTESIAN_POINT('',(190.540780,8.335651,17.000000));
#3993=CARTESIAN_POINT('',(191.028624,8.584220,2.000000));
#3994=CARTESIAN_POINT('',(191.028624,8.584220,17.000000));
#3995=CARTESIAN_POINT('',(191.415780,8.971376,2.000000));
#3996=CARTESIAN_POINT('',(191.415780,8.971376,17.000000));
#3997=CARTESIAN_POINT('',(191.664349,9.459220,2.000000));
#3998=CARTESIAN_POINT('',(191.664349,9.459220,17.000000));
#3999=VERTEX_POINT('',#3959);
#4000=VERTEX_POINT('',#3961);
#4001=VERTEX_POINT('',#3963);
#4002=VERTEX_POINT('',#3965);
#4003=VERTEX_POINT('',#3967);
#4004=VERTEX_POINT('',#3969);
#4005=VERTEX_POINT('',#3971);
#4006=VERTEX_POINT('',#3973);
#4007=VERTEX_POINT('',#3975);
#4008=VERTEX_POINT('',#3977);
#4009=VERTEX_POINT('',#3979);
#4010=VERTEX_POINT('',#3981);
#4011=VERTEX_POINT('',#3983);
#4012=VERTEX_POINT('',#3985);
#4013=VERTEX_POINT('',#3987);
#4014=VERTEX_POINT('',#3989);
#4015=VERTEX_POINT('',#3991);
#4016=VERTEX_POINT('',#3993);
#4017=VERTEX_POINT('',#3995);
#4018=VERTEX_POINT('',#3997);
#4019=VERTEX_POINT('',#3960);
#4020=VERTEX_POINT('',#3962);
#4021=VERTEX_POINT('',#3964);
#4022=VERTEX_POINT('',#3966);
#4023=VERTEX_POINT('',#3968);
#4024=VERTEX_POINT('',#3970);
#4025=VERTEX_POINT('',#3972);
#4026=VERTEX_POINT('',#3974);
#4027=VERTEX_POINT('',#3976);
#4028=VERTEX_POINT('',#3978);
#4029=VERTEX_POINT('',#3980);
#4030=VERTEX_POINT('',#3982);
#4031=VERTEX_POINT('',#3984);
#4032=VERTEX_POINT('',#3986);
#4033=VERTEX_POINT('',#3988);
#4034=VERTEX_POINT('',#3990);
#4035=VERTEX_POINT('',#3992);
#4036=VERTEX_POINT('',#3994);
#4037=VERTEX_POINT('',#3996);
#4038=VERTEX_POINT('',#3998);
#4039=CARTESIAN_POINT('',(190.000000,10.000000,2.000000));
#4040=DIRECTION('',0.,0.,-1.);
#4041=DIRECTION('',1.,0.,0.);
#4042=AXIS2_PLACEMENT_3D('',#4039,#4040,#4041);
#4043=CIRCLE('',#4042,1.750000);
#4044=EDGE_CURVE('',#3999,#3999,#4043,.T.);
#4045=ORIENTED_EDGE('',*,*,#4044,.T.);
#4046=EDGE_LOOP('',#4045);
#4047=FACE_OUTER_BOUND('',#4046,.T.);
#4048=ADVANCED_FACE('',#4047,#4040,.T.);
#4049=CARTESIAN_POINT('',(190.000000,10.000000,17.000000));
#4050=DIRECTION('',0.,0.,1.);
#4051=DIRECTION('',1.,0.,0.);
#4052=AXIS2_PLACEMENT_3D('',#4049,#4050,#4051);
#4053=CIRCLE('',#4052,1.750000);
#4054=EDGE_CURVE('',#4019,#4019,#4053,.T.);
#4055=ORIENTED_EDGE('',*,*,#4054,.T.);
#4056=EDGE_LOOP('',#4055);
#4057=FACE_OUTER_BOUND('',#4056,.T.);
#4058=ADVANCED_FACE('',#4057,#4050,.T.);
#4059=DIRECTION('',-0.156434,0.987688,0.);
#4060=LINE('',#3959,#4059);
#4061=DIRECTION('',0.,0.,1.);
#4062=LINE('',#3961,#4061);
#4063=DIRECTION('',0.156434,-0.987688,0.);
#4064=LINE('',#3962,#4063);
#4065=DIRECTION('',0.,0.,-1.);
#4066=LINE('',#3960,#4065);
#4067=EDGE_CURVE('',#3999,#4000,#4060,.T.);
#4068=EDGE_CURVE('',#4000,#4020,#4062,.T.);
#4069=EDGE_CURVE('',#4020,#4019,#4064,.T.);
#4070=EDGE_CURVE('',#4019,#3999,#4066,.T.);
#4071=ORIENTED_EDGE('',*,*,#4067,.T.);
#4072=ORIENTED_EDGE('',*,*,#4068,.T.);
#4073=ORIENTED_EDGE('',*,*,#4069,.T.);
#4074=ORIENTED_EDGE('',*,*,#4070,.T.);
#4075=EDGE_LOOP('',#4071,#4072,#4073,#4074);
#4076=FACE_OUTER_BOUND('',#4075,.T.);
#4077=DIRECTION('',0.987688,0.156434,0.);
#4078=ADVANCED_FACE('',#4076,#4077,.T.);
#4079=DIRECTION('',-0.453990,0.891007,0.);
#4080=LINE('',#3961,#4079);
#4081=DIRECTION('',0.,0.,1.);
#4082=LINE('',#3963,#4081);
#4083=DIRECTION('',0.453990,-0.891007,0.);
#4084=LINE('',#3964,#4083);
#4085=DIRECTION('',0.,0.,-1.);
#4086=LINE('',#3962,#4085);
#4087=EDGE_CURVE('',#4000,#4001,#4080,.T.);
#4088=EDGE_CURVE('',#4001,#4021,#4082,.T.);
#4089=EDGE_CURVE('',#4021,#4020,#4084,.T.);
#4090=EDGE_CURVE('',#4020,#4000,#4086,.T.);
#4091=ORIENTED_EDGE('',*,*,#4087,.T.);
#4092=ORIENTED_EDGE('',*,*,#4088,.T.);
#4093=ORIENTED_EDGE('',*,*,#4089,.T.);
#4094=ORIENTED_EDGE('',*,*,#4090,.T.);
#4095=EDGE_LOOP('',#4091,#4092,#4093,#4094);
#4096=FACE_OUTER_BOUND('',#4095,.T.);
#4097=DIRECTION('',0.891007,0.453990,0.);
#4098=ADVANCED_FACE('',#4096,#4097,.T.);
#4099=DIRECTION('',-0.707107,0.707107,0.);
#4100=LINE('',#3963,#4099);
#4101=DIRECTION('',0.,0.,1.);
#4102=LINE('',#3965,#4101);
#4103=DIRECTION('',0.707107,-0.707107,0.);
#4104=LINE('',#3966,#4103);
#4105=DIRECTION('',0.,0.,-1.);
#4106=LINE('',#3964,#4105);
#4107=EDGE_CURVE('',#4001,#4002,#4100,.T.);
#4108=EDGE_CURVE('',#4002,#4022,#4102,.T.);
#4109=EDGE_CURVE('',#4022,#4021,#4104,.T.);
#4110=EDGE_CURVE('',#4021,#4001,#4106,.T.);
#4111=ORIENTED_EDGE('',*,*,#4107,.T.);
#4112=ORIENTED_EDGE('',*,*,#4108,.T.);
#4113=ORIENTED_EDGE('',*,*,#4109,.T.);
#4114=ORIENTED_EDGE('',*,*,#4110,.T.);
#4115=EDGE_LOOP('',#4111,#4112,#4113,#4114);
#4116=FACE_OUTER_BOUND('',#4115,.T.);
#4117=DIRECTION('',0.707107,0.707107,0.);
#4118=ADVANCED_FACE('',#4116,#4117,.T.);
#4119=DIRECTION('',-0.891007,0.453990,0.);
#4120=LINE('',#3965,#4119);
#4121=DIRECTION('',0.,0.,1.);
#4122=LINE('',#3967,#4121);
#4123=DIRECTION('',0.891007,-0.453990,0.);
#4124=LINE('',#3968,#4123);
#4125=DIRECTION('',0.,0.,-1.);
#4126=LINE('',#3966,#4125);
#4127=EDGE_CURVE('',#4002,#4003,#4120,.T.);
#4128=EDGE_CURVE('',#4003,#4023,#4122,.T.);
#4129=EDGE_CURVE('',#4023,#4022,#4124,.T.);
#4130=EDGE_CURVE('',#4022,#4002,#4126,.T.);
#4131=ORIENTED_EDGE('',*,*,#4127,.T.);
#4132=ORIENTED_EDGE('',*,*,#4128,.T.);
#4133=ORIENTED_EDGE('',*,*,#4129,.T.);
#4134=ORIENTED_EDGE('',*,*,#4130,.T.);
#4135=EDGE_LOOP('',#4131,#4132,#4133,#4134);
#4136=FACE_OUTER_BOUND('',#4135,.T.);
#4137=DIRECTION('',0.453990,0.891007,0.);
#4138=ADVANCED_FACE('',#4136,#4137,.T.);
#4139=DIRECTION('',-0.987688,0.156434,0.);
#4140=LINE('',#3967,#4139);
#4141=DIRECTION('',0.,0.,1.);
#4142=LINE('',#3969,#4141);
#4143=DIRECTION('',0.987688,-0.156434,0.);
#4144=LINE('',#3970,#4143);
#4145=DIRECTION('',0.,0.,-1.);
#4146=LINE('',#3968,#4145);
#4147=EDGE_CURVE('',#4003,#4004,#4140,.T.);
#4148=EDGE_CURVE('',#4004,#4024,#4142,.T.);
#4149=EDGE_CURVE('',#4024,#4023,#4144,.T.);
#4150=EDGE_CURVE('',#4023,#4003,#4146,.T.);
#4151=ORIENTED_EDGE('',*,*,#4147,.T.);
#4152=ORIENTED_EDGE('',*,*,#4148,.T.);
#4153=ORIENTED_EDGE('',*,*,#4149,.T.);
#4154=ORIENTED_EDGE('',*,*,#4150,.T.);
#4155=EDGE_LOOP('',#4151,#4152,#4153,#4154);
#4156=FACE_OUTER_BOUND('',#4155,.T.);
#4157=DIRECTION('',0.156434,0.987688,0.);
#4158=ADVANCED_FACE('',#4156,#4157,.T.);
#4159=DIRECTION('',-0.987688,-0.156434,0.);
#4160=LINE('',#3969,#4159);
#4161=DIRECTION('',0.,0.,1.);
#4162=LINE('',#3971,#4161);
#4163=DIRECTION('',0.987688,0.156434,0.);
#4164=LINE('',#3972,#4163);
#4165=DIRECTION('',0.,0.,-1.);
#4166=LINE('',#3970,#4165);
#4167=EDGE_CURVE('',#4004,#4005,#4160,.T.);
#4168=EDGE_CURVE('',#4005,#4025,#4162,.T.);
#4169=EDGE_CURVE('',#4025,#4024,#4164,.T.);
#4170=EDGE_CURVE('',#4024,#4004,#4166,.T.);
#4171=ORIENTED_EDGE('',*,*,#4167,.T.);
#4172=ORIENTED_EDGE('',*,*,#4168,.T.);
#4173=ORIENTED_EDGE('',*,*,#4169,.T.);
#4174=ORIENTED_EDGE('',*,*,#4170,.T.);
#4175=EDGE_LOOP('',#4171,#4172,#4173,#4174);
#4176=FACE_OUTER_BOUND('',#4175,.T.);
#4177=DIRECTION('',-0.156434,0.987688,0.);
#4178=ADVANCED_FACE('',#4176,#4177,.T.);
#4179=DIRECTION('',-0.891007,-0.453990,0.);
#4180=LINE('',#3971,#4179);
#4181=DIRECTION('',0.,0.,1.);
#4182=LINE('',#3973,#4181);
#4183=DIRECTION('',0.891007,0.453990,0.);
#4184=LINE('',#3974,#4183);
#4185=DIRECTION('',0.,0.,-1.);
#4186=LINE('',#3972,#4185);
#4187=EDGE_CURVE('',#4005,#4006,#4180,.T.);
#4188=EDGE_CURVE('',#4006,#4026,#4182,.T.);
#4189=EDGE_CURVE('',#4026,#4025,#4184,.T.);
#4190=EDGE_CURVE('',#4025,#4005,#4186,.T.);
#4191=ORIENTED_EDGE('',*,*,#4187,.T.);
#4192=ORIENTED_EDGE('',*,*,#4188,.T.);
#4193=ORIENTED_EDGE('',*,*,#4189,.T.);
#4194=ORIENTED_EDGE('',*,*,#4190,.T.);
#4195=EDGE_LOOP('',#4191,#4192,#4193,#4194);
#4196=FACE_OUTER_BOUND('',#4195,.T.);
#4197=DIRECTION('',-0.453990,0.891007,0.);
#4198=ADVANCED_FACE('',#4196,#4197,.T.);
#4199=DIRECTION('',-0.707107,-0.707107,0.);
#4200=LINE('',#3973,#4199);
#4201=DIRECTION('',0.,0.,1.);
#4202=LINE('',#3975,#4201);
#4203=DIRECTION('',0.707107,0.707107,0.);
#4204=LINE('',#3976,#4203);
#4205=DIRECTION('',0.,0.,-1.);
#4206=LINE('',#3974,#4205);
#4207=EDGE_CURVE('',#4006,#4007,#4200,.T.);
#4208=EDGE_CURVE('',#4007,#4027,#4202,.T.);
#4209=EDGE_CURVE('',#4027,#4026,#4204,.T.);
#4210=EDGE_CURVE('',#4026,#4006,#4206,.T.);
#4211=ORIENTED_EDGE('',*,*,#4207,.T.);
#4212=ORIENTED_EDGE('',*,*,#4208,.T.);
#4213=ORIENTED_EDGE('',*,*,#4209,.T.);
#4214=ORIENTED_EDGE('',*,*,#4210,.T.);
#4215=EDGE_LOOP('',#4211,#4212,#4213,#4214);
#4216=FACE_OUTER_BOUND('',#4215,.T.);
#4217=DIRECTION('',-0.707107,0.707107,0.);
#4218=ADVANCED_FACE('',#4216,#4217,.T.);
#4219=DIRECTION('',-0.453990,-0.891007,0.);
#4220=LINE('',#3975,#4219);
#4221=DIRECTION('',0.,0.,1.);
#4222=LINE('',#3977,#4221);
#4223=DIRECTION('',0.453990,0.891007,0.);
#4224=LINE('',#3978,#4223);
#4225=DIRECTION('',0.,0.,-1.);
#4226=LINE('',#3976,#4225);
#4227=EDGE_CURVE('',#4007,#4008,#4220,.T.);
#4228=EDGE_CURVE('',#4008,#4028,#4222,.T.);
#4229=EDGE_CURVE('',#4028,#4027,#4224,.T.);
#4230=EDGE_CURVE('',#4027,#4007,#4226,.T.);
#4231=ORIENTED_EDGE('',*,*,#4227,.T.);
#4232=ORIENTED_EDGE('',*,*,#4228,.T.);
#4233=ORIENTED_EDGE('',*,*,#4229,.T.);
#4234=ORIENTED_EDGE('',*,*,#4230,.T.);
#4235=EDGE_LOOP('',#4231,#4232,#4233,#4234);
#4236=FACE_OUTER_BOUND('',#4235,.T.);
#4237=DIRECTION('',-0.891007,0.453990,0.);
#4238=ADVANCED_FACE('',#4236,#4237,.T.);
#4239=DIRECTION('',-0.156434,-0.987688,0.);
#4240=LINE('',#3977,#4239);
#4241=DIRECTION('',0.,0.,1.);
#4242=LINE('',#3979,#4241);
#4243=DIRECTION('',0.156434,0.987688,0.);
#4244=LINE('',#3980,#4243);
#4245=DIRECTION('',0.,0.,-1.);
#4246=LINE('',#3978,#4245);
#4247=EDGE_CURVE('',#4008,#4009,#4240,.T.);
#4248=EDGE_CURVE('',#4009,#4029,#4242,.T.);
#4249=EDGE_CURVE('',#4029,#4028,#4244,.T.);
#4250=EDGE_CURVE('',#4028,#4008,#4246,.T.);
#4251=ORIENTED_EDGE('',*,*,#4247,.T.);
#4252=ORIENTED_EDGE('',*,*,#4248,.T.);
#4253=ORIENTED_EDGE('',*,*,#4249,.T.);
#4254=ORIENTED_EDGE('',*,*,#4250,.T.);
#4255=EDGE_LOOP('',#4251,#4252,#4253,#4254);
#4256=FACE_OUTER_BOUND('',#4255,.T.);
#4257=DIRECTION('',-0.987688,0.156434,0.);
#4258=ADVANCED_FACE('',#4256,#4257,.T.);
#4259=DIRECTION('',0.156434,-0.987688,0.);
#4260=LINE('',#3979,#4259);
#4261=DIRECTION('',0.,0.,1.);
#4262=LINE('',#3981,#4261);
#4263=DIRECTION('',-0.156434,0.987688,0.);
#4264=LINE('',#3982,#4263);
#4265=DIRECTION('',0.,0.,-1.);
#4266=LINE('',#3980,#4265);
#4267=EDGE_CURVE('',#4009,#4010,#4260,.T.);
#4268=EDGE_CURVE('',#4010,#4030,#4262,.T.);
#4269=EDGE_CURVE('',#4030,#4029,#4264,.T.);
#4270=EDGE_CURVE('',#4029,#4009,#4266,.T.);
#4271=ORIENTED_EDGE('',*,*,#4267,.T.);
#4272=ORIENTED_EDGE('',*,*,#4268,.T.);
#4273=ORIENTED_EDGE('',*,*,#4269,.T.);
#4274=ORIENTED_EDGE('',*,*,#4270,.T.);
#4275=EDGE_LOOP('',#4271,#4272,#4273,#4274);
#4276=FACE_OUTER_BOUND('',#4275,.T.);
#4277=DIRECTION('',-0.987688,-0.156434,0.);
#4278=ADVANCED_FACE('',#4276,#4277,.T.);
#4279=DIRECTION('',0.453990,-0.891007,0.);
#4280=LINE('',#3981,#4279);
#4281=DIRECTION('',0.,0.,1.);
#4282=LINE('',#3983,#4281);
#4283=DIRECTION('',-0.453990,0.891007,0.);
#4284=LINE('',#3984,#4283);
#4285=DIRECTION('',0.,0.,-1.);
#4286=LINE('',#3982,#4285);
#4287=EDGE_CURVE('',#4010,#4011,#4280,.T.);
#4288=EDGE_CURVE('',#4011,#4031,#4282,.T.);
#4289=EDGE_CURVE('',#4031,#4030,#4284,.T.);
#4290=EDGE_CURVE('',#4030,#4010,#4286,.T.);
#4291=ORIENTED_EDGE('',*,*,#4287,.T.);
#4292=ORIENTED_EDGE('',*,*,#4288,.T.);
#4293=ORIENTED_EDGE('',*,*,#4289,.T.);
#4294=ORIENTED_EDGE('',*,*,#4290,.T.);
#4295=EDGE_LOOP('',#4291,#4292,#4293,#4294);
#4296=FACE_OUTER_BOUND('',#4295,.T.);
#4297=DIRECTION('',-0.891007,-0.453990,0.);
#4298=ADVANCED_FACE('',#4296,#4297,.T.);
#4299=DIRECTION('',0.707107,-0.707107,0.);
#4300=LINE('',#3983,#4299);
#4301=DIRECTION('',0.,0.,1.);
#4302=LINE('',#3985,#4301);
#4303=DIRECTION('',-0.707107,0.707107,0.);
#4304=LINE('',#3986,#4303);
#4305=DIRECTION('',0.,0.,-1.);
#4306=LINE('',#3984,#4305);
#4307=EDGE_CURVE('',#4011,#4012,#4300,.T.);
#4308=EDGE_CURVE('',#4012,#4032,#4302,.T.);
#4309=EDGE_CURVE('',#4032,#4031,#4304,.T.);
#4310=EDGE_CURVE('',#4031,#4011,#4306,.T.);
#4311=ORIENTED_EDGE('',*,*,#4307,.T.);
#4312=ORIENTED_EDGE('',*,*,#4308,.T.);
#4313=ORIENTED_EDGE('',*,*,#4309,.T.);
#4314=ORIENTED_EDGE('',*,*,#4310,.T.);
#4315=EDGE_LOOP('',#4311,#4312,#4313,#4314);
#4316=FACE_OUTER_BOUND('',#4315,.T.);
#4317=DIRECTION('',-0.707107,-0.707107,0.);
#4318=ADVANCED_FACE('',#4316,#4317,.T.);
#4319=DIRECTION('',0.891007,-0.453990,0.);
#4320=LINE('',#3985,#4319);
#4321=DIRECTION('',0.,0.,1.);
#4322=LINE('',#3987,#4321);
#4323=DIRECTION('',-0.891007,0.453990,0.);
#4324=LINE('',#3988,#4323);
#4325=DIRECTION('',0.,0.,-1.);
#4326=LINE('',#3986,#4325);
#4327=EDGE_CURVE('',#4012,#4013,#4320,.T.);
#4328=EDGE_CURVE('',#4013,#4033,#4322,.T.);
#4329=EDGE_CURVE('',#4033,#4032,#4324,.T.);
#4330=EDGE_CURVE('',#4032,#4012,#4326,.T.);
#4331=ORIENTED_EDGE('',*,*,#4327,.T.);
#4332=ORIENTED_EDGE('',*,*,#4328,.T.);
#4333=ORIENTED_EDGE('',*,*,#4329,.T.);
#4334=ORIENTED_EDGE('',*,*,#4330,.T.);
#4335=EDGE_LOOP('',#4331,#4332,#4333,#4334);
#4336=FACE_OUTER_BOUND('',#4335,.T.);
#4337=DIRECTION('',-0.453990,-0.891007,0.);
#4338=ADVANCED_FACE('',#4336,#4337,.T.);
#4339=DIRECTION('',0.987688,-0.156434,0.);
#4340=LINE('',#3987,#4339);
#4341=DIRECTION('',0.,0.,1.);
#4342=LINE('',#3989,#4341);
#4343=DIRECTION('',-0.987688,0.156434,0.);
#4344=LINE('',#3990,#4343);
#4345=DIRECTION('',0.,0.,-1.);
#4346=LINE('',#3988,#4345);
#4347=EDGE_CURVE('',#4013,#4014,#4340,.T.);
#4348=EDGE_CURVE('',#4014,#4034,#4342,.T.);
#4349=EDGE_CURVE('',#4034,#4033,#4344,.T.);
#4350=EDGE_CURVE('',#4033,#4013,#4346,.T.);
#4351=ORIENTED_EDGE('',*,*,#4347,.T.);
#4352=ORIENTED_EDGE('',*,*,#4348,.T.);
#4353=ORIENTED_EDGE('',*,*,#4349,.T.);
#4354=ORIENTED_EDGE('',*,*,#4350,.T.);
#4355=EDGE_LOOP('',#4351,#4352,#4353,#4354);
#4356=FACE_OUTER_BOUND('',#4355,.T.);
#4357=DIRECTION('',-0.156434,-0.987688,0.);
#4358=ADVANCED_FACE('',#4356,#4357,.T.);
#4359=DIRECTION('',0.987688,0.156434,0.);
#4360=LINE('',#3989,#4359);
#4361=DIRECTION('',0.,0.,1.);
#4362=LINE('',#3991,#4361);
#4363=DIRECTION('',-0.987688,-0.156434,0.);
#4364=LINE('',#3992,#4363);
#4365=DIRECTION('',0.,0.,-1.);
#4366=LINE('',#3990,#4365);
#4367=EDGE_CURVE('',#4014,#4015,#4360,.T.);
#4368=EDGE_CURVE('',#4015,#4035,#4362,.T.);
#4369=EDGE_CURVE('',#4035,#4034,#4364,.T.);
#4370=EDGE_CURVE('',#4034,#4014,#4366,.T.);
#4371=ORIENTED_EDGE('',*,*,#4367,.T.);
#4372=ORIENTED_EDGE('',*,*,#4368,.T.);
#4373=ORIENTED_EDGE('',*,*,#4369,.T.);
#4374=ORIENTED_EDGE('',*,*,#4370,.T.);
#4375=EDGE_LOOP('',#4371,#4372,#4373,#4374);
#4376=FACE_OUTER_BOUND('',#4375,.T.);
#4377=DIRECTION('',0.156434,-0.987688,0.);
#4378=ADVANCED_FACE('',#4376,#4377,.T.);
#4379=DIRECTION('',0.891007,0.453990,0.);
#4380=LINE('',#3991,#4379);
#4381=DIRECTION('',0.,0.,1.);
#4382=LINE('',#3993,#4381);
#4383=DIRECTION('',-0.891007,-0.453990,0.);
#4384=LINE('',#3994,#4383);
#4385=DIRECTION('',0.,0.,-1.);
#4386=LINE('',#3992,#4385);
#4387=EDGE_CURVE('',#4015,#4016,#4380,.T.);
#4388=EDGE_CURVE('',#4016,#4036,#4382,.T.);
#4389=EDGE_CURVE('',#4036,#4035,#4384,.T.);
#4390=EDGE_CURVE('',#4035,#4015,#4386,.T.);
#4391=ORIENTED_EDGE('',*,*,#4387,.T.);
#4392=ORIENTED_EDGE('',*,*,#4388,.T.);
#4393=ORIENTED_EDGE('',*,*,#4389,.T.);
#4394=ORIENTED_EDGE('',*,*,#4390,.T.);
#4395=EDGE_LOOP('',#4391,#4392,#4393,#4394);
#4396=FACE_OUTER_BOUND('',#4395,.T.);
#4397=DIRECTION('',0.453990,-0.891007,0.);
#4398=ADVANCED_FACE('',#4396,#4397,.T.);
#4399=DIRECTION('',0.707107,0.707107,0.);
#4400=LINE('',#3993,#4399);
#4401=DIRECTION('',0.,0.,1.);
#4402=LINE('',#3995,#4401);
#4403=DIRECTION('',-0.707107,-0.707107,0.);
#4404=LINE('',#3996,#4403);
#4405=DIRECTION('',0.,0.,-1.);
#4406=LINE('',#3994,#4405);
#4407=EDGE_CURVE('',#4016,#4017,#4400,.T.);
#4408=EDGE_CURVE('',#4017,#4037,#4402,.T.);
#4409=EDGE_CURVE('',#4037,#4036,#4404,.T.);
#4410=EDGE_CURVE('',#4036,#4016,#4406,.T.);
#4411=ORIENTED_EDGE('',*,*,#4407,.T.);
#4412=ORIENTED_EDGE('',*,*,#4408,.T.);
#4413=ORIENTED_EDGE('',*,*,#4409,.T.);
#4414=ORIENTED_EDGE('',*,*,#4410,.T.);
#4415=EDGE_LOOP('',#4411,#4412,#4413,#4414);
#4416=FACE_OUTER_BOUND('',#4415,.T.);
#4417=DIRECTION('',0.707107,-0.707107,0.);
#4418=ADVANCED_FACE('',#4416,#4417,.T.);
#4419=DIRECTION('',0.453990,0.891007,0.);
#4420=LINE('',#3995,#4419);
#4421=DIRECTION('',0.,0.,1.);
#4422=LINE('',#3997,#4421);
#4423=DIRECTION('',-0.453990,-0.891007,0.);
#4424=LINE('',#3998,#4423);
#4425=DIRECTION('',0.,0.,-1.);
#4426=LINE('',#3996,#4425);
#4427=EDGE_CURVE('',#4017,#4018,#4420,.T.);
#4428=EDGE_CURVE('',#4018,#4038,#4422,.T.);
#4429=EDGE_CURVE('',#4038,#4037,#4424,.T.);
#4430=EDGE_CURVE('',#4037,#4017,#4426,.T.);
#4431=ORIENTED_EDGE('',*,*,#4427,.T.);
#4432=ORIENTED_EDGE('',*,*,#4428,.T.);
#4433=ORIENTED_EDGE('',*,*,#4429,.T.);
#4434=ORIENTED_EDGE('',*,*,#4430,.T.);
#4435=EDGE_LOOP('',#4431,#4432,#4433,#4434);
#4436=FACE_OUTER_BOUND('',#4435,.T.);
#4437=DIRECTION('',0.891007,-0.453990,0.);
#4438=ADVANCED_FACE('',#4436,#4437,.T.);
#4439=DIRECTION('',0.156434,0.987688,0.);
#4440=LINE('',#3997,#4439);
#4441=DIRECTION('',0.,0.,1.);
#4442=LINE('',#3959,#4441);
#4443=DIRECTION('',-0.156434,-0.987688,0.);
#4444=LINE('',#3960,#4443);
#4445=DIRECTION('',0.,0.,-1.);
#4446=LINE('',#3998,#4445);
#4447=EDGE_CURVE('',#4018,#3999,#4440,.T.);
#4448=EDGE_CURVE('',#3999,#4019,#4442,.T.);
#4449=EDGE_CURVE('',#4019,#4038,#4444,.T.);
#4450=EDGE_CURVE('',#4038,#4018,#4446,.T.);
#4451=ORIENTED_EDGE('',*,*,#4447,.T.);
#4452=ORIENTED_EDGE('',*,*,#4448,.T.);
#4453=ORIENTED_EDGE('',*,*,#4449,.T.);
#4454=ORIENTED_EDGE('',*,*,#4450,.T.);
#4455=EDGE_LOOP('',#4451,#4452,#4453,#4454);
#4456=FACE_OUTER_BOUND('',#4455,.T.);
#4457=DIRECTION('',-0.987688,0.156434,0.);
#4458=ADVANCED_FACE('',#4456,#4457,.T.);
#4459=CLOSED_SHELL('',#4048,#4058,#4078,#4098,#4118,#4138,#4158,#4178,#4198,#4218,#4238,#4258,#4278,#4298,#4318,#4338,#4358,#4378,#4398,#4418,#4438,#4458);
#4460=MANIFOLD_SOLID_BREP('',#4459);
#4461=CARTESIAN_POINT('',(190.000000,10.000000,2.000000));
#4462=DIRECTION('',0.,0.,1.);
#4463=DIRECTION('',1.,0.,0.);
#4464=AXIS2_PLACEMENT_3D('',#4461,#4462,#4463);
#4465=ADVANCED_BREP_SHAPE_REPRESENTATION('',#4460,#4464);
#4466=SHAPE_DEFINITION_REPRESENTATION(#3958,#4465);
#4467=PRODUCT('ShieldHole_3','Shield Hole 3','Shield standoff hole',('mechanical'));
#4468=PRODUCT_DEFINITION_FORMATION('',#4467);
#4469=PRODUCT_DEFINITION('design','',#4468,#1);
#4470=PRODUCT_DEFINITION_SHAPE('','',#4469);
#4471=CARTESIAN_POINT('',(191.750000,190.000000,2.000000));
#4472=CARTESIAN_POINT('',(191.750000,190.000000,17.000000));
#4473=CARTESIAN_POINT('',(191.664349,190.540780,2.000000));
#4474=CARTESIAN_POINT('',(191.664349,190.540780,17.000000));
#4475=CARTESIAN_POINT('',(191.415780,191.028624,2.000000));
#4476=CARTESIAN_POINT('',(191.415780,191.028624,17.000000));
#4477=CARTESIAN_POINT('',(191.028624,191.415780,2.000000));
#4478=CARTESIAN_POINT('',(191.028624,191.415780,17.000000));
#4479=CARTESIAN_POINT('',(190.540780,191.664349,2.000000));
#4480=CARTESIAN_POINT('',(190.540780,191.664349,17.000000));
#4481=CARTESIAN_POINT('',(190.000000,191.750000,2.000000));
#4482=CARTESIAN_POINT('',(190.000000,191.750000,17.000000));
#4483=CARTESIAN_POINT('',(189.459220,191.664349,2.000000));
#4484=CARTESIAN_POINT('',(189.459220,191.664349,17.000000));
#4485=CARTESIAN_POINT('',(188.971376,191.415780,2.000000));
#4486=CARTESIAN_POINT('',(188.971376,191.415780,17.000000));
#4487=CARTESIAN_POINT('',(188.584220,191.028624,2.000000));
#4488=CARTESIAN_POINT('',(188.584220,191.028624,17.000000));
#4489=CARTESIAN_POINT('',(188.335651,190.540780,2.000000));
#4490=CARTESIAN_POINT('',(188.335651,190.540780,17.000000));
#4491=CARTESIAN_POINT('',(188.250000,190.000000,2.000000));
#4492=CARTESIAN_POINT('',(188.250000,190.000000,17.000000));
#4493=CARTESIAN_POINT('',(188.335651,189.459220,2.000000));
#4494=CARTESIAN_POINT('',(188.335651,189.459220,17.000000));
#4495=CARTESIAN_POINT('',(188.584220,188.971376,2.000000));
#4496=CARTESIAN_POINT('',(188.584220,188.971376,17.000000));
#4497=CARTESIAN_POINT('',(188.971376,188.584220,2.000000));
#4498=CARTESIAN_POINT('',(188.971376,188.584220,17.000000));
#4499=CARTESIAN_POINT('',(189.459220,188.335651,2.000000));
#4500=CARTESIAN_POINT('',(189.459220,188.335651,17.000000));
#4501=CARTESIAN_POINT('',(190.000000,188.250000,2.000000));
#4502=CARTESIAN_POINT('',(190.000000,188.250000,17.000000));
#4503=CARTESIAN_POINT('',(190.540780,188.335651,2.000000));
#4504=CARTESIAN_POINT('',(190.540780,188.335651,17.000000));
#4505=CARTESIAN_POINT('',(191.028624,188.584220,2.000000));
#4506=CARTESIAN_POINT('',(191.028624,188.584220,17.000000));
#4507=CARTESIAN_POINT('',(191.415780,188.971376,2.000000));
#4508=CARTESIAN_POINT('',(191.415780,188.971376,17.000000));
#4509=CARTESIAN_POINT('',(191.664349,189.459220,2.000000));
#4510=CARTESIAN_POINT('',(191.664349,189.459220,17.000000));
#4511=VERTEX_POINT('',#4471);
#4512=VERTEX_POINT('',#4473);
#4513=VERTEX_POINT('',#4475);
#4514=VERTEX_POINT('',#4477);
#4515=VERTEX_POINT('',#4479);
#4516=VERTEX_POINT('',#4481);
#4517=VERTEX_POINT('',#4483);
#4518=VERTEX_POINT('',#4485);
#4519=VERTEX_POINT('',#4487);
#4520=VERTEX_POINT('',#4489);
#4521=VERTEX_POINT('',#4491);
#4522=VERTEX_POINT('',#4493);
#4523=VERTEX_POINT('',#4495);
#4524=VERTEX_POINT('',#4497);
#4525=VERTEX_POINT('',#4499);
#4526=VERTEX_POINT('',#4501);
#4527=VERTEX_POINT('',#4503);
#4528=VERTEX_POINT('',#4505);
#4529=VERTEX_POINT('',#4507);
#4530=VERTEX_POINT('',#4509);
#4531=VERTEX_POINT('',#4472);
#4532=VERTEX_POINT('',#4474);
#4533=VERTEX_POINT('',#4476);
#4534=VERTEX_POINT('',#4478);
#4535=VERTEX_POINT('',#4480);
#4536=VERTEX_POINT('',#4482);
#4537=VERTEX_POINT('',#4484);
#4538=VERTEX_POINT('',#4486);
#4539=VERTEX_POINT('',#4488);
#4540=VERTEX_POINT('',#4490);
#4541=VERTEX_POINT('',#4492);
#4542=VERTEX_POINT('',#4494);
#4543=VERTEX_POINT('',#4496);
#4544=VERTEX_POINT('',#4498);
#4545=VERTEX_POINT('',#4500);
#4546=VERTEX_POINT('',#4502);
#4547=VERTEX_POINT('',#4504);
#4548=VERTEX_POINT('',#4506);
#4549=VERTEX_POINT('',#4508);
#4550=VERTEX_POINT('',#4510);
#4551=CARTESIAN_POINT('',(190.000000,190.000000,2.000000));
#4552=DIRECTION('',0.,0.,-1.);
#4553=DIRECTION('',1.,0.,0.);
#4554=AXIS2_PLACEMENT_3D('',#4551,#4552,#4553);
#4555=CIRCLE('',#4554,1.750000);
#4556=EDGE_CURVE('',#4511,#4511,#4555,.T.);
#4557=ORIENTED_EDGE('',*,*,#4556,.T.);
#4558=EDGE_LOOP('',#4557);
#4559=FACE_OUTER_BOUND('',#4558,.T.);
#4560=ADVANCED_FACE('',#4559,#4552,.T.);
#4561=CARTESIAN_POINT('',(190.000000,190.000000,17.000000));
#4562=DIRECTION('',0.,0.,1.);
#4563=DIRECTION('',1.,0.,0.);
#4564=AXIS2_PLACEMENT_3D('',#4561,#4562,#4563);
#4565=CIRCLE('',#4564,1.750000);
#4566=EDGE_CURVE('',#4531,#4531,#4565,.T.);
#4567=ORIENTED_EDGE('',*,*,#4566,.T.);
#4568=EDGE_LOOP('',#4567);
#4569=FACE_OUTER_BOUND('',#4568,.T.);
#4570=ADVANCED_FACE('',#4569,#4562,.T.);
#4571=DIRECTION('',-0.156434,0.987688,0.);
#4572=LINE('',#4471,#4571);
#4573=DIRECTION('',0.,0.,1.);
#4574=LINE('',#4473,#4573);
#4575=DIRECTION('',0.156434,-0.987688,0.);
#4576=LINE('',#4474,#4575);
#4577=DIRECTION('',0.,0.,-1.);
#4578=LINE('',#4472,#4577);
#4579=EDGE_CURVE('',#4511,#4512,#4572,.T.);
#4580=EDGE_CURVE('',#4512,#4532,#4574,.T.);
#4581=EDGE_CURVE('',#4532,#4531,#4576,.T.);
#4582=EDGE_CURVE('',#4531,#4511,#4578,.T.);
#4583=ORIENTED_EDGE('',*,*,#4579,.T.);
#4584=ORIENTED_EDGE('',*,*,#4580,.T.);
#4585=ORIENTED_EDGE('',*,*,#4581,.T.);
#4586=ORIENTED_EDGE('',*,*,#4582,.T.);
#4587=EDGE_LOOP('',#4583,#4584,#4585,#4586);
#4588=FACE_OUTER_BOUND('',#4587,.T.);
#4589=DIRECTION('',0.987688,0.156434,0.);
#4590=ADVANCED_FACE('',#4588,#4589,.T.);
#4591=DIRECTION('',-0.453990,0.891007,0.);
#4592=LINE('',#4473,#4591);
#4593=DIRECTION('',0.,0.,1.);
#4594=LINE('',#4475,#4593);
#4595=DIRECTION('',0.453990,-0.891007,0.);
#4596=LINE('',#4476,#4595);
#4597=DIRECTION('',0.,0.,-1.);
#4598=LINE('',#4474,#4597);
#4599=EDGE_CURVE('',#4512,#4513,#4592,.T.);
#4600=EDGE_CURVE('',#4513,#4533,#4594,.T.);
#4601=EDGE_CURVE('',#4533,#4532,#4596,.T.);
#4602=EDGE_CURVE('',#4532,#4512,#4598,.T.);
#4603=ORIENTED_EDGE('',*,*,#4599,.T.);
#4604=ORIENTED_EDGE('',*,*,#4600,.T.);
#4605=ORIENTED_EDGE('',*,*,#4601,.T.);
#4606=ORIENTED_EDGE('',*,*,#4602,.T.);
#4607=EDGE_LOOP('',#4603,#4604,#4605,#4606);
#4608=FACE_OUTER_BOUND('',#4607,.T.);
#4609=DIRECTION('',0.891007,0.453990,0.);
#4610=ADVANCED_FACE('',#4608,#4609,.T.);
#4611=DIRECTION('',-0.707107,0.707107,0.);
#4612=LINE('',#4475,#4611);
#4613=DIRECTION('',0.,0.,1.);
#4614=LINE('',#4477,#4613);
#4615=DIRECTION('',0.707107,-0.707107,0.);
#4616=LINE('',#4478,#4615);
#4617=DIRECTION('',0.,0.,-1.);
#4618=LINE('',#4476,#4617);
#4619=EDGE_CURVE('',#4513,#4514,#4612,.T.);
#4620=EDGE_CURVE('',#4514,#4534,#4614,.T.);
#4621=EDGE_CURVE('',#4534,#4533,#4616,.T.);
#4622=EDGE_CURVE('',#4533,#4513,#4618,.T.);
#4623=ORIENTED_EDGE('',*,*,#4619,.T.);
#4624=ORIENTED_EDGE('',*,*,#4620,.T.);
#4625=ORIENTED_EDGE('',*,*,#4621,.T.);
#4626=ORIENTED_EDGE('',*,*,#4622,.T.);
#4627=EDGE_LOOP('',#4623,#4624,#4625,#4626);
#4628=FACE_OUTER_BOUND('',#4627,.T.);
#4629=DIRECTION('',0.707107,0.707107,0.);
#4630=ADVANCED_FACE('',#4628,#4629,.T.);
#4631=DIRECTION('',-0.891007,0.453990,0.);
#4632=LINE('',#4477,#4631);
#4633=DIRECTION('',0.,0.,1.);
#4634=LINE('',#4479,#4633);
#4635=DIRECTION('',0.891007,-0.453990,0.);
#4636=LINE('',#4480,#4635);
#4637=DIRECTION('',0.,0.,-1.);
#4638=LINE('',#4478,#4637);
#4639=EDGE_CURVE('',#4514,#4515,#4632,.T.);
#4640=EDGE_CURVE('',#4515,#4535,#4634,.T.);
#4641=EDGE_CURVE('',#4535,#4534,#4636,.T.);
#4642=EDGE_CURVE('',#4534,#4514,#4638,.T.);
#4643=ORIENTED_EDGE('',*,*,#4639,.T.);
#4644=ORIENTED_EDGE('',*,*,#4640,.T.);
#4645=ORIENTED_EDGE('',*,*,#4641,.T.);
#4646=ORIENTED_EDGE('',*,*,#4642,.T.);
#4647=EDGE_LOOP('',#4643,#4644,#4645,#4646);
#4648=FACE_OUTER_BOUND('',#4647,.T.);
#4649=DIRECTION('',0.453990,0.891007,0.);
#4650=ADVANCED_FACE('',#4648,#4649,.T.);
#4651=DIRECTION('',-0.987688,0.156434,0.);
#4652=LINE('',#4479,#4651);
#4653=DIRECTION('',0.,0.,1.);
#4654=LINE('',#4481,#4653);
#4655=DIRECTION('',0.987688,-0.156434,0.);
#4656=LINE('',#4482,#4655);
#4657=DIRECTION('',0.,0.,-1.);
#4658=LINE('',#4480,#4657);
#4659=EDGE_CURVE('',#4515,#4516,#4652,.T.);
#4660=EDGE_CURVE('',#4516,#4536,#4654,.T.);
#4661=EDGE_CURVE('',#4536,#4535,#4656,.T.);
#4662=EDGE_CURVE('',#4535,#4515,#4658,.T.);
#4663=ORIENTED_EDGE('',*,*,#4659,.T.);
#4664=ORIENTED_EDGE('',*,*,#4660,.T.);
#4665=ORIENTED_EDGE('',*,*,#4661,.T.);
#4666=ORIENTED_EDGE('',*,*,#4662,.T.);
#4667=EDGE_LOOP('',#4663,#4664,#4665,#4666);
#4668=FACE_OUTER_BOUND('',#4667,.T.);
#4669=DIRECTION('',0.156434,0.987688,0.);
#4670=ADVANCED_FACE('',#4668,#4669,.T.);
#4671=DIRECTION('',-0.987688,-0.156434,0.);
#4672=LINE('',#4481,#4671);
#4673=DIRECTION('',0.,0.,1.);
#4674=LINE('',#4483,#4673);
#4675=DIRECTION('',0.987688,0.156434,0.);
#4676=LINE('',#4484,#4675);
#4677=DIRECTION('',0.,0.,-1.);
#4678=LINE('',#4482,#4677);
#4679=EDGE_CURVE('',#4516,#4517,#4672,.T.);
#4680=EDGE_CURVE('',#4517,#4537,#4674,.T.);
#4681=EDGE_CURVE('',#4537,#4536,#4676,.T.);
#4682=EDGE_CURVE('',#4536,#4516,#4678,.T.);
#4683=ORIENTED_EDGE('',*,*,#4679,.T.);
#4684=ORIENTED_EDGE('',*,*,#4680,.T.);
#4685=ORIENTED_EDGE('',*,*,#4681,.T.);
#4686=ORIENTED_EDGE('',*,*,#4682,.T.);
#4687=EDGE_LOOP('',#4683,#4684,#4685,#4686);
#4688=FACE_OUTER_BOUND('',#4687,.T.);
#4689=DIRECTION('',-0.156434,0.987688,0.);
#4690=ADVANCED_FACE('',#4688,#4689,.T.);
#4691=DIRECTION('',-0.891007,-0.453990,0.);
#4692=LINE('',#4483,#4691);
#4693=DIRECTION('',0.,0.,1.);
#4694=LINE('',#4485,#4693);
#4695=DIRECTION('',0.891007,0.453990,0.);
#4696=LINE('',#4486,#4695);
#4697=DIRECTION('',0.,0.,-1.);
#4698=LINE('',#4484,#4697);
#4699=EDGE_CURVE('',#4517,#4518,#4692,.T.);
#4700=EDGE_CURVE('',#4518,#4538,#4694,.T.);
#4701=EDGE_CURVE('',#4538,#4537,#4696,.T.);
#4702=EDGE_CURVE('',#4537,#4517,#4698,.T.);
#4703=ORIENTED_EDGE('',*,*,#4699,.T.);
#4704=ORIENTED_EDGE('',*,*,#4700,.T.);
#4705=ORIENTED_EDGE('',*,*,#4701,.T.);
#4706=ORIENTED_EDGE('',*,*,#4702,.T.);
#4707=EDGE_LOOP('',#4703,#4704,#4705,#4706);
#4708=FACE_OUTER_BOUND('',#4707,.T.);
#4709=DIRECTION('',-0.453990,0.891007,0.);
#4710=ADVANCED_FACE('',#4708,#4709,.T.);
#4711=DIRECTION('',-0.707107,-0.707107,0.);
#4712=LINE('',#4485,#4711);
#4713=DIRECTION('',0.,0.,1.);
#4714=LINE('',#4487,#4713);
#4715=DIRECTION('',0.707107,0.707107,0.);
#4716=LINE('',#4488,#4715);
#4717=DIRECTION('',0.,0.,-1.);
#4718=LINE('',#4486,#4717);
#4719=EDGE_CURVE('',#4518,#4519,#4712,.T.);
#4720=EDGE_CURVE('',#4519,#4539,#4714,.T.);
#4721=EDGE_CURVE('',#4539,#4538,#4716,.T.);
#4722=EDGE_CURVE('',#4538,#4518,#4718,.T.);
#4723=ORIENTED_EDGE('',*,*,#4719,.T.);
#4724=ORIENTED_EDGE('',*,*,#4720,.T.);
#4725=ORIENTED_EDGE('',*,*,#4721,.T.);
#4726=ORIENTED_EDGE('',*,*,#4722,.T.);
#4727=EDGE_LOOP('',#4723,#4724,#4725,#4726);
#4728=FACE_OUTER_BOUND('',#4727,.T.);
#4729=DIRECTION('',-0.707107,0.707107,0.);
#4730=ADVANCED_FACE('',#4728,#4729,.T.);
#4731=DIRECTION('',-0.453990,-0.891007,0.);
#4732=LINE('',#4487,#4731);
#4733=DIRECTION('',0.,0.,1.);
#4734=LINE('',#4489,#4733);
#4735=DIRECTION('',0.453990,0.891007,0.);
#4736=LINE('',#4490,#4735);
#4737=DIRECTION('',0.,0.,-1.);
#4738=LINE('',#4488,#4737);
#4739=EDGE_CURVE('',#4519,#4520,#4732,.T.);
#4740=EDGE_CURVE('',#4520,#4540,#4734,.T.);
#4741=EDGE_CURVE('',#4540,#4539,#4736,.T.);
#4742=EDGE_CURVE('',#4539,#4519,#4738,.T.);
#4743=ORIENTED_EDGE('',*,*,#4739,.T.);
#4744=ORIENTED_EDGE('',*,*,#4740,.T.);
#4745=ORIENTED_EDGE('',*,*,#4741,.T.);
#4746=ORIENTED_EDGE('',*,*,#4742,.T.);
#4747=EDGE_LOOP('',#4743,#4744,#4745,#4746);
#4748=FACE_OUTER_BOUND('',#4747,.T.);
#4749=DIRECTION('',-0.891007,0.453990,0.);
#4750=ADVANCED_FACE('',#4748,#4749,.T.);
#4751=DIRECTION('',-0.156434,-0.987688,0.);
#4752=LINE('',#4489,#4751);
#4753=DIRECTION('',0.,0.,1.);
#4754=LINE('',#4491,#4753);
#4755=DIRECTION('',0.156434,0.987688,0.);
#4756=LINE('',#4492,#4755);
#4757=DIRECTION('',0.,0.,-1.);
#4758=LINE('',#4490,#4757);
#4759=EDGE_CURVE('',#4520,#4521,#4752,.T.);
#4760=EDGE_CURVE('',#4521,#4541,#4754,.T.);
#4761=EDGE_CURVE('',#4541,#4540,#4756,.T.);
#4762=EDGE_CURVE('',#4540,#4520,#4758,.T.);
#4763=ORIENTED_EDGE('',*,*,#4759,.T.);
#4764=ORIENTED_EDGE('',*,*,#4760,.T.);
#4765=ORIENTED_EDGE('',*,*,#4761,.T.);
#4766=ORIENTED_EDGE('',*,*,#4762,.T.);
#4767=EDGE_LOOP('',#4763,#4764,#4765,#4766);
#4768=FACE_OUTER_BOUND('',#4767,.T.);
#4769=DIRECTION('',-0.987688,0.156434,0.);
#4770=ADVANCED_FACE('',#4768,#4769,.T.);
#4771=DIRECTION('',0.156434,-0.987688,0.);
#4772=LINE('',#4491,#4771);
#4773=DIRECTION('',0.,0.,1.);
#4774=LINE('',#4493,#4773);
#4775=DIRECTION('',-0.156434,0.987688,0.);
#4776=LINE('',#4494,#4775);
#4777=DIRECTION('',0.,0.,-1.);
#4778=LINE('',#4492,#4777);
#4779=EDGE_CURVE('',#4521,#4522,#4772,.T.);
#4780=EDGE_CURVE('',#4522,#4542,#4774,.T.);
#4781=EDGE_CURVE('',#4542,#4541,#4776,.T.);
#4782=EDGE_CURVE('',#4541,#4521,#4778,.T.);
#4783=ORIENTED_EDGE('',*,*,#4779,.T.);
#4784=ORIENTED_EDGE('',*,*,#4780,.T.);
#4785=ORIENTED_EDGE('',*,*,#4781,.T.);
#4786=ORIENTED_EDGE('',*,*,#4782,.T.);
#4787=EDGE_LOOP('',#4783,#4784,#4785,#4786);
#4788=FACE_OUTER_BOUND('',#4787,.T.);
#4789=DIRECTION('',-0.987688,-0.156434,0.);
#4790=ADVANCED_FACE('',#4788,#4789,.T.);
#4791=DIRECTION('',0.453990,-0.891007,0.);
#4792=LINE('',#4493,#4791);
#4793=DIRECTION('',0.,0.,1.);
#4794=LINE('',#4495,#4793);
#4795=DIRECTION('',-0.453990,0.891007,0.);
#4796=LINE('',#4496,#4795);
#4797=DIRECTION('',0.,0.,-1.);
#4798=LINE('',#4494,#4797);
#4799=EDGE_CURVE('',#4522,#4523,#4792,.T.);
#4800=EDGE_CURVE('',#4523,#4543,#4794,.T.);
#4801=EDGE_CURVE('',#4543,#4542,#4796,.T.);
#4802=EDGE_CURVE('',#4542,#4522,#4798,.T.);
#4803=ORIENTED_EDGE('',*,*,#4799,.T.);
#4804=ORIENTED_EDGE('',*,*,#4800,.T.);
#4805=ORIENTED_EDGE('',*,*,#4801,.T.);
#4806=ORIENTED_EDGE('',*,*,#4802,.T.);
#4807=EDGE_LOOP('',#4803,#4804,#4805,#4806);
#4808=FACE_OUTER_BOUND('',#4807,.T.);
#4809=DIRECTION('',-0.891007,-0.453990,0.);
#4810=ADVANCED_FACE('',#4808,#4809,.T.);
#4811=DIRECTION('',0.707107,-0.707107,0.);
#4812=LINE('',#4495,#4811);
#4813=DIRECTION('',0.,0.,1.);
#4814=LINE('',#4497,#4813);
#4815=DIRECTION('',-0.707107,0.707107,0.);
#4816=LINE('',#4498,#4815);
#4817=DIRECTION('',0.,0.,-1.);
#4818=LINE('',#4496,#4817);
#4819=EDGE_CURVE('',#4523,#4524,#4812,.T.);
#4820=EDGE_CURVE('',#4524,#4544,#4814,.T.);
#4821=EDGE_CURVE('',#4544,#4543,#4816,.T.);
#4822=EDGE_CURVE('',#4543,#4523,#4818,.T.);
#4823=ORIENTED_EDGE('',*,*,#4819,.T.);
#4824=ORIENTED_EDGE('',*,*,#4820,.T.);
#4825=ORIENTED_EDGE('',*,*,#4821,.T.);
#4826=ORIENTED_EDGE('',*,*,#4822,.T.);
#4827=EDGE_LOOP('',#4823,#4824,#4825,#4826);
#4828=FACE_OUTER_BOUND('',#4827,.T.);
#4829=DIRECTION('',-0.707107,-0.707107,0.);
#4830=ADVANCED_FACE('',#4828,#4829,.T.);
#4831=DIRECTION('',0.891007,-0.453990,0.);
#4832=LINE('',#4497,#4831);
#4833=DIRECTION('',0.,0.,1.);
#4834=LINE('',#4499,#4833);
#4835=DIRECTION('',-0.891007,0.453990,0.);
#4836=LINE('',#4500,#4835);
#4837=DIRECTION('',0.,0.,-1.);
#4838=LINE('',#4498,#4837);
#4839=EDGE_CURVE('',#4524,#4525,#4832,.T.);
#4840=EDGE_CURVE('',#4525,#4545,#4834,.T.);
#4841=EDGE_CURVE('',#4545,#4544,#4836,.T.);
#4842=EDGE_CURVE('',#4544,#4524,#4838,.T.);
#4843=ORIENTED_EDGE('',*,*,#4839,.T.);
#4844=ORIENTED_EDGE('',*,*,#4840,.T.);
#4845=ORIENTED_EDGE('',*,*,#4841,.T.);
#4846=ORIENTED_EDGE('',*,*,#4842,.T.);
#4847=EDGE_LOOP('',#4843,#4844,#4845,#4846);
#4848=FACE_OUTER_BOUND('',#4847,.T.);
#4849=DIRECTION('',-0.453990,-0.891007,0.);
#4850=ADVANCED_FACE('',#4848,#4849,.T.);
#4851=DIRECTION('',0.987688,-0.156434,0.);
#4852=LINE('',#4499,#4851);
#4853=DIRECTION('',0.,0.,1.);
#4854=LINE('',#4501,#4853);
#4855=DIRECTION('',-0.987688,0.156434,0.);
#4856=LINE('',#4502,#4855);
#4857=DIRECTION('',0.,0.,-1.);
#4858=LINE('',#4500,#4857);
#4859=EDGE_CURVE('',#4525,#4526,#4852,.T.);
#4860=EDGE_CURVE('',#4526,#4546,#4854,.T.);
#4861=EDGE_CURVE('',#4546,#4545,#4856,.T.);
#4862=EDGE_CURVE('',#4545,#4525,#4858,.T.);
#4863=ORIENTED_EDGE('',*,*,#4859,.T.);
#4864=ORIENTED_EDGE('',*,*,#4860,.T.);
#4865=ORIENTED_EDGE('',*,*,#4861,.T.);
#4866=ORIENTED_EDGE('',*,*,#4862,.T.);
#4867=EDGE_LOOP('',#4863,#4864,#4865,#4866);
#4868=FACE_OUTER_BOUND('',#4867,.T.);
#4869=DIRECTION('',-0.156434,-0.987688,0.);
#4870=ADVANCED_FACE('',#4868,#4869,.T.);
#4871=DIRECTION('',0.987688,0.156434,0.);
#4872=LINE('',#4501,#4871);
#4873=DIRECTION('',0.,0.,1.);
#4874=LINE('',#4503,#4873);
#4875=DIRECTION('',-0.987688,-0.156434,0.);
#4876=LINE('',#4504,#4875);
#4877=DIRECTION('',0.,0.,-1.);
#4878=LINE('',#4502,#4877);
#4879=EDGE_CURVE('',#4526,#4527,#4872,.T.);
#4880=EDGE_CURVE('',#4527,#4547,#4874,.T.);
#4881=EDGE_CURVE('',#4547,#4546,#4876,.T.);
#4882=EDGE_CURVE('',#4546,#4526,#4878,.T.);
#4883=ORIENTED_EDGE('',*,*,#4879,.T.);
#4884=ORIENTED_EDGE('',*,*,#4880,.T.);
#4885=ORIENTED_EDGE('',*,*,#4881,.T.);
#4886=ORIENTED_EDGE('',*,*,#4882,.T.);
#4887=EDGE_LOOP('',#4883,#4884,#4885,#4886);
#4888=FACE_OUTER_BOUND('',#4887,.T.);
#4889=DIRECTION('',0.156434,-0.987688,0.);
#4890=ADVANCED_FACE('',#4888,#4889,.T.);
#4891=DIRECTION('',0.891007,0.453990,0.);
#4892=LINE('',#4503,#4891);
#4893=DIRECTION('',0.,0.,1.);
#4894=LINE('',#4505,#4893);
#4895=DIRECTION('',-0.891007,-0.453990,0.);
#4896=LINE('',#4506,#4895);
#4897=DIRECTION('',0.,0.,-1.);
#4898=LINE('',#4504,#4897);
#4899=EDGE_CURVE('',#4527,#4528,#4892,.T.);
#4900=EDGE_CURVE('',#4528,#4548,#4894,.T.);
#4901=EDGE_CURVE('',#4548,#4547,#4896,.T.);
#4902=EDGE_CURVE('',#4547,#4527,#4898,.T.);
#4903=ORIENTED_EDGE('',*,*,#4899,.T.);
#4904=ORIENTED_EDGE('',*,*,#4900,.T.);
#4905=ORIENTED_EDGE('',*,*,#4901,.T.);
#4906=ORIENTED_EDGE('',*,*,#4902,.T.);
#4907=EDGE_LOOP('',#4903,#4904,#4905,#4906);
#4908=FACE_OUTER_BOUND('',#4907,.T.);
#4909=DIRECTION('',0.453990,-0.891007,0.);
#4910=ADVANCED_FACE('',#4908,#4909,.T.);
#4911=DIRECTION('',0.707107,0.707107,0.);
#4912=LINE('',#4505,#4911);
#4913=DIRECTION('',0.,0.,1.);
#4914=LINE('',#4507,#4913);
#4915=DIRECTION('',-0.707107,-0.707107,0.);
#4916=LINE('',#4508,#4915);
#4917=DIRECTION('',0.,0.,-1.);
#4918=LINE('',#4506,#4917);
#4919=EDGE_CURVE('',#4528,#4529,#4912,.T.);
#4920=EDGE_CURVE('',#4529,#4549,#4914,.T.);
#4921=EDGE_CURVE('',#4549,#4548,#4916,.T.);
#4922=EDGE_CURVE('',#4548,#4528,#4918,.T.);
#4923=ORIENTED_EDGE('',*,*,#4919,.T.);
#4924=ORIENTED_EDGE('',*,*,#4920,.T.);
#4925=ORIENTED_EDGE('',*,*,#4921,.T.);
#4926=ORIENTED_EDGE('',*,*,#4922,.T.);
#4927=EDGE_LOOP('',#4923,#4924,#4925,#4926);
#4928=FACE_OUTER_BOUND('',#4927,.T.);
#4929=DIRECTION('',0.707107,-0.707107,0.);
#4930=ADVANCED_FACE('',#4928,#4929,.T.);
#4931=DIRECTION('',0.453990,0.891007,0.);
#4932=LINE('',#4507,#4931);
#4933=DIRECTION('',0.,0.,1.);
#4934=LINE('',#4509,#4933);
#4935=DIRECTION('',-0.453990,-0.891007,0.);
#4936=LINE('',#4510,#4935);
#4937=DIRECTION('',0.,0.,-1.);
#4938=LINE('',#4508,#4937);
#4939=EDGE_CURVE('',#4529,#4530,#4932,.T.);
#4940=EDGE_CURVE('',#4530,#4550,#4934,.T.);
#4941=EDGE_CURVE('',#4550,#4549,#4936,.T.);
#4942=EDGE_CURVE('',#4549,#4529,#4938,.T.);
#4943=ORIENTED_EDGE('',*,*,#4939,.T.);
#4944=ORIENTED_EDGE('',*,*,#4940,.T.);
#4945=ORIENTED_EDGE('',*,*,#4941,.T.);
#4946=ORIENTED_EDGE('',*,*,#4942,.T.);
#4947=EDGE_LOOP('',#4943,#4944,#4945,#4946);
#4948=FACE_OUTER_BOUND('',#4947,.T.);
#4949=DIRECTION('',0.891007,-0.453990,0.);
#4950=ADVANCED_FACE('',#4948,#4949,.T.);
#4951=DIRECTION('',0.156434,0.987688,0.);
#4952=LINE('',#4509,#4951);
#4953=DIRECTION('',0.,0.,1.);
#4954=LINE('',#4471,#4953);
#4955=DIRECTION('',-0.156434,-0.987688,0.);
#4956=LINE('',#4472,#4955);
#4957=DIRECTION('',0.,0.,-1.);
#4958=LINE('',#4510,#4957);
#4959=EDGE_CURVE('',#4530,#4511,#4952,.T.);
#4960=EDGE_CURVE('',#4511,#4531,#4954,.T.);
#4961=EDGE_CURVE('',#4531,#4550,#4956,.T.);
#4962=EDGE_CURVE('',#4550,#4530,#4958,.T.);
#4963=ORIENTED_EDGE('',*,*,#4959,.T.);
#4964=ORIENTED_EDGE('',*,*,#4960,.T.);
#4965=ORIENTED_EDGE('',*,*,#4961,.T.);
#4966=ORIENTED_EDGE('',*,*,#4962,.T.);
#4967=EDGE_LOOP('',#4963,#4964,#4965,#4966);
#4968=FACE_OUTER_BOUND('',#4967,.T.);
#4969=DIRECTION('',-0.987688,0.156434,0.);
#4970=ADVANCED_FACE('',#4968,#4969,.T.);
#4971=CLOSED_SHELL('',#4560,#4570,#4590,#4610,#4630,#4650,#4670,#4690,#4710,#4730,#4750,#4770,#4790,#4810,#4830,#4850,#4870,#4890,#4910,#4930,#4950,#4970);
#4972=MANIFOLD_SOLID_BREP('',#4971);
#4973=CARTESIAN_POINT('',(190.000000,190.000000,2.000000));
#4974=DIRECTION('',0.,0.,1.);
#4975=DIRECTION('',1.,0.,0.);
#4976=AXIS2_PLACEMENT_3D('',#4973,#4974,#4975);
#4977=ADVANCED_BREP_SHAPE_REPRESENTATION('',#4972,#4976);
#4978=SHAPE_DEFINITION_REPRESENTATION(#4470,#4977);
#4979=PRODUCT('Standoffs','M3 Standoffs','Aluminum M3x6mm standoffs',('mechanical'));
#4980=PRODUCT_DEFINITION_FORMATION('',#4979);
#4981=PRODUCT_DEFINITION('design','',#4980,#1);
#4982=PRODUCT_DEFINITION_SHAPE('','',#4981);
#4983=CARTESIAN_POINT('',(13.000000,10.000000,2.000000));
#4984=CARTESIAN_POINT('',(13.000000,10.000000,8.000000));
#4985=CARTESIAN_POINT('',(12.853170,10.927051,2.000000));
#4986=CARTESIAN_POINT('',(12.853170,10.927051,8.000000));
#4987=CARTESIAN_POINT('',(12.427051,11.763356,2.000000));
#4988=CARTESIAN_POINT('',(12.427051,11.763356,8.000000));
#4989=CARTESIAN_POINT('',(11.763356,12.427051,2.000000));
#4990=CARTESIAN_POINT('',(11.763356,12.427051,8.000000));
#4991=CARTESIAN_POINT('',(10.927051,12.853170,2.000000));
#4992=CARTESIAN_POINT('',(10.927051,12.853170,8.000000));
#4993=CARTESIAN_POINT('',(10.000000,13.000000,2.000000));
#4994=CARTESIAN_POINT('',(10.000000,13.000000,8.000000));
#4995=CARTESIAN_POINT('',(9.072949,12.853170,2.000000));
#4996=CARTESIAN_POINT('',(9.072949,12.853170,8.000000));
#4997=CARTESIAN_POINT('',(8.236644,12.427051,2.000000));
#4998=CARTESIAN_POINT('',(8.236644,12.427051,8.000000));
#4999=CARTESIAN_POINT('',(7.572949,11.763356,2.000000));
#5000=CARTESIAN_POINT('',(7.572949,11.763356,8.000000));
#5001=CARTESIAN_POINT('',(7.146830,10.927051,2.000000));
#5002=CARTESIAN_POINT('',(7.146830,10.927051,8.000000));
#5003=CARTESIAN_POINT('',(7.000000,10.000000,2.000000));
#5004=CARTESIAN_POINT('',(7.000000,10.000000,8.000000));
#5005=CARTESIAN_POINT('',(7.146830,9.072949,2.000000));
#5006=CARTESIAN_POINT('',(7.146830,9.072949,8.000000));
#5007=CARTESIAN_POINT('',(7.572949,8.236644,2.000000));
#5008=CARTESIAN_POINT('',(7.572949,8.236644,8.000000));
#5009=CARTESIAN_POINT('',(8.236644,7.572949,2.000000));
#5010=CARTESIAN_POINT('',(8.236644,7.572949,8.000000));
#5011=CARTESIAN_POINT('',(9.072949,7.146830,2.000000));
#5012=CARTESIAN_POINT('',(9.072949,7.146830,8.000000));
#5013=CARTESIAN_POINT('',(10.000000,7.000000,2.000000));
#5014=CARTESIAN_POINT('',(10.000000,7.000000,8.000000));
#5015=CARTESIAN_POINT('',(10.927051,7.146830,2.000000));
#5016=CARTESIAN_POINT('',(10.927051,7.146830,8.000000));
#5017=CARTESIAN_POINT('',(11.763356,7.572949,2.000000));
#5018=CARTESIAN_POINT('',(11.763356,7.572949,8.000000));
#5019=CARTESIAN_POINT('',(12.427051,8.236644,2.000000));
#5020=CARTESIAN_POINT('',(12.427051,8.236644,8.000000));
#5021=CARTESIAN_POINT('',(12.853170,9.072949,2.000000));
#5022=CARTESIAN_POINT('',(12.853170,9.072949,8.000000));
#5023=VERTEX_POINT('',#4983);
#5024=VERTEX_POINT('',#4985);
#5025=VERTEX_POINT('',#4987);
#5026=VERTEX_POINT('',#4989);
#5027=VERTEX_POINT('',#4991);
#5028=VERTEX_POINT('',#4993);
#5029=VERTEX_POINT('',#4995);
#5030=VERTEX_POINT('',#4997);
#5031=VERTEX_POINT('',#4999);
#5032=VERTEX_POINT('',#5001);
#5033=VERTEX_POINT('',#5003);
#5034=VERTEX_POINT('',#5005);
#5035=VERTEX_POINT('',#5007);
#5036=VERTEX_POINT('',#5009);
#5037=VERTEX_POINT('',#5011);
#5038=VERTEX_POINT('',#5013);
#5039=VERTEX_POINT('',#5015);
#5040=VERTEX_POINT('',#5017);
#5041=VERTEX_POINT('',#5019);
#5042=VERTEX_POINT('',#5021);
#5043=VERTEX_POINT('',#4984);
#5044=VERTEX_POINT('',#4986);
#5045=VERTEX_POINT('',#4988);
#5046=VERTEX_POINT('',#4990);
#5047=VERTEX_POINT('',#4992);
#5048=VERTEX_POINT('',#4994);
#5049=VERTEX_POINT('',#4996);
#5050=VERTEX_POINT('',#4998);
#5051=VERTEX_POINT('',#5000);
#5052=VERTEX_POINT('',#5002);
#5053=VERTEX_POINT('',#5004);
#5054=VERTEX_POINT('',#5006);
#5055=VERTEX_POINT('',#5008);
#5056=VERTEX_POINT('',#5010);
#5057=VERTEX_POINT('',#5012);
#5058=VERTEX_POINT('',#5014);
#5059=VERTEX_POINT('',#5016);
#5060=VERTEX_POINT('',#5018);
#5061=VERTEX_POINT('',#5020);
#5062=VERTEX_POINT('',#5022);
#5063=CARTESIAN_POINT('',(10.000000,10.000000,2.000000));
#5064=DIRECTION('',0.,0.,-1.);
#5065=DIRECTION('',1.,0.,0.);
#5066=AXIS2_PLACEMENT_3D('',#5063,#5064,#5065);
#5067=CIRCLE('',#5066,3.000000);
#5068=EDGE_CURVE('',#5023,#5023,#5067,.T.);
#5069=ORIENTED_EDGE('',*,*,#5068,.T.);
#5070=EDGE_LOOP('',#5069);
#5071=FACE_OUTER_BOUND('',#5070,.T.);
#5072=ADVANCED_FACE('',#5071,#5064,.T.);
#5073=CARTESIAN_POINT('',(10.000000,10.000000,8.000000));
#5074=DIRECTION('',0.,0.,1.);
#5075=DIRECTION('',1.,0.,0.);
#5076=AXIS2_PLACEMENT_3D('',#5073,#5074,#5075);
#5077=CIRCLE('',#5076,3.000000);
#5078=EDGE_CURVE('',#5043,#5043,#5077,.T.);
#5079=ORIENTED_EDGE('',*,*,#5078,.T.);
#5080=EDGE_LOOP('',#5079);
#5081=FACE_OUTER_BOUND('',#5080,.T.);
#5082=ADVANCED_FACE('',#5081,#5074,.T.);
#5083=DIRECTION('',-0.156434,0.987688,0.);
#5084=LINE('',#4983,#5083);
#5085=DIRECTION('',0.,0.,1.);
#5086=LINE('',#4985,#5085);
#5087=DIRECTION('',0.156434,-0.987688,0.);
#5088=LINE('',#4986,#5087);
#5089=DIRECTION('',0.,0.,-1.);
#5090=LINE('',#4984,#5089);
#5091=EDGE_CURVE('',#5023,#5024,#5084,.T.);
#5092=EDGE_CURVE('',#5024,#5044,#5086,.T.);
#5093=EDGE_CURVE('',#5044,#5043,#5088,.T.);
#5094=EDGE_CURVE('',#5043,#5023,#5090,.T.);
#5095=ORIENTED_EDGE('',*,*,#5091,.T.);
#5096=ORIENTED_EDGE('',*,*,#5092,.T.);
#5097=ORIENTED_EDGE('',*,*,#5093,.T.);
#5098=ORIENTED_EDGE('',*,*,#5094,.T.);
#5099=EDGE_LOOP('',#5095,#5096,#5097,#5098);
#5100=FACE_OUTER_BOUND('',#5099,.T.);
#5101=DIRECTION('',0.987688,0.156434,0.);
#5102=ADVANCED_FACE('',#5100,#5101,.T.);
#5103=DIRECTION('',-0.453990,0.891007,0.);
#5104=LINE('',#4985,#5103);
#5105=DIRECTION('',0.,0.,1.);
#5106=LINE('',#4987,#5105);
#5107=DIRECTION('',0.453990,-0.891007,0.);
#5108=LINE('',#4988,#5107);
#5109=DIRECTION('',0.,0.,-1.);
#5110=LINE('',#4986,#5109);
#5111=EDGE_CURVE('',#5024,#5025,#5104,.T.);
#5112=EDGE_CURVE('',#5025,#5045,#5106,.T.);
#5113=EDGE_CURVE('',#5045,#5044,#5108,.T.);
#5114=EDGE_CURVE('',#5044,#5024,#5110,.T.);
#5115=ORIENTED_EDGE('',*,*,#5111,.T.);
#5116=ORIENTED_EDGE('',*,*,#5112,.T.);
#5117=ORIENTED_EDGE('',*,*,#5113,.T.);
#5118=ORIENTED_EDGE('',*,*,#5114,.T.);
#5119=EDGE_LOOP('',#5115,#5116,#5117,#5118);
#5120=FACE_OUTER_BOUND('',#5119,.T.);
#5121=DIRECTION('',0.891007,0.453990,0.);
#5122=ADVANCED_FACE('',#5120,#5121,.T.);
#5123=DIRECTION('',-0.707107,0.707107,0.);
#5124=LINE('',#4987,#5123);
#5125=DIRECTION('',0.,0.,1.);
#5126=LINE('',#4989,#5125);
#5127=DIRECTION('',0.707107,-0.707107,0.);
#5128=LINE('',#4990,#5127);
#5129=DIRECTION('',0.,0.,-1.);
#5130=LINE('',#4988,#5129);
#5131=EDGE_CURVE('',#5025,#5026,#5124,.T.);
#5132=EDGE_CURVE('',#5026,#5046,#5126,.T.);
#5133=EDGE_CURVE('',#5046,#5045,#5128,.T.);
#5134=EDGE_CURVE('',#5045,#5025,#5130,.T.);
#5135=ORIENTED_EDGE('',*,*,#5131,.T.);
#5136=ORIENTED_EDGE('',*,*,#5132,.T.);
#5137=ORIENTED_EDGE('',*,*,#5133,.T.);
#5138=ORIENTED_EDGE('',*,*,#5134,.T.);
#5139=EDGE_LOOP('',#5135,#5136,#5137,#5138);
#5140=FACE_OUTER_BOUND('',#5139,.T.);
#5141=DIRECTION('',0.707107,0.707107,0.);
#5142=ADVANCED_FACE('',#5140,#5141,.T.);
#5143=DIRECTION('',-0.891007,0.453990,0.);
#5144=LINE('',#4989,#5143);
#5145=DIRECTION('',0.,0.,1.);
#5146=LINE('',#4991,#5145);
#5147=DIRECTION('',0.891007,-0.453990,0.);
#5148=LINE('',#4992,#5147);
#5149=DIRECTION('',0.,0.,-1.);
#5150=LINE('',#4990,#5149);
#5151=EDGE_CURVE('',#5026,#5027,#5144,.T.);
#5152=EDGE_CURVE('',#5027,#5047,#5146,.T.);
#5153=EDGE_CURVE('',#5047,#5046,#5148,.T.);
#5154=EDGE_CURVE('',#5046,#5026,#5150,.T.);
#5155=ORIENTED_EDGE('',*,*,#5151,.T.);
#5156=ORIENTED_EDGE('',*,*,#5152,.T.);
#5157=ORIENTED_EDGE('',*,*,#5153,.T.);
#5158=ORIENTED_EDGE('',*,*,#5154,.T.);
#5159=EDGE_LOOP('',#5155,#5156,#5157,#5158);
#5160=FACE_OUTER_BOUND('',#5159,.T.);
#5161=DIRECTION('',0.453990,0.891007,0.);
#5162=ADVANCED_FACE('',#5160,#5161,.T.);
#5163=DIRECTION('',-0.987688,0.156434,0.);
#5164=LINE('',#4991,#5163);
#5165=DIRECTION('',0.,0.,1.);
#5166=LINE('',#4993,#5165);
#5167=DIRECTION('',0.987688,-0.156434,0.);
#5168=LINE('',#4994,#5167);
#5169=DIRECTION('',0.,0.,-1.);
#5170=LINE('',#4992,#5169);
#5171=EDGE_CURVE('',#5027,#5028,#5164,.T.);
#5172=EDGE_CURVE('',#5028,#5048,#5166,.T.);
#5173=EDGE_CURVE('',#5048,#5047,#5168,.T.);
#5174=EDGE_CURVE('',#5047,#5027,#5170,.T.);
#5175=ORIENTED_EDGE('',*,*,#5171,.T.);
#5176=ORIENTED_EDGE('',*,*,#5172,.T.);
#5177=ORIENTED_EDGE('',*,*,#5173,.T.);
#5178=ORIENTED_EDGE('',*,*,#5174,.T.);
#5179=EDGE_LOOP('',#5175,#5176,#5177,#5178);
#5180=FACE_OUTER_BOUND('',#5179,.T.);
#5181=DIRECTION('',0.156434,0.987688,0.);
#5182=ADVANCED_FACE('',#5180,#5181,.T.);
#5183=DIRECTION('',-0.987688,-0.156434,0.);
#5184=LINE('',#4993,#5183);
#5185=DIRECTION('',0.,0.,1.);
#5186=LINE('',#4995,#5185);
#5187=DIRECTION('',0.987688,0.156434,0.);
#5188=LINE('',#4996,#5187);
#5189=DIRECTION('',0.,0.,-1.);
#5190=LINE('',#4994,#5189);
#5191=EDGE_CURVE('',#5028,#5029,#5184,.T.);
#5192=EDGE_CURVE('',#5029,#5049,#5186,.T.);
#5193=EDGE_CURVE('',#5049,#5048,#5188,.T.);
#5194=EDGE_CURVE('',#5048,#5028,#5190,.T.);
#5195=ORIENTED_EDGE('',*,*,#5191,.T.);
#5196=ORIENTED_EDGE('',*,*,#5192,.T.);
#5197=ORIENTED_EDGE('',*,*,#5193,.T.);
#5198=ORIENTED_EDGE('',*,*,#5194,.T.);
#5199=EDGE_LOOP('',#5195,#5196,#5197,#5198);
#5200=FACE_OUTER_BOUND('',#5199,.T.);
#5201=DIRECTION('',-0.156434,0.987688,0.);
#5202=ADVANCED_FACE('',#5200,#5201,.T.);
#5203=DIRECTION('',-0.891007,-0.453990,0.);
#5204=LINE('',#4995,#5203);
#5205=DIRECTION('',0.,0.,1.);
#5206=LINE('',#4997,#5205);
#5207=DIRECTION('',0.891007,0.453990,0.);
#5208=LINE('',#4998,#5207);
#5209=DIRECTION('',0.,0.,-1.);
#5210=LINE('',#4996,#5209);
#5211=EDGE_CURVE('',#5029,#5030,#5204,.T.);
#5212=EDGE_CURVE('',#5030,#5050,#5206,.T.);
#5213=EDGE_CURVE('',#5050,#5049,#5208,.T.);
#5214=EDGE_CURVE('',#5049,#5029,#5210,.T.);
#5215=ORIENTED_EDGE('',*,*,#5211,.T.);
#5216=ORIENTED_EDGE('',*,*,#5212,.T.);
#5217=ORIENTED_EDGE('',*,*,#5213,.T.);
#5218=ORIENTED_EDGE('',*,*,#5214,.T.);
#5219=EDGE_LOOP('',#5215,#5216,#5217,#5218);
#5220=FACE_OUTER_BOUND('',#5219,.T.);
#5221=DIRECTION('',-0.453990,0.891007,0.);
#5222=ADVANCED_FACE('',#5220,#5221,.T.);
#5223=DIRECTION('',-0.707107,-0.707107,0.);
#5224=LINE('',#4997,#5223);
#5225=DIRECTION('',0.,0.,1.);
#5226=LINE('',#4999,#5225);
#5227=DIRECTION('',0.707107,0.707107,0.);
#5228=LINE('',#5000,#5227);
#5229=DIRECTION('',0.,0.,-1.);
#5230=LINE('',#4998,#5229);
#5231=EDGE_CURVE('',#5030,#5031,#5224,.T.);
#5232=EDGE_CURVE('',#5031,#5051,#5226,.T.);
#5233=EDGE_CURVE('',#5051,#5050,#5228,.T.);
#5234=EDGE_CURVE('',#5050,#5030,#5230,.T.);
#5235=ORIENTED_EDGE('',*,*,#5231,.T.);
#5236=ORIENTED_EDGE('',*,*,#5232,.T.);
#5237=ORIENTED_EDGE('',*,*,#5233,.T.);
#5238=ORIENTED_EDGE('',*,*,#5234,.T.);
#5239=EDGE_LOOP('',#5235,#5236,#5237,#5238);
#5240=FACE_OUTER_BOUND('',#5239,.T.);
#5241=DIRECTION('',-0.707107,0.707107,0.);
#5242=ADVANCED_FACE('',#5240,#5241,.T.);
#5243=DIRECTION('',-0.453990,-0.891007,0.);
#5244=LINE('',#4999,#5243);
#5245=DIRECTION('',0.,0.,1.);
#5246=LINE('',#5001,#5245);
#5247=DIRECTION('',0.453990,0.891007,0.);
#5248=LINE('',#5002,#5247);
#5249=DIRECTION('',0.,0.,-1.);
#5250=LINE('',#5000,#5249);
#5251=EDGE_CURVE('',#5031,#5032,#5244,.T.);
#5252=EDGE_CURVE('',#5032,#5052,#5246,.T.);
#5253=EDGE_CURVE('',#5052,#5051,#5248,.T.);
#5254=EDGE_CURVE('',#5051,#5031,#5250,.T.);
#5255=ORIENTED_EDGE('',*,*,#5251,.T.);
#5256=ORIENTED_EDGE('',*,*,#5252,.T.);
#5257=ORIENTED_EDGE('',*,*,#5253,.T.);
#5258=ORIENTED_EDGE('',*,*,#5254,.T.);
#5259=EDGE_LOOP('',#5255,#5256,#5257,#5258);
#5260=FACE_OUTER_BOUND('',#5259,.T.);
#5261=DIRECTION('',-0.891007,0.453990,0.);
#5262=ADVANCED_FACE('',#5260,#5261,.T.);
#5263=DIRECTION('',-0.156434,-0.987688,0.);
#5264=LINE('',#5001,#5263);
#5265=DIRECTION('',0.,0.,1.);
#5266=LINE('',#5003,#5265);
#5267=DIRECTION('',0.156434,0.987688,0.);
#5268=LINE('',#5004,#5267);
#5269=DIRECTION('',0.,0.,-1.);
#5270=LINE('',#5002,#5269);
#5271=EDGE_CURVE('',#5032,#5033,#5264,.T.);
#5272=EDGE_CURVE('',#5033,#5053,#5266,.T.);
#5273=EDGE_CURVE('',#5053,#5052,#5268,.T.);
#5274=EDGE_CURVE('',#5052,#5032,#5270,.T.);
#5275=ORIENTED_EDGE('',*,*,#5271,.T.);
#5276=ORIENTED_EDGE('',*,*,#5272,.T.);
#5277=ORIENTED_EDGE('',*,*,#5273,.T.);
#5278=ORIENTED_EDGE('',*,*,#5274,.T.);
#5279=EDGE_LOOP('',#5275,#5276,#5277,#5278);
#5280=FACE_OUTER_BOUND('',#5279,.T.);
#5281=DIRECTION('',-0.987688,0.156434,0.);
#5282=ADVANCED_FACE('',#5280,#5281,.T.);
#5283=DIRECTION('',0.156434,-0.987688,0.);
#5284=LINE('',#5003,#5283);
#5285=DIRECTION('',0.,0.,1.);
#5286=LINE('',#5005,#5285);
#5287=DIRECTION('',-0.156434,0.987688,0.);
#5288=LINE('',#5006,#5287);
#5289=DIRECTION('',0.,0.,-1.);
#5290=LINE('',#5004,#5289);
#5291=EDGE_CURVE('',#5033,#5034,#5284,.T.);
#5292=EDGE_CURVE('',#5034,#5054,#5286,.T.);
#5293=EDGE_CURVE('',#5054,#5053,#5288,.T.);
#5294=EDGE_CURVE('',#5053,#5033,#5290,.T.);
#5295=ORIENTED_EDGE('',*,*,#5291,.T.);
#5296=ORIENTED_EDGE('',*,*,#5292,.T.);
#5297=ORIENTED_EDGE('',*,*,#5293,.T.);
#5298=ORIENTED_EDGE('',*,*,#5294,.T.);
#5299=EDGE_LOOP('',#5295,#5296,#5297,#5298);
#5300=FACE_OUTER_BOUND('',#5299,.T.);
#5301=DIRECTION('',-0.987688,-0.156434,0.);
#5302=ADVANCED_FACE('',#5300,#5301,.T.);
#5303=DIRECTION('',0.453990,-0.891007,0.);
#5304=LINE('',#5005,#5303);
#5305=DIRECTION('',0.,0.,1.);
#5306=LINE('',#5007,#5305);
#5307=DIRECTION('',-0.453990,0.891007,0.);
#5308=LINE('',#5008,#5307);
#5309=DIRECTION('',0.,0.,-1.);
#5310=LINE('',#5006,#5309);
#5311=EDGE_CURVE('',#5034,#5035,#5304,.T.);
#5312=EDGE_CURVE('',#5035,#5055,#5306,.T.);
#5313=EDGE_CURVE('',#5055,#5054,#5308,.T.);
#5314=EDGE_CURVE('',#5054,#5034,#5310,.T.);
#5315=ORIENTED_EDGE('',*,*,#5311,.T.);
#5316=ORIENTED_EDGE('',*,*,#5312,.T.);
#5317=ORIENTED_EDGE('',*,*,#5313,.T.);
#5318=ORIENTED_EDGE('',*,*,#5314,.T.);
#5319=EDGE_LOOP('',#5315,#5316,#5317,#5318);
#5320=FACE_OUTER_BOUND('',#5319,.T.);
#5321=DIRECTION('',-0.891007,-0.453990,0.);
#5322=ADVANCED_FACE('',#5320,#5321,.T.);
#5323=DIRECTION('',0.707107,-0.707107,0.);
#5324=LINE('',#5007,#5323);
#5325=DIRECTION('',0.,0.,1.);
#5326=LINE('',#5009,#5325);
#5327=DIRECTION('',-0.707107,0.707107,0.);
#5328=LINE('',#5010,#5327);
#5329=DIRECTION('',0.,0.,-1.);
#5330=LINE('',#5008,#5329);
#5331=EDGE_CURVE('',#5035,#5036,#5324,.T.);
#5332=EDGE_CURVE('',#5036,#5056,#5326,.T.);
#5333=EDGE_CURVE('',#5056,#5055,#5328,.T.);
#5334=EDGE_CURVE('',#5055,#5035,#5330,.T.);
#5335=ORIENTED_EDGE('',*,*,#5331,.T.);
#5336=ORIENTED_EDGE('',*,*,#5332,.T.);
#5337=ORIENTED_EDGE('',*,*,#5333,.T.);
#5338=ORIENTED_EDGE('',*,*,#5334,.T.);
#5339=EDGE_LOOP('',#5335,#5336,#5337,#5338);
#5340=FACE_OUTER_BOUND('',#5339,.T.);
#5341=DIRECTION('',-0.707107,-0.707107,0.);
#5342=ADVANCED_FACE('',#5340,#5341,.T.);
#5343=DIRECTION('',0.891007,-0.453990,0.);
#5344=LINE('',#5009,#5343);
#5345=DIRECTION('',0.,0.,1.);
#5346=LINE('',#5011,#5345);
#5347=DIRECTION('',-0.891007,0.453990,0.);
#5348=LINE('',#5012,#5347);
#5349=DIRECTION('',0.,0.,-1.);
#5350=LINE('',#5010,#5349);
#5351=EDGE_CURVE('',#5036,#5037,#5344,.T.);
#5352=EDGE_CURVE('',#5037,#5057,#5346,.T.);
#5353=EDGE_CURVE('',#5057,#5056,#5348,.T.);
#5354=EDGE_CURVE('',#5056,#5036,#5350,.T.);
#5355=ORIENTED_EDGE('',*,*,#5351,.T.);
#5356=ORIENTED_EDGE('',*,*,#5352,.T.);
#5357=ORIENTED_EDGE('',*,*,#5353,.T.);
#5358=ORIENTED_EDGE('',*,*,#5354,.T.);
#5359=EDGE_LOOP('',#5355,#5356,#5357,#5358);
#5360=FACE_OUTER_BOUND('',#5359,.T.);
#5361=DIRECTION('',-0.453990,-0.891007,0.);
#5362=ADVANCED_FACE('',#5360,#5361,.T.);
#5363=DIRECTION('',0.987688,-0.156434,0.);
#5364=LINE('',#5011,#5363);
#5365=DIRECTION('',0.,0.,1.);
#5366=LINE('',#5013,#5365);
#5367=DIRECTION('',-0.987688,0.156434,0.);
#5368=LINE('',#5014,#5367);
#5369=DIRECTION('',0.,0.,-1.);
#5370=LINE('',#5012,#5369);
#5371=EDGE_CURVE('',#5037,#5038,#5364,.T.);
#5372=EDGE_CURVE('',#5038,#5058,#5366,.T.);
#5373=EDGE_CURVE('',#5058,#5057,#5368,.T.);
#5374=EDGE_CURVE('',#5057,#5037,#5370,.T.);
#5375=ORIENTED_EDGE('',*,*,#5371,.T.);
#5376=ORIENTED_EDGE('',*,*,#5372,.T.);
#5377=ORIENTED_EDGE('',*,*,#5373,.T.);
#5378=ORIENTED_EDGE('',*,*,#5374,.T.);
#5379=EDGE_LOOP('',#5375,#5376,#5377,#5378);
#5380=FACE_OUTER_BOUND('',#5379,.T.);
#5381=DIRECTION('',-0.156434,-0.987688,0.);
#5382=ADVANCED_FACE('',#5380,#5381,.T.);
#5383=DIRECTION('',0.987688,0.156434,0.);
#5384=LINE('',#5013,#5383);
#5385=DIRECTION('',0.,0.,1.);
#5386=LINE('',#5015,#5385);
#5387=DIRECTION('',-0.987688,-0.156434,0.);
#5388=LINE('',#5016,#5387);
#5389=DIRECTION('',0.,0.,-1.);
#5390=LINE('',#5014,#5389);
#5391=EDGE_CURVE('',#5038,#5039,#5384,.T.);
#5392=EDGE_CURVE('',#5039,#5059,#5386,.T.);
#5393=EDGE_CURVE('',#5059,#5058,#5388,.T.);
#5394=EDGE_CURVE('',#5058,#5038,#5390,.T.);
#5395=ORIENTED_EDGE('',*,*,#5391,.T.);
#5396=ORIENTED_EDGE('',*,*,#5392,.T.);
#5397=ORIENTED_EDGE('',*,*,#5393,.T.);
#5398=ORIENTED_EDGE('',*,*,#5394,.T.);
#5399=EDGE_LOOP('',#5395,#5396,#5397,#5398);
#5400=FACE_OUTER_BOUND('',#5399,.T.);
#5401=DIRECTION('',0.156434,-0.987688,0.);
#5402=ADVANCED_FACE('',#5400,#5401,.T.);
#5403=DIRECTION('',0.891007,0.453990,0.);
#5404=LINE('',#5015,#5403);
#5405=DIRECTION('',0.,0.,1.);
#5406=LINE('',#5017,#5405);
#5407=DIRECTION('',-0.891007,-0.453990,0.);
#5408=LINE('',#5018,#5407);
#5409=DIRECTION('',0.,0.,-1.);
#5410=LINE('',#5016,#5409);
#5411=EDGE_CURVE('',#5039,#5040,#5404,.T.);
#5412=EDGE_CURVE('',#5040,#5060,#5406,.T.);
#5413=EDGE_CURVE('',#5060,#5059,#5408,.T.);
#5414=EDGE_CURVE('',#5059,#5039,#5410,.T.);
#5415=ORIENTED_EDGE('',*,*,#5411,.T.);
#5416=ORIENTED_EDGE('',*,*,#5412,.T.);
#5417=ORIENTED_EDGE('',*,*,#5413,.T.);
#5418=ORIENTED_EDGE('',*,*,#5414,.T.);
#5419=EDGE_LOOP('',#5415,#5416,#5417,#5418);
#5420=FACE_OUTER_BOUND('',#5419,.T.);
#5421=DIRECTION('',0.453990,-0.891007,0.);
#5422=ADVANCED_FACE('',#5420,#5421,.T.);
#5423=DIRECTION('',0.707107,0.707107,0.);
#5424=LINE('',#5017,#5423);
#5425=DIRECTION('',0.,0.,1.);
#5426=LINE('',#5019,#5425);
#5427=DIRECTION('',-0.707107,-0.707107,0.);
#5428=LINE('',#5020,#5427);
#5429=DIRECTION('',0.,0.,-1.);
#5430=LINE('',#5018,#5429);
#5431=EDGE_CURVE('',#5040,#5041,#5424,.T.);
#5432=EDGE_CURVE('',#5041,#5061,#5426,.T.);
#5433=EDGE_CURVE('',#5061,#5060,#5428,.T.);
#5434=EDGE_CURVE('',#5060,#5040,#5430,.T.);
#5435=ORIENTED_EDGE('',*,*,#5431,.T.);
#5436=ORIENTED_EDGE('',*,*,#5432,.T.);
#5437=ORIENTED_EDGE('',*,*,#5433,.T.);
#5438=ORIENTED_EDGE('',*,*,#5434,.T.);
#5439=EDGE_LOOP('',#5435,#5436,#5437,#5438);
#5440=FACE_OUTER_BOUND('',#5439,.T.);
#5441=DIRECTION('',0.707107,-0.707107,0.);
#5442=ADVANCED_FACE('',#5440,#5441,.T.);
#5443=DIRECTION('',0.453990,0.891007,0.);
#5444=LINE('',#5019,#5443);
#5445=DIRECTION('',0.,0.,1.);
#5446=LINE('',#5021,#5445);
#5447=DIRECTION('',-0.453990,-0.891007,0.);
#5448=LINE('',#5022,#5447);
#5449=DIRECTION('',0.,0.,-1.);
#5450=LINE('',#5020,#5449);
#5451=EDGE_CURVE('',#5041,#5042,#5444,.T.);
#5452=EDGE_CURVE('',#5042,#5062,#5446,.T.);
#5453=EDGE_CURVE('',#5062,#5061,#5448,.T.);
#5454=EDGE_CURVE('',#5061,#5041,#5450,.T.);
#5455=ORIENTED_EDGE('',*,*,#5451,.T.);
#5456=ORIENTED_EDGE('',*,*,#5452,.T.);
#5457=ORIENTED_EDGE('',*,*,#5453,.T.);
#5458=ORIENTED_EDGE('',*,*,#5454,.T.);
#5459=EDGE_LOOP('',#5455,#5456,#5457,#5458);
#5460=FACE_OUTER_BOUND('',#5459,.T.);
#5461=DIRECTION('',0.891007,-0.453990,0.);
#5462=ADVANCED_FACE('',#5460,#5461,.T.);
#5463=DIRECTION('',0.156434,0.987688,0.);
#5464=LINE('',#5021,#5463);
#5465=DIRECTION('',0.,0.,1.);
#5466=LINE('',#4983,#5465);
#5467=DIRECTION('',-0.156434,-0.987688,0.);
#5468=LINE('',#4984,#5467);
#5469=DIRECTION('',0.,0.,-1.);
#5470=LINE('',#5022,#5469);
#5471=EDGE_CURVE('',#5042,#5023,#5464,.T.);
#5472=EDGE_CURVE('',#5023,#5043,#5466,.T.);
#5473=EDGE_CURVE('',#5043,#5062,#5468,.T.);
#5474=EDGE_CURVE('',#5062,#5042,#5470,.T.);
#5475=ORIENTED_EDGE('',*,*,#5471,.T.);
#5476=ORIENTED_EDGE('',*,*,#5472,.T.);
#5477=ORIENTED_EDGE('',*,*,#5473,.T.);
#5478=ORIENTED_EDGE('',*,*,#5474,.T.);
#5479=EDGE_LOOP('',#5475,#5476,#5477,#5478);
#5480=FACE_OUTER_BOUND('',#5479,.T.);
#5481=DIRECTION('',-0.987688,0.156434,0.);
#5482=ADVANCED_FACE('',#5480,#5481,.T.);
#5483=CLOSED_SHELL('',#5072,#5082,#5102,#5122,#5142,#5162,#5182,#5202,#5222,#5242,#5262,#5282,#5302,#5322,#5342,#5362,#5382,#5402,#5422,#5442,#5462,#5482);
#5484=MANIFOLD_SOLID_BREP('',#5483);
#5485=CARTESIAN_POINT('',(10.000000,10.000000,2.000000));
#5486=DIRECTION('',0.,0.,1.);
#5487=DIRECTION('',1.,0.,0.);
#5488=AXIS2_PLACEMENT_3D('',#5485,#5486,#5487);
#5489=ADVANCED_BREP_SHAPE_REPRESENTATION('',#5484,#5488);
#5490=SHAPE_DEFINITION_REPRESENTATION(#4982,#5489);
#5491=CARTESIAN_POINT('',(13.000000,190.000000,2.000000));
#5492=CARTESIAN_POINT('',(13.000000,190.000000,8.000000));
#5493=CARTESIAN_POINT('',(12.853170,190.927051,2.000000));
#5494=CARTESIAN_POINT('',(12.853170,190.927051,8.000000));
#5495=CARTESIAN_POINT('',(12.427051,191.763356,2.000000));
#5496=CARTESIAN_POINT('',(12.427051,191.763356,8.000000));
#5497=CARTESIAN_POINT('',(11.763356,192.427051,2.000000));
#5498=CARTESIAN_POINT('',(11.763356,192.427051,8.000000));
#5499=CARTESIAN_POINT('',(10.927051,192.853170,2.000000));
#5500=CARTESIAN_POINT('',(10.927051,192.853170,8.000000));
#5501=CARTESIAN_POINT('',(10.000000,193.000000,2.000000));
#5502=CARTESIAN_POINT('',(10.000000,193.000000,8.000000));
#5503=CARTESIAN_POINT('',(9.072949,192.853170,2.000000));
#5504=CARTESIAN_POINT('',(9.072949,192.853170,8.000000));
#5505=CARTESIAN_POINT('',(8.236644,192.427051,2.000000));
#5506=CARTESIAN_POINT('',(8.236644,192.427051,8.000000));
#5507=CARTESIAN_POINT('',(7.572949,191.763356,2.000000));
#5508=CARTESIAN_POINT('',(7.572949,191.763356,8.000000));
#5509=CARTESIAN_POINT('',(7.146830,190.927051,2.000000));
#5510=CARTESIAN_POINT('',(7.146830,190.927051,8.000000));
#5511=CARTESIAN_POINT('',(7.000000,190.000000,2.000000));
#5512=CARTESIAN_POINT('',(7.000000,190.000000,8.000000));
#5513=CARTESIAN_POINT('',(7.146830,189.072949,2.000000));
#5514=CARTESIAN_POINT('',(7.146830,189.072949,8.000000));
#5515=CARTESIAN_POINT('',(7.572949,188.236644,2.000000));
#5516=CARTESIAN_POINT('',(7.572949,188.236644,8.000000));
#5517=CARTESIAN_POINT('',(8.236644,187.572949,2.000000));
#5518=CARTESIAN_POINT('',(8.236644,187.572949,8.000000));
#5519=CARTESIAN_POINT('',(9.072949,187.146830,2.000000));
#5520=CARTESIAN_POINT('',(9.072949,187.146830,8.000000));
#5521=CARTESIAN_POINT('',(10.000000,187.000000,2.000000));
#5522=CARTESIAN_POINT('',(10.000000,187.000000,8.000000));
#5523=CARTESIAN_POINT('',(10.927051,187.146830,2.000000));
#5524=CARTESIAN_POINT('',(10.927051,187.146830,8.000000));
#5525=CARTESIAN_POINT('',(11.763356,187.572949,2.000000));
#5526=CARTESIAN_POINT('',(11.763356,187.572949,8.000000));
#5527=CARTESIAN_POINT('',(12.427051,188.236644,2.000000));
#5528=CARTESIAN_POINT('',(12.427051,188.236644,8.000000));
#5529=CARTESIAN_POINT('',(12.853170,189.072949,2.000000));
#5530=CARTESIAN_POINT('',(12.853170,189.072949,8.000000));
#5531=VERTEX_POINT('',#5491);
#5532=VERTEX_POINT('',#5493);
#5533=VERTEX_POINT('',#5495);
#5534=VERTEX_POINT('',#5497);
#5535=VERTEX_POINT('',#5499);
#5536=VERTEX_POINT('',#5501);
#5537=VERTEX_POINT('',#5503);
#5538=VERTEX_POINT('',#5505);
#5539=VERTEX_POINT('',#5507);
#5540=VERTEX_POINT('',#5509);
#5541=VERTEX_POINT('',#5511);
#5542=VERTEX_POINT('',#5513);
#5543=VERTEX_POINT('',#5515);
#5544=VERTEX_POINT('',#5517);
#5545=VERTEX_POINT('',#5519);
#5546=VERTEX_POINT('',#5521);
#5547=VERTEX_POINT('',#5523);
#5548=VERTEX_POINT('',#5525);
#5549=VERTEX_POINT('',#5527);
#5550=VERTEX_POINT('',#5529);
#5551=VERTEX_POINT('',#5492);
#5552=VERTEX_POINT('',#5494);
#5553=VERTEX_POINT('',#5496);
#5554=VERTEX_POINT('',#5498);
#5555=VERTEX_POINT('',#5500);
#5556=VERTEX_POINT('',#5502);
#5557=VERTEX_POINT('',#5504);
#5558=VERTEX_POINT('',#5506);
#5559=VERTEX_POINT('',#5508);
#5560=VERTEX_POINT('',#5510);
#5561=VERTEX_POINT('',#5512);
#5562=VERTEX_POINT('',#5514);
#5563=VERTEX_POINT('',#5516);
#5564=VERTEX_POINT('',#5518);
#5565=VERTEX_POINT('',#5520);
#5566=VERTEX_POINT('',#5522);
#5567=VERTEX_POINT('',#5524);
#5568=VERTEX_POINT('',#5526);
#5569=VERTEX_POINT('',#5528);
#5570=VERTEX_POINT('',#5530);
#5571=CARTESIAN_POINT('',(10.000000,190.000000,2.000000));
#5572=DIRECTION('',0.,0.,-1.);
#5573=DIRECTION('',1.,0.,0.);
#5574=AXIS2_PLACEMENT_3D('',#5571,#5572,#5573);
#5575=CIRCLE('',#5574,3.000000);
#5576=EDGE_CURVE('',#5531,#5531,#5575,.T.);
#5577=ORIENTED_EDGE('',*,*,#5576,.T.);
#5578=EDGE_LOOP('',#5577);
#5579=FACE_OUTER_BOUND('',#5578,.T.);
#5580=ADVANCED_FACE('',#5579,#5572,.T.);
#5581=CARTESIAN_POINT('',(10.000000,190.000000,8.000000));
#5582=DIRECTION('',0.,0.,1.);
#5583=DIRECTION('',1.,0.,0.);
#5584=AXIS2_PLACEMENT_3D('',#5581,#5582,#5583);
#5585=CIRCLE('',#5584,3.000000);
#5586=EDGE_CURVE('',#5551,#5551,#5585,.T.);
#5587=ORIENTED_EDGE('',*,*,#5586,.T.);
#5588=EDGE_LOOP('',#5587);
#5589=FACE_OUTER_BOUND('',#5588,.T.);
#5590=ADVANCED_FACE('',#5589,#5582,.T.);
#5591=DIRECTION('',-0.156434,0.987688,0.);
#5592=LINE('',#5491,#5591);
#5593=DIRECTION('',0.,0.,1.);
#5594=LINE('',#5493,#5593);
#5595=DIRECTION('',0.156434,-0.987688,0.);
#5596=LINE('',#5494,#5595);
#5597=DIRECTION('',0.,0.,-1.);
#5598=LINE('',#5492,#5597);
#5599=EDGE_CURVE('',#5531,#5532,#5592,.T.);
#5600=EDGE_CURVE('',#5532,#5552,#5594,.T.);
#5601=EDGE_CURVE('',#5552,#5551,#5596,.T.);
#5602=EDGE_CURVE('',#5551,#5531,#5598,.T.);
#5603=ORIENTED_EDGE('',*,*,#5599,.T.);
#5604=ORIENTED_EDGE('',*,*,#5600,.T.);
#5605=ORIENTED_EDGE('',*,*,#5601,.T.);
#5606=ORIENTED_EDGE('',*,*,#5602,.T.);
#5607=EDGE_LOOP('',#5603,#5604,#5605,#5606);
#5608=FACE_OUTER_BOUND('',#5607,.T.);
#5609=DIRECTION('',0.987688,0.156434,0.);
#5610=ADVANCED_FACE('',#5608,#5609,.T.);
#5611=DIRECTION('',-0.453990,0.891007,0.);
#5612=LINE('',#5493,#5611);
#5613=DIRECTION('',0.,0.,1.);
#5614=LINE('',#5495,#5613);
#5615=DIRECTION('',0.453990,-0.891007,0.);
#5616=LINE('',#5496,#5615);
#5617=DIRECTION('',0.,0.,-1.);
#5618=LINE('',#5494,#5617);
#5619=EDGE_CURVE('',#5532,#5533,#5612,.T.);
#5620=EDGE_CURVE('',#5533,#5553,#5614,.T.);
#5621=EDGE_CURVE('',#5553,#5552,#5616,.T.);
#5622=EDGE_CURVE('',#5552,#5532,#5618,.T.);
#5623=ORIENTED_EDGE('',*,*,#5619,.T.);
#5624=ORIENTED_EDGE('',*,*,#5620,.T.);
#5625=ORIENTED_EDGE('',*,*,#5621,.T.);
#5626=ORIENTED_EDGE('',*,*,#5622,.T.);
#5627=EDGE_LOOP('',#5623,#5624,#5625,#5626);
#5628=FACE_OUTER_BOUND('',#5627,.T.);
#5629=DIRECTION('',0.891007,0.453990,0.);
#5630=ADVANCED_FACE('',#5628,#5629,.T.);
#5631=DIRECTION('',-0.707107,0.707107,0.);
#5632=LINE('',#5495,#5631);
#5633=DIRECTION('',0.,0.,1.);
#5634=LINE('',#5497,#5633);
#5635=DIRECTION('',0.707107,-0.707107,0.);
#5636=LINE('',#5498,#5635);
#5637=DIRECTION('',0.,0.,-1.);
#5638=LINE('',#5496,#5637);
#5639=EDGE_CURVE('',#5533,#5534,#5632,.T.);
#5640=EDGE_CURVE('',#5534,#5554,#5634,.T.);
#5641=EDGE_CURVE('',#5554,#5553,#5636,.T.);
#5642=EDGE_CURVE('',#5553,#5533,#5638,.T.);
#5643=ORIENTED_EDGE('',*,*,#5639,.T.);
#5644=ORIENTED_EDGE('',*,*,#5640,.T.);
#5645=ORIENTED_EDGE('',*,*,#5641,.T.);
#5646=ORIENTED_EDGE('',*,*,#5642,.T.);
#5647=EDGE_LOOP('',#5643,#5644,#5645,#5646);
#5648=FACE_OUTER_BOUND('',#5647,.T.);
#5649=DIRECTION('',0.707107,0.707107,0.);
#5650=ADVANCED_FACE('',#5648,#5649,.T.);
#5651=DIRECTION('',-0.891007,0.453990,0.);
#5652=LINE('',#5497,#5651);
#5653=DIRECTION('',0.,0.,1.);
#5654=LINE('',#5499,#5653);
#5655=DIRECTION('',0.891007,-0.453990,0.);
#5656=LINE('',#5500,#5655);
#5657=DIRECTION('',0.,0.,-1.);
#5658=LINE('',#5498,#5657);
#5659=EDGE_CURVE('',#5534,#5535,#5652,.T.);
#5660=EDGE_CURVE('',#5535,#5555,#5654,.T.);
#5661=EDGE_CURVE('',#5555,#5554,#5656,.T.);
#5662=EDGE_CURVE('',#5554,#5534,#5658,.T.);
#5663=ORIENTED_EDGE('',*,*,#5659,.T.);
#5664=ORIENTED_EDGE('',*,*,#5660,.T.);
#5665=ORIENTED_EDGE('',*,*,#5661,.T.);
#5666=ORIENTED_EDGE('',*,*,#5662,.T.);
#5667=EDGE_LOOP('',#5663,#5664,#5665,#5666);
#5668=FACE_OUTER_BOUND('',#5667,.T.);
#5669=DIRECTION('',0.453990,0.891007,0.);
#5670=ADVANCED_FACE('',#5668,#5669,.T.);
#5671=DIRECTION('',-0.987688,0.156434,0.);
#5672=LINE('',#5499,#5671);
#5673=DIRECTION('',0.,0.,1.);
#5674=LINE('',#5501,#5673);
#5675=DIRECTION('',0.987688,-0.156434,0.);
#5676=LINE('',#5502,#5675);
#5677=DIRECTION('',0.,0.,-1.);
#5678=LINE('',#5500,#5677);
#5679=EDGE_CURVE('',#5535,#5536,#5672,.T.);
#5680=EDGE_CURVE('',#5536,#5556,#5674,.T.);
#5681=EDGE_CURVE('',#5556,#5555,#5676,.T.);
#5682=EDGE_CURVE('',#5555,#5535,#5678,.T.);
#5683=ORIENTED_EDGE('',*,*,#5679,.T.);
#5684=ORIENTED_EDGE('',*,*,#5680,.T.);
#5685=ORIENTED_EDGE('',*,*,#5681,.T.);
#5686=ORIENTED_EDGE('',*,*,#5682,.T.);
#5687=EDGE_LOOP('',#5683,#5684,#5685,#5686);
#5688=FACE_OUTER_BOUND('',#5687,.T.);
#5689=DIRECTION('',0.156434,0.987688,0.);
#5690=ADVANCED_FACE('',#5688,#5689,.T.);
#5691=DIRECTION('',-0.987688,-0.156434,0.);
#5692=LINE('',#5501,#5691);
#5693=DIRECTION('',0.,0.,1.);
#5694=LINE('',#5503,#5693);
#5695=DIRECTION('',0.987688,0.156434,0.);
#5696=LINE('',#5504,#5695);
#5697=DIRECTION('',0.,0.,-1.);
#5698=LINE('',#5502,#5697);
#5699=EDGE_CURVE('',#5536,#5537,#5692,.T.);
#5700=EDGE_CURVE('',#5537,#5557,#5694,.T.);
#5701=EDGE_CURVE('',#5557,#5556,#5696,.T.);
#5702=EDGE_CURVE('',#5556,#5536,#5698,.T.);
#5703=ORIENTED_EDGE('',*,*,#5699,.T.);
#5704=ORIENTED_EDGE('',*,*,#5700,.T.);
#5705=ORIENTED_EDGE('',*,*,#5701,.T.);
#5706=ORIENTED_EDGE('',*,*,#5702,.T.);
#5707=EDGE_LOOP('',#5703,#5704,#5705,#5706);
#5708=FACE_OUTER_BOUND('',#5707,.T.);
#5709=DIRECTION('',-0.156434,0.987688,0.);
#5710=ADVANCED_FACE('',#5708,#5709,.T.);
#5711=DIRECTION('',-0.891007,-0.453990,0.);
#5712=LINE('',#5503,#5711);
#5713=DIRECTION('',0.,0.,1.);
#5714=LINE('',#5505,#5713);
#5715=DIRECTION('',0.891007,0.453990,0.);
#5716=LINE('',#5506,#5715);
#5717=DIRECTION('',0.,0.,-1.);
#5718=LINE('',#5504,#5717);
#5719=EDGE_CURVE('',#5537,#5538,#5712,.T.);
#5720=EDGE_CURVE('',#5538,#5558,#5714,.T.);
#5721=EDGE_CURVE('',#5558,#5557,#5716,.T.);
#5722=EDGE_CURVE('',#5557,#5537,#5718,.T.);
#5723=ORIENTED_EDGE('',*,*,#5719,.T.);
#5724=ORIENTED_EDGE('',*,*,#5720,.T.);
#5725=ORIENTED_EDGE('',*,*,#5721,.T.);
#5726=ORIENTED_EDGE('',*,*,#5722,.T.);
#5727=EDGE_LOOP('',#5723,#5724,#5725,#5726);
#5728=FACE_OUTER_BOUND('',#5727,.T.);
#5729=DIRECTION('',-0.453990,0.891007,0.);
#5730=ADVANCED_FACE('',#5728,#5729,.T.);
#5731=DIRECTION('',-0.707107,-0.707107,0.);
#5732=LINE('',#5505,#5731);
#5733=DIRECTION('',0.,0.,1.);
#5734=LINE('',#5507,#5733);
#5735=DIRECTION('',0.707107,0.707107,0.);
#5736=LINE('',#5508,#5735);
#5737=DIRECTION('',0.,0.,-1.);
#5738=LINE('',#5506,#5737);
#5739=EDGE_CURVE('',#5538,#5539,#5732,.T.);
#5740=EDGE_CURVE('',#5539,#5559,#5734,.T.);
#5741=EDGE_CURVE('',#5559,#5558,#5736,.T.);
#5742=EDGE_CURVE('',#5558,#5538,#5738,.T.);
#5743=ORIENTED_EDGE('',*,*,#5739,.T.);
#5744=ORIENTED_EDGE('',*,*,#5740,.T.);
#5745=ORIENTED_EDGE('',*,*,#5741,.T.);
#5746=ORIENTED_EDGE('',*,*,#5742,.T.);
#5747=EDGE_LOOP('',#5743,#5744,#5745,#5746);
#5748=FACE_OUTER_BOUND('',#5747,.T.);
#5749=DIRECTION('',-0.707107,0.707107,0.);
#5750=ADVANCED_FACE('',#5748,#5749,.T.);
#5751=DIRECTION('',-0.453990,-0.891007,0.);
#5752=LINE('',#5507,#5751);
#5753=DIRECTION('',0.,0.,1.);
#5754=LINE('',#5509,#5753);
#5755=DIRECTION('',0.453990,0.891007,0.);
#5756=LINE('',#5510,#5755);
#5757=DIRECTION('',0.,0.,-1.);
#5758=LINE('',#5508,#5757);
#5759=EDGE_CURVE('',#5539,#5540,#5752,.T.);
#5760=EDGE_CURVE('',#5540,#5560,#5754,.T.);
#5761=EDGE_CURVE('',#5560,#5559,#5756,.T.);
#5762=EDGE_CURVE('',#5559,#5539,#5758,.T.);
#5763=ORIENTED_EDGE('',*,*,#5759,.T.);
#5764=ORIENTED_EDGE('',*,*,#5760,.T.);
#5765=ORIENTED_EDGE('',*,*,#5761,.T.);
#5766=ORIENTED_EDGE('',*,*,#5762,.T.);
#5767=EDGE_LOOP('',#5763,#5764,#5765,#5766);
#5768=FACE_OUTER_BOUND('',#5767,.T.);
#5769=DIRECTION('',-0.891007,0.453990,0.);
#5770=ADVANCED_FACE('',#5768,#5769,.T.);
#5771=DIRECTION('',-0.156434,-0.987688,0.);
#5772=LINE('',#5509,#5771);
#5773=DIRECTION('',0.,0.,1.);
#5774=LINE('',#5511,#5773);
#5775=DIRECTION('',0.156434,0.987688,0.);
#5776=LINE('',#5512,#5775);
#5777=DIRECTION('',0.,0.,-1.);
#5778=LINE('',#5510,#5777);
#5779=EDGE_CURVE('',#5540,#5541,#5772,.T.);
#5780=EDGE_CURVE('',#5541,#5561,#5774,.T.);
#5781=EDGE_CURVE('',#5561,#5560,#5776,.T.);
#5782=EDGE_CURVE('',#5560,#5540,#5778,.T.);
#5783=ORIENTED_EDGE('',*,*,#5779,.T.);
#5784=ORIENTED_EDGE('',*,*,#5780,.T.);
#5785=ORIENTED_EDGE('',*,*,#5781,.T.);
#5786=ORIENTED_EDGE('',*,*,#5782,.T.);
#5787=EDGE_LOOP('',#5783,#5784,#5785,#5786);
#5788=FACE_OUTER_BOUND('',#5787,.T.);
#5789=DIRECTION('',-0.987688,0.156434,0.);
#5790=ADVANCED_FACE('',#5788,#5789,.T.);
#5791=DIRECTION('',0.156434,-0.987688,0.);
#5792=LINE('',#5511,#5791);
#5793=DIRECTION('',0.,0.,1.);
#5794=LINE('',#5513,#5793);
#5795=DIRECTION('',-0.156434,0.987688,0.);
#5796=LINE('',#5514,#5795);
#5797=DIRECTION('',0.,0.,-1.);
#5798=LINE('',#5512,#5797);
#5799=EDGE_CURVE('',#5541,#5542,#5792,.T.);
#5800=EDGE_CURVE('',#5542,#5562,#5794,.T.);
#5801=EDGE_CURVE('',#5562,#5561,#5796,.T.);
#5802=EDGE_CURVE('',#5561,#5541,#5798,.T.);
#5803=ORIENTED_EDGE('',*,*,#5799,.T.);
#5804=ORIENTED_EDGE('',*,*,#5800,.T.);
#5805=ORIENTED_EDGE('',*,*,#5801,.T.);
#5806=ORIENTED_EDGE('',*,*,#5802,.T.);
#5807=EDGE_LOOP('',#5803,#5804,#5805,#5806);
#5808=FACE_OUTER_BOUND('',#5807,.T.);
#5809=DIRECTION('',-0.987688,-0.156434,0.);
#5810=ADVANCED_FACE('',#5808,#5809,.T.);
#5811=DIRECTION('',0.453990,-0.891007,0.);
#5812=LINE('',#5513,#5811);
#5813=DIRECTION('',0.,0.,1.);
#5814=LINE('',#5515,#5813);
#5815=DIRECTION('',-0.453990,0.891007,0.);
#5816=LINE('',#5516,#5815);
#5817=DIRECTION('',0.,0.,-1.);
#5818=LINE('',#5514,#5817);
#5819=EDGE_CURVE('',#5542,#5543,#5812,.T.);
#5820=EDGE_CURVE('',#5543,#5563,#5814,.T.);
#5821=EDGE_CURVE('',#5563,#5562,#5816,.T.);
#5822=EDGE_CURVE('',#5562,#5542,#5818,.T.);
#5823=ORIENTED_EDGE('',*,*,#5819,.T.);
#5824=ORIENTED_EDGE('',*,*,#5820,.T.);
#5825=ORIENTED_EDGE('',*,*,#5821,.T.);
#5826=ORIENTED_EDGE('',*,*,#5822,.T.);
#5827=EDGE_LOOP('',#5823,#5824,#5825,#5826);
#5828=FACE_OUTER_BOUND('',#5827,.T.);
#5829=DIRECTION('',-0.891007,-0.453990,0.);
#5830=ADVANCED_FACE('',#5828,#5829,.T.);
#5831=DIRECTION('',0.707107,-0.707107,0.);
#5832=LINE('',#5515,#5831);
#5833=DIRECTION('',0.,0.,1.);
#5834=LINE('',#5517,#5833);
#5835=DIRECTION('',-0.707107,0.707107,0.);
#5836=LINE('',#5518,#5835);
#5837=DIRECTION('',0.,0.,-1.);
#5838=LINE('',#5516,#5837);
#5839=EDGE_CURVE('',#5543,#5544,#5832,.T.);
#5840=EDGE_CURVE('',#5544,#5564,#5834,.T.);
#5841=EDGE_CURVE('',#5564,#5563,#5836,.T.);
#5842=EDGE_CURVE('',#5563,#5543,#5838,.T.);
#5843=ORIENTED_EDGE('',*,*,#5839,.T.);
#5844=ORIENTED_EDGE('',*,*,#5840,.T.);
#5845=ORIENTED_EDGE('',*,*,#5841,.T.);
#5846=ORIENTED_EDGE('',*,*,#5842,.T.);
#5847=EDGE_LOOP('',#5843,#5844,#5845,#5846);
#5848=FACE_OUTER_BOUND('',#5847,.T.);
#5849=DIRECTION('',-0.707107,-0.707107,0.);
#5850=ADVANCED_FACE('',#5848,#5849,.T.);
#5851=DIRECTION('',0.891007,-0.453990,0.);
#5852=LINE('',#5517,#5851);
#5853=DIRECTION('',0.,0.,1.);
#5854=LINE('',#5519,#5853);
#5855=DIRECTION('',-0.891007,0.453990,0.);
#5856=LINE('',#5520,#5855);
#5857=DIRECTION('',0.,0.,-1.);
#5858=LINE('',#5518,#5857);
#5859=EDGE_CURVE('',#5544,#5545,#5852,.T.);
#5860=EDGE_CURVE('',#5545,#5565,#5854,.T.);
#5861=EDGE_CURVE('',#5565,#5564,#5856,.T.);
#5862=EDGE_CURVE('',#5564,#5544,#5858,.T.);
#5863=ORIENTED_EDGE('',*,*,#5859,.T.);
#5864=ORIENTED_EDGE('',*,*,#5860,.T.);
#5865=ORIENTED_EDGE('',*,*,#5861,.T.);
#5866=ORIENTED_EDGE('',*,*,#5862,.T.);
#5867=EDGE_LOOP('',#5863,#5864,#5865,#5866);
#5868=FACE_OUTER_BOUND('',#5867,.T.);
#5869=DIRECTION('',-0.453990,-0.891007,0.);
#5870=ADVANCED_FACE('',#5868,#5869,.T.);
#5871=DIRECTION('',0.987688,-0.156434,0.);
#5872=LINE('',#5519,#5871);
#5873=DIRECTION('',0.,0.,1.);
#5874=LINE('',#5521,#5873);
#5875=DIRECTION('',-0.987688,0.156434,0.);
#5876=LINE('',#5522,#5875);
#5877=DIRECTION('',0.,0.,-1.);
#5878=LINE('',#5520,#5877);
#5879=EDGE_CURVE('',#5545,#5546,#5872,.T.);
#5880=EDGE_CURVE('',#5546,#5566,#5874,.T.);
#5881=EDGE_CURVE('',#5566,#5565,#5876,.T.);
#5882=EDGE_CURVE('',#5565,#5545,#5878,.T.);
#5883=ORIENTED_EDGE('',*,*,#5879,.T.);
#5884=ORIENTED_EDGE('',*,*,#5880,.T.);
#5885=ORIENTED_EDGE('',*,*,#5881,.T.);
#5886=ORIENTED_EDGE('',*,*,#5882,.T.);
#5887=EDGE_LOOP('',#5883,#5884,#5885,#5886);
#5888=FACE_OUTER_BOUND('',#5887,.T.);
#5889=DIRECTION('',-0.156434,-0.987688,0.);
#5890=ADVANCED_FACE('',#5888,#5889,.T.);
#5891=DIRECTION('',0.987688,0.156434,0.);
#5892=LINE('',#5521,#5891);
#5893=DIRECTION('',0.,0.,1.);
#5894=LINE('',#5523,#5893);
#5895=DIRECTION('',-0.987688,-0.156434,0.);
#5896=LINE('',#5524,#5895);
#5897=DIRECTION('',0.,0.,-1.);
#5898=LINE('',#5522,#5897);
#5899=EDGE_CURVE('',#5546,#5547,#5892,.T.);
#5900=EDGE_CURVE('',#5547,#5567,#5894,.T.);
#5901=EDGE_CURVE('',#5567,#5566,#5896,.T.);
#5902=EDGE_CURVE('',#5566,#5546,#5898,.T.);
#5903=ORIENTED_EDGE('',*,*,#5899,.T.);
#5904=ORIENTED_EDGE('',*,*,#5900,.T.);
#5905=ORIENTED_EDGE('',*,*,#5901,.T.);
#5906=ORIENTED_EDGE('',*,*,#5902,.T.);
#5907=EDGE_LOOP('',#5903,#5904,#5905,#5906);
#5908=FACE_OUTER_BOUND('',#5907,.T.);
#5909=DIRECTION('',0.156434,-0.987688,0.);
#5910=ADVANCED_FACE('',#5908,#5909,.T.);
#5911=DIRECTION('',0.891007,0.453990,0.);
#5912=LINE('',#5523,#5911);
#5913=DIRECTION('',0.,0.,1.);
#5914=LINE('',#5525,#5913);
#5915=DIRECTION('',-0.891007,-0.453990,0.);
#5916=LINE('',#5526,#5915);
#5917=DIRECTION('',0.,0.,-1.);
#5918=LINE('',#5524,#5917);
#5919=EDGE_CURVE('',#5547,#5548,#5912,.T.);
#5920=EDGE_CURVE('',#5548,#5568,#5914,.T.);
#5921=EDGE_CURVE('',#5568,#5567,#5916,.T.);
#5922=EDGE_CURVE('',#5567,#5547,#5918,.T.);
#5923=ORIENTED_EDGE('',*,*,#5919,.T.);
#5924=ORIENTED_EDGE('',*,*,#5920,.T.);
#5925=ORIENTED_EDGE('',*,*,#5921,.T.);
#5926=ORIENTED_EDGE('',*,*,#5922,.T.);
#5927=EDGE_LOOP('',#5923,#5924,#5925,#5926);
#5928=FACE_OUTER_BOUND('',#5927,.T.);
#5929=DIRECTION('',0.453990,-0.891007,0.);
#5930=ADVANCED_FACE('',#5928,#5929,.T.);
#5931=DIRECTION('',0.707107,0.707107,0.);
#5932=LINE('',#5525,#5931);
#5933=DIRECTION('',0.,0.,1.);
#5934=LINE('',#5527,#5933);
#5935=DIRECTION('',-0.707107,-0.707107,0.);
#5936=LINE('',#5528,#5935);
#5937=DIRECTION('',0.,0.,-1.);
#5938=LINE('',#5526,#5937);
#5939=EDGE_CURVE('',#5548,#5549,#5932,.T.);
#5940=EDGE_CURVE('',#5549,#5569,#5934,.T.);
#5941=EDGE_CURVE('',#5569,#5568,#5936,.T.);
#5942=EDGE_CURVE('',#5568,#5548,#5938,.T.);
#5943=ORIENTED_EDGE('',*,*,#5939,.T.);
#5944=ORIENTED_EDGE('',*,*,#5940,.T.);
#5945=ORIENTED_EDGE('',*,*,#5941,.T.);
#5946=ORIENTED_EDGE('',*,*,#5942,.T.);
#5947=EDGE_LOOP('',#5943,#5944,#5945,#5946);
#5948=FACE_OUTER_BOUND('',#5947,.T.);
#5949=DIRECTION('',0.707107,-0.707107,0.);
#5950=ADVANCED_FACE('',#5948,#5949,.T.);
#5951=DIRECTION('',0.453990,0.891007,0.);
#5952=LINE('',#5527,#5951);
#5953=DIRECTION('',0.,0.,1.);
#5954=LINE('',#5529,#5953);
#5955=DIRECTION('',-0.453990,-0.891007,0.);
#5956=LINE('',#5530,#5955);
#5957=DIRECTION('',0.,0.,-1.);
#5958=LINE('',#5528,#5957);
#5959=EDGE_CURVE('',#5549,#5550,#5952,.T.);
#5960=EDGE_CURVE('',#5550,#5570,#5954,.T.);
#5961=EDGE_CURVE('',#5570,#5569,#5956,.T.);
#5962=EDGE_CURVE('',#5569,#5549,#5958,.T.);
#5963=ORIENTED_EDGE('',*,*,#5959,.T.);
#5964=ORIENTED_EDGE('',*,*,#5960,.T.);
#5965=ORIENTED_EDGE('',*,*,#5961,.T.);
#5966=ORIENTED_EDGE('',*,*,#5962,.T.);
#5967=EDGE_LOOP('',#5963,#5964,#5965,#5966);
#5968=FACE_OUTER_BOUND('',#5967,.T.);
#5969=DIRECTION('',0.891007,-0.453990,0.);
#5970=ADVANCED_FACE('',#5968,#5969,.T.);
#5971=DIRECTION('',0.156434,0.987688,0.);
#5972=LINE('',#5529,#5971);
#5973=DIRECTION('',0.,0.,1.);
#5974=LINE('',#5491,#5973);
#5975=DIRECTION('',-0.156434,-0.987688,0.);
#5976=LINE('',#5492,#5975);
#5977=DIRECTION('',0.,0.,-1.);
#5978=LINE('',#5530,#5977);
#5979=EDGE_CURVE('',#5550,#5531,#5972,.T.);
#5980=EDGE_CURVE('',#5531,#5551,#5974,.T.);
#5981=EDGE_CURVE('',#5551,#5570,#5976,.T.);
#5982=EDGE_CURVE('',#5570,#5550,#5978,.T.);
#5983=ORIENTED_EDGE('',*,*,#5979,.T.);
#5984=ORIENTED_EDGE('',*,*,#5980,.T.);
#5985=ORIENTED_EDGE('',*,*,#5981,.T.);
#5986=ORIENTED_EDGE('',*,*,#5982,.T.);
#5987=EDGE_LOOP('',#5983,#5984,#5985,#5986);
#5988=FACE_OUTER_BOUND('',#5987,.T.);
#5989=DIRECTION('',-0.987688,0.156434,0.);
#5990=ADVANCED_FACE('',#5988,#5989,.T.);
#5991=CLOSED_SHELL('',#5580,#5590,#5610,#5630,#5650,#5670,#5690,#5710,#5730,#5750,#5770,#5790,#5810,#5830,#5850,#5870,#5890,#5910,#5930,#5950,#5970,#5990);
#5992=MANIFOLD_SOLID_BREP('',#5991);
#5993=CARTESIAN_POINT('',(10.000000,190.000000,2.000000));
#5994=DIRECTION('',0.,0.,1.);
#5995=DIRECTION('',1.,0.,0.);
#5996=AXIS2_PLACEMENT_3D('',#5993,#5994,#5995);
#5997=ADVANCED_BREP_SHAPE_REPRESENTATION('',#5992,#5996);
#5998=SHAPE_DEFINITION_REPRESENTATION(#4982,#5997);
#5999=CARTESIAN_POINT('',(193.000000,10.000000,2.000000));
#6000=CARTESIAN_POINT('',(193.000000,10.000000,8.000000));
#6001=CARTESIAN_POINT('',(192.853170,10.927051,2.000000));
#6002=CARTESIAN_POINT('',(192.853170,10.927051,8.000000));
#6003=CARTESIAN_POINT('',(192.427051,11.763356,2.000000));
#6004=CARTESIAN_POINT('',(192.427051,11.763356,8.000000));
#6005=CARTESIAN_POINT('',(191.763356,12.427051,2.000000));
#6006=CARTESIAN_POINT('',(191.763356,12.427051,8.000000));
#6007=CARTESIAN_POINT('',(190.927051,12.853170,2.000000));
#6008=CARTESIAN_POINT('',(190.927051,12.853170,8.000000));
#6009=CARTESIAN_POINT('',(190.000000,13.000000,2.000000));
#6010=CARTESIAN_POINT('',(190.000000,13.000000,8.000000));
#6011=CARTESIAN_POINT('',(189.072949,12.853170,2.000000));
#6012=CARTESIAN_POINT('',(189.072949,12.853170,8.000000));
#6013=CARTESIAN_POINT('',(188.236644,12.427051,2.000000));
#6014=CARTESIAN_POINT('',(188.236644,12.427051,8.000000));
#6015=CARTESIAN_POINT('',(187.572949,11.763356,2.000000));
#6016=CARTESIAN_POINT('',(187.572949,11.763356,8.000000));
#6017=CARTESIAN_POINT('',(187.146830,10.927051,2.000000));
#6018=CARTESIAN_POINT('',(187.146830,10.927051,8.000000));
#6019=CARTESIAN_POINT('',(187.000000,10.000000,2.000000));
#6020=CARTESIAN_POINT('',(187.000000,10.000000,8.000000));
#6021=CARTESIAN_POINT('',(187.146830,9.072949,2.000000));
#6022=CARTESIAN_POINT('',(187.146830,9.072949,8.000000));
#6023=CARTESIAN_POINT('',(187.572949,8.236644,2.000000));
#6024=CARTESIAN_POINT('',(187.572949,8.236644,8.000000));
#6025=CARTESIAN_POINT('',(188.236644,7.572949,2.000000));
#6026=CARTESIAN_POINT('',(188.236644,7.572949,8.000000));
#6027=CARTESIAN_POINT('',(189.072949,7.146830,2.000000));
#6028=CARTESIAN_POINT('',(189.072949,7.146830,8.000000));
#6029=CARTESIAN_POINT('',(190.000000,7.000000,2.000000));
#6030=CARTESIAN_POINT('',(190.000000,7.000000,8.000000));
#6031=CARTESIAN_POINT('',(190.927051,7.146830,2.000000));
#6032=CARTESIAN_POINT('',(190.927051,7.146830,8.000000));
#6033=CARTESIAN_POINT('',(191.763356,7.572949,2.000000));
#6034=CARTESIAN_POINT('',(191.763356,7.572949,8.000000));
#6035=CARTESIAN_POINT('',(192.427051,8.236644,2.000000));
#6036=CARTESIAN_POINT('',(192.427051,8.236644,8.000000));
#6037=CARTESIAN_POINT('',(192.853170,9.072949,2.000000));
#6038=CARTESIAN_POINT('',(192.853170,9.072949,8.000000));
#6039=VERTEX_POINT('',#5999);
#6040=VERTEX_POINT('',#6001);
#6041=VERTEX_POINT('',#6003);
#6042=VERTEX_POINT('',#6005);
#6043=VERTEX_POINT('',#6007);
#6044=VERTEX_POINT('',#6009);
#6045=VERTEX_POINT('',#6011);
#6046=VERTEX_POINT('',#6013);
#6047=VERTEX_POINT('',#6015);
#6048=VERTEX_POINT('',#6017);
#6049=VERTEX_POINT('',#6019);
#6050=VERTEX_POINT('',#6021);
#6051=VERTEX_POINT('',#6023);
#6052=VERTEX_POINT('',#6025);
#6053=VERTEX_POINT('',#6027);
#6054=VERTEX_POINT('',#6029);
#6055=VERTEX_POINT('',#6031);
#6056=VERTEX_POINT('',#6033);
#6057=VERTEX_POINT('',#6035);
#6058=VERTEX_POINT('',#6037);
#6059=VERTEX_POINT('',#6000);
#6060=VERTEX_POINT('',#6002);
#6061=VERTEX_POINT('',#6004);
#6062=VERTEX_POINT('',#6006);
#6063=VERTEX_POINT('',#6008);
#6064=VERTEX_POINT('',#6010);
#6065=VERTEX_POINT('',#6012);
#6066=VERTEX_POINT('',#6014);
#6067=VERTEX_POINT('',#6016);
#6068=VERTEX_POINT('',#6018);
#6069=VERTEX_POINT('',#6020);
#6070=VERTEX_POINT('',#6022);
#6071=VERTEX_POINT('',#6024);
#6072=VERTEX_POINT('',#6026);
#6073=VERTEX_POINT('',#6028);
#6074=VERTEX_POINT('',#6030);
#6075=VERTEX_POINT('',#6032);
#6076=VERTEX_POINT('',#6034);
#6077=VERTEX_POINT('',#6036);
#6078=VERTEX_POINT('',#6038);
#6079=CARTESIAN_POINT('',(190.000000,10.000000,2.000000));
#6080=DIRECTION('',0.,0.,-1.);
#6081=DIRECTION('',1.,0.,0.);
#6082=AXIS2_PLACEMENT_3D('',#6079,#6080,#6081);
#6083=CIRCLE('',#6082,3.000000);
#6084=EDGE_CURVE('',#6039,#6039,#6083,.T.);
#6085=ORIENTED_EDGE('',*,*,#6084,.T.);
#6086=EDGE_LOOP('',#6085);
#6087=FACE_OUTER_BOUND('',#6086,.T.);
#6088=ADVANCED_FACE('',#6087,#6080,.T.);
#6089=CARTESIAN_POINT('',(190.000000,10.000000,8.000000));
#6090=DIRECTION('',0.,0.,1.);
#6091=DIRECTION('',1.,0.,0.);
#6092=AXIS2_PLACEMENT_3D('',#6089,#6090,#6091);
#6093=CIRCLE('',#6092,3.000000);
#6094=EDGE_CURVE('',#6059,#6059,#6093,.T.);
#6095=ORIENTED_EDGE('',*,*,#6094,.T.);
#6096=EDGE_LOOP('',#6095);
#6097=FACE_OUTER_BOUND('',#6096,.T.);
#6098=ADVANCED_FACE('',#6097,#6090,.T.);
#6099=DIRECTION('',-0.156434,0.987688,0.);
#6100=LINE('',#5999,#6099);
#6101=DIRECTION('',0.,0.,1.);
#6102=LINE('',#6001,#6101);
#6103=DIRECTION('',0.156434,-0.987688,0.);
#6104=LINE('',#6002,#6103);
#6105=DIRECTION('',0.,0.,-1.);
#6106=LINE('',#6000,#6105);
#6107=EDGE_CURVE('',#6039,#6040,#6100,.T.);
#6108=EDGE_CURVE('',#6040,#6060,#6102,.T.);
#6109=EDGE_CURVE('',#6060,#6059,#6104,.T.);
#6110=EDGE_CURVE('',#6059,#6039,#6106,.T.);
#6111=ORIENTED_EDGE('',*,*,#6107,.T.);
#6112=ORIENTED_EDGE('',*,*,#6108,.T.);
#6113=ORIENTED_EDGE('',*,*,#6109,.T.);
#6114=ORIENTED_EDGE('',*,*,#6110,.T.);
#6115=EDGE_LOOP('',#6111,#6112,#6113,#6114);
#6116=FACE_OUTER_BOUND('',#6115,.T.);
#6117=DIRECTION('',0.987688,0.156434,0.);
#6118=ADVANCED_FACE('',#6116,#6117,.T.);
#6119=DIRECTION('',-0.453990,0.891007,0.);
#6120=LINE('',#6001,#6119);
#6121=DIRECTION('',0.,0.,1.);
#6122=LINE('',#6003,#6121);
#6123=DIRECTION('',0.453990,-0.891007,0.);
#6124=LINE('',#6004,#6123);
#6125=DIRECTION('',0.,0.,-1.);
#6126=LINE('',#6002,#6125);
#6127=EDGE_CURVE('',#6040,#6041,#6120,.T.);
#6128=EDGE_CURVE('',#6041,#6061,#6122,.T.);
#6129=EDGE_CURVE('',#6061,#6060,#6124,.T.);
#6130=EDGE_CURVE('',#6060,#6040,#6126,.T.);
#6131=ORIENTED_EDGE('',*,*,#6127,.T.);
#6132=ORIENTED_EDGE('',*,*,#6128,.T.);
#6133=ORIENTED_EDGE('',*,*,#6129,.T.);
#6134=ORIENTED_EDGE('',*,*,#6130,.T.);
#6135=EDGE_LOOP('',#6131,#6132,#6133,#6134);
#6136=FACE_OUTER_BOUND('',#6135,.T.);
#6137=DIRECTION('',0.891007,0.453990,0.);
#6138=ADVANCED_FACE('',#6136,#6137,.T.);
#6139=DIRECTION('',-0.707107,0.707107,0.);
#6140=LINE('',#6003,#6139);
#6141=DIRECTION('',0.,0.,1.);
#6142=LINE('',#6005,#6141);
#6143=DIRECTION('',0.707107,-0.707107,0.);
#6144=LINE('',#6006,#6143);
#6145=DIRECTION('',0.,0.,-1.);
#6146=LINE('',#6004,#6145);
#6147=EDGE_CURVE('',#6041,#6042,#6140,.T.);
#6148=EDGE_CURVE('',#6042,#6062,#6142,.T.);
#6149=EDGE_CURVE('',#6062,#6061,#6144,.T.);
#6150=EDGE_CURVE('',#6061,#6041,#6146,.T.);
#6151=ORIENTED_EDGE('',*,*,#6147,.T.);
#6152=ORIENTED_EDGE('',*,*,#6148,.T.);
#6153=ORIENTED_EDGE('',*,*,#6149,.T.);
#6154=ORIENTED_EDGE('',*,*,#6150,.T.);
#6155=EDGE_LOOP('',#6151,#6152,#6153,#6154);
#6156=FACE_OUTER_BOUND('',#6155,.T.);
#6157=DIRECTION('',0.707107,0.707107,0.);
#6158=ADVANCED_FACE('',#6156,#6157,.T.);
#6159=DIRECTION('',-0.891007,0.453990,0.);
#6160=LINE('',#6005,#6159);
#6161=DIRECTION('',0.,0.,1.);
#6162=LINE('',#6007,#6161);
#6163=DIRECTION('',0.891007,-0.453990,0.);
#6164=LINE('',#6008,#6163);
#6165=DIRECTION('',0.,0.,-1.);
#6166=LINE('',#6006,#6165);
#6167=EDGE_CURVE('',#6042,#6043,#6160,.T.);
#6168=EDGE_CURVE('',#6043,#6063,#6162,.T.);
#6169=EDGE_CURVE('',#6063,#6062,#6164,.T.);
#6170=EDGE_CURVE('',#6062,#6042,#6166,.T.);
#6171=ORIENTED_EDGE('',*,*,#6167,.T.);
#6172=ORIENTED_EDGE('',*,*,#6168,.T.);
#6173=ORIENTED_EDGE('',*,*,#6169,.T.);
#6174=ORIENTED_EDGE('',*,*,#6170,.T.);
#6175=EDGE_LOOP('',#6171,#6172,#6173,#6174);
#6176=FACE_OUTER_BOUND('',#6175,.T.);
#6177=DIRECTION('',0.453990,0.891007,0.);
#6178=ADVANCED_FACE('',#6176,#6177,.T.);
#6179=DIRECTION('',-0.987688,0.156434,0.);
#6180=LINE('',#6007,#6179);
#6181=DIRECTION('',0.,0.,1.);
#6182=LINE('',#6009,#6181);
#6183=DIRECTION('',0.987688,-0.156434,0.);
#6184=LINE('',#6010,#6183);
#6185=DIRECTION('',0.,0.,-1.);
#6186=LINE('',#6008,#6185);
#6187=EDGE_CURVE('',#6043,#6044,#6180,.T.);
#6188=EDGE_CURVE('',#6044,#6064,#6182,.T.);
#6189=EDGE_CURVE('',#6064,#6063,#6184,.T.);
#6190=EDGE_CURVE('',#6063,#6043,#6186,.T.);
#6191=ORIENTED_EDGE('',*,*,#6187,.T.);
#6192=ORIENTED_EDGE('',*,*,#6188,.T.);
#6193=ORIENTED_EDGE('',*,*,#6189,.T.);
#6194=ORIENTED_EDGE('',*,*,#6190,.T.);
#6195=EDGE_LOOP('',#6191,#6192,#6193,#6194);
#6196=FACE_OUTER_BOUND('',#6195,.T.);
#6197=DIRECTION('',0.156434,0.987688,0.);
#6198=ADVANCED_FACE('',#6196,#6197,.T.);
#6199=DIRECTION('',-0.987688,-0.156434,0.);
#6200=LINE('',#6009,#6199);
#6201=DIRECTION('',0.,0.,1.);
#6202=LINE('',#6011,#6201);
#6203=DIRECTION('',0.987688,0.156434,0.);
#6204=LINE('',#6012,#6203);
#6205=DIRECTION('',0.,0.,-1.);
#6206=LINE('',#6010,#6205);
#6207=EDGE_CURVE('',#6044,#6045,#6200,.T.);
#6208=EDGE_CURVE('',#6045,#6065,#6202,.T.);
#6209=EDGE_CURVE('',#6065,#6064,#6204,.T.);
#6210=EDGE_CURVE('',#6064,#6044,#6206,.T.);
#6211=ORIENTED_EDGE('',*,*,#6207,.T.);
#6212=ORIENTED_EDGE('',*,*,#6208,.T.);
#6213=ORIENTED_EDGE('',*,*,#6209,.T.);
#6214=ORIENTED_EDGE('',*,*,#6210,.T.);
#6215=EDGE_LOOP('',#6211,#6212,#6213,#6214);
#6216=FACE_OUTER_BOUND('',#6215,.T.);
#6217=DIRECTION('',-0.156434,0.987688,0.);
#6218=ADVANCED_FACE('',#6216,#6217,.T.);
#6219=DIRECTION('',-0.891007,-0.453990,0.);
#6220=LINE('',#6011,#6219);
#6221=DIRECTION('',0.,0.,1.);
#6222=LINE('',#6013,#6221);
#6223=DIRECTION('',0.891007,0.453990,0.);
#6224=LINE('',#6014,#6223);
#6225=DIRECTION('',0.,0.,-1.);
#6226=LINE('',#6012,#6225);
#6227=EDGE_CURVE('',#6045,#6046,#6220,.T.);
#6228=EDGE_CURVE('',#6046,#6066,#6222,.T.);
#6229=EDGE_CURVE('',#6066,#6065,#6224,.T.);
#6230=EDGE_CURVE('',#6065,#6045,#6226,.T.);
#6231=ORIENTED_EDGE('',*,*,#6227,.T.);
#6232=ORIENTED_EDGE('',*,*,#6228,.T.);
#6233=ORIENTED_EDGE('',*,*,#6229,.T.);
#6234=ORIENTED_EDGE('',*,*,#6230,.T.);
#6235=EDGE_LOOP('',#6231,#6232,#6233,#6234);
#6236=FACE_OUTER_BOUND('',#6235,.T.);
#6237=DIRECTION('',-0.453990,0.891007,0.);
#6238=ADVANCED_FACE('',#6236,#6237,.T.);
#6239=DIRECTION('',-0.707107,-0.707107,0.);
#6240=LINE('',#6013,#6239);
#6241=DIRECTION('',0.,0.,1.);
#6242=LINE('',#6015,#6241);
#6243=DIRECTION('',0.707107,0.707107,0.);
#6244=LINE('',#6016,#6243);
#6245=DIRECTION('',0.,0.,-1.);
#6246=LINE('',#6014,#6245);
#6247=EDGE_CURVE('',#6046,#6047,#6240,.T.);
#6248=EDGE_CURVE('',#6047,#6067,#6242,.T.);
#6249=EDGE_CURVE('',#6067,#6066,#6244,.T.);
#6250=EDGE_CURVE('',#6066,#6046,#6246,.T.);
#6251=ORIENTED_EDGE('',*,*,#6247,.T.);
#6252=ORIENTED_EDGE('',*,*,#6248,.T.);
#6253=ORIENTED_EDGE('',*,*,#6249,.T.);
#6254=ORIENTED_EDGE('',*,*,#6250,.T.);
#6255=EDGE_LOOP('',#6251,#6252,#6253,#6254);
#6256=FACE_OUTER_BOUND('',#6255,.T.);
#6257=DIRECTION('',-0.707107,0.707107,0.);
#6258=ADVANCED_FACE('',#6256,#6257,.T.);
#6259=DIRECTION('',-0.453990,-0.891007,0.);
#6260=LINE('',#6015,#6259);
#6261=DIRECTION('',0.,0.,1.);
#6262=LINE('',#6017,#6261);
#6263=DIRECTION('',0.453990,0.891007,0.);
#6264=LINE('',#6018,#6263);
#6265=DIRECTION('',0.,0.,-1.);
#6266=LINE('',#6016,#6265);
#6267=EDGE_CURVE('',#6047,#6048,#6260,.T.);
#6268=EDGE_CURVE('',#6048,#6068,#6262,.T.);
#6269=EDGE_CURVE('',#6068,#6067,#6264,.T.);
#6270=EDGE_CURVE('',#6067,#6047,#6266,.T.);
#6271=ORIENTED_EDGE('',*,*,#6267,.T.);
#6272=ORIENTED_EDGE('',*,*,#6268,.T.);
#6273=ORIENTED_EDGE('',*,*,#6269,.T.);
#6274=ORIENTED_EDGE('',*,*,#6270,.T.);
#6275=EDGE_LOOP('',#6271,#6272,#6273,#6274);
#6276=FACE_OUTER_BOUND('',#6275,.T.);
#6277=DIRECTION('',-0.891007,0.453990,0.);
#6278=ADVANCED_FACE('',#6276,#6277,.T.);
#6279=DIRECTION('',-0.156434,-0.987688,0.);
#6280=LINE('',#6017,#6279);
#6281=DIRECTION('',0.,0.,1.);
#6282=LINE('',#6019,#6281);
#6283=DIRECTION('',0.156434,0.987688,0.);
#6284=LINE('',#6020,#6283);
#6285=DIRECTION('',0.,0.,-1.);
#6286=LINE('',#6018,#6285);
#6287=EDGE_CURVE('',#6048,#6049,#6280,.T.);
#6288=EDGE_CURVE('',#6049,#6069,#6282,.T.);
#6289=EDGE_CURVE('',#6069,#6068,#6284,.T.);
#6290=EDGE_CURVE('',#6068,#6048,#6286,.T.);
#6291=ORIENTED_EDGE('',*,*,#6287,.T.);
#6292=ORIENTED_EDGE('',*,*,#6288,.T.);
#6293=ORIENTED_EDGE('',*,*,#6289,.T.);
#6294=ORIENTED_EDGE('',*,*,#6290,.T.);
#6295=EDGE_LOOP('',#6291,#6292,#6293,#6294);
#6296=FACE_OUTER_BOUND('',#6295,.T.);
#6297=DIRECTION('',-0.987688,0.156434,0.);
#6298=ADVANCED_FACE('',#6296,#6297,.T.);
#6299=DIRECTION('',0.156434,-0.987688,0.);
#6300=LINE('',#6019,#6299);
#6301=DIRECTION('',0.,0.,1.);
#6302=LINE('',#6021,#6301);
#6303=DIRECTION('',-0.156434,0.987688,0.);
#6304=LINE('',#6022,#6303);
#6305=DIRECTION('',0.,0.,-1.);
#6306=LINE('',#6020,#6305);
#6307=EDGE_CURVE('',#6049,#6050,#6300,.T.);
#6308=EDGE_CURVE('',#6050,#6070,#6302,.T.);
#6309=EDGE_CURVE('',#6070,#6069,#6304,.T.);
#6310=EDGE_CURVE('',#6069,#6049,#6306,.T.);
#6311=ORIENTED_EDGE('',*,*,#6307,.T.);
#6312=ORIENTED_EDGE('',*,*,#6308,.T.);
#6313=ORIENTED_EDGE('',*,*,#6309,.T.);
#6314=ORIENTED_EDGE('',*,*,#6310,.T.);
#6315=EDGE_LOOP('',#6311,#6312,#6313,#6314);
#6316=FACE_OUTER_BOUND('',#6315,.T.);
#6317=DIRECTION('',-0.987688,-0.156434,0.);
#6318=ADVANCED_FACE('',#6316,#6317,.T.);
#6319=DIRECTION('',0.453990,-0.891007,0.);
#6320=LINE('',#6021,#6319);
#6321=DIRECTION('',0.,0.,1.);
#6322=LINE('',#6023,#6321);
#6323=DIRECTION('',-0.453990,0.891007,0.);
#6324=LINE('',#6024,#6323);
#6325=DIRECTION('',0.,0.,-1.);
#6326=LINE('',#6022,#6325);
#6327=EDGE_CURVE('',#6050,#6051,#6320,.T.);
#6328=EDGE_CURVE('',#6051,#6071,#6322,.T.);
#6329=EDGE_CURVE('',#6071,#6070,#6324,.T.);
#6330=EDGE_CURVE('',#6070,#6050,#6326,.T.);
#6331=ORIENTED_EDGE('',*,*,#6327,.T.);
#6332=ORIENTED_EDGE('',*,*,#6328,.T.);
#6333=ORIENTED_EDGE('',*,*,#6329,.T.);
#6334=ORIENTED_EDGE('',*,*,#6330,.T.);
#6335=EDGE_LOOP('',#6331,#6332,#6333,#6334);
#6336=FACE_OUTER_BOUND('',#6335,.T.);
#6337=DIRECTION('',-0.891007,-0.453990,0.);
#6338=ADVANCED_FACE('',#6336,#6337,.T.);
#6339=DIRECTION('',0.707107,-0.707107,0.);
#6340=LINE('',#6023,#6339);
#6341=DIRECTION('',0.,0.,1.);
#6342=LINE('',#6025,#6341);
#6343=DIRECTION('',-0.707107,0.707107,0.);
#6344=LINE('',#6026,#6343);
#6345=DIRECTION('',0.,0.,-1.);
#6346=LINE('',#6024,#6345);
#6347=EDGE_CURVE('',#6051,#6052,#6340,.T.);
#6348=EDGE_CURVE('',#6052,#6072,#6342,.T.);
#6349=EDGE_CURVE('',#6072,#6071,#6344,.T.);
#6350=EDGE_CURVE('',#6071,#6051,#6346,.T.);
#6351=ORIENTED_EDGE('',*,*,#6347,.T.);
#6352=ORIENTED_EDGE('',*,*,#6348,.T.);
#6353=ORIENTED_EDGE('',*,*,#6349,.T.);
#6354=ORIENTED_EDGE('',*,*,#6350,.T.);
#6355=EDGE_LOOP('',#6351,#6352,#6353,#6354);
#6356=FACE_OUTER_BOUND('',#6355,.T.);
#6357=DIRECTION('',-0.707107,-0.707107,0.);
#6358=ADVANCED_FACE('',#6356,#6357,.T.);
#6359=DIRECTION('',0.891007,-0.453990,0.);
#6360=LINE('',#6025,#6359);
#6361=DIRECTION('',0.,0.,1.);
#6362=LINE('',#6027,#6361);
#6363=DIRECTION('',-0.891007,0.453990,0.);
#6364=LINE('',#6028,#6363);
#6365=DIRECTION('',0.,0.,-1.);
#6366=LINE('',#6026,#6365);
#6367=EDGE_CURVE('',#6052,#6053,#6360,.T.);
#6368=EDGE_CURVE('',#6053,#6073,#6362,.T.);
#6369=EDGE_CURVE('',#6073,#6072,#6364,.T.);
#6370=EDGE_CURVE('',#6072,#6052,#6366,.T.);
#6371=ORIENTED_EDGE('',*,*,#6367,.T.);
#6372=ORIENTED_EDGE('',*,*,#6368,.T.);
#6373=ORIENTED_EDGE('',*,*,#6369,.T.);
#6374=ORIENTED_EDGE('',*,*,#6370,.T.);
#6375=EDGE_LOOP('',#6371,#6372,#6373,#6374);
#6376=FACE_OUTER_BOUND('',#6375,.T.);
#6377=DIRECTION('',-0.453990,-0.891007,0.);
#6378=ADVANCED_FACE('',#6376,#6377,.T.);
#6379=DIRECTION('',0.987688,-0.156434,0.);
#6380=LINE('',#6027,#6379);
#6381=DIRECTION('',0.,0.,1.);
#6382=LINE('',#6029,#6381);
#6383=DIRECTION('',-0.987688,0.156434,0.);
#6384=LINE('',#6030,#6383);
#6385=DIRECTION('',0.,0.,-1.);
#6386=LINE('',#6028,#6385);
#6387=EDGE_CURVE('',#6053,#6054,#6380,.T.);
#6388=EDGE_CURVE('',#6054,#6074,#6382,.T.);
#6389=EDGE_CURVE('',#6074,#6073,#6384,.T.);
#6390=EDGE_CURVE('',#6073,#6053,#6386,.T.);
#6391=ORIENTED_EDGE('',*,*,#6387,.T.);
#6392=ORIENTED_EDGE('',*,*,#6388,.T.);
#6393=ORIENTED_EDGE('',*,*,#6389,.T.);
#6394=ORIENTED_EDGE('',*,*,#6390,.T.);
#6395=EDGE_LOOP('',#6391,#6392,#6393,#6394);
#6396=FACE_OUTER_BOUND('',#6395,.T.);
#6397=DIRECTION('',-0.156434,-0.987688,0.);
#6398=ADVANCED_FACE('',#6396,#6397,.T.);
#6399=DIRECTION('',0.987688,0.156434,0.);
#6400=LINE('',#6029,#6399);
#6401=DIRECTION('',0.,0.,1.);
#6402=LINE('',#6031,#6401);
#6403=DIRECTION('',-0.987688,-0.156434,0.);
#6404=LINE('',#6032,#6403);
#6405=DIRECTION('',0.,0.,-1.);
#6406=LINE('',#6030,#6405);
#6407=EDGE_CURVE('',#6054,#6055,#6400,.T.);
#6408=EDGE_CURVE('',#6055,#6075,#6402,.T.);
#6409=EDGE_CURVE('',#6075,#6074,#6404,.T.);
#6410=EDGE_CURVE('',#6074,#6054,#6406,.T.);
#6411=ORIENTED_EDGE('',*,*,#6407,.T.);
#6412=ORIENTED_EDGE('',*,*,#6408,.T.);
#6413=ORIENTED_EDGE('',*,*,#6409,.T.);
#6414=ORIENTED_EDGE('',*,*,#6410,.T.);
#6415=EDGE_LOOP('',#6411,#6412,#6413,#6414);
#6416=FACE_OUTER_BOUND('',#6415,.T.);
#6417=DIRECTION('',0.156434,-0.987688,0.);
#6418=ADVANCED_FACE('',#6416,#6417,.T.);
#6419=DIRECTION('',0.891007,0.453990,0.);
#6420=LINE('',#6031,#6419);
#6421=DIRECTION('',0.,0.,1.);
#6422=LINE('',#6033,#6421);
#6423=DIRECTION('',-0.891007,-0.453990,0.);
#6424=LINE('',#6034,#6423);
#6425=DIRECTION('',0.,0.,-1.);
#6426=LINE('',#6032,#6425);
#6427=EDGE_CURVE('',#6055,#6056,#6420,.T.);
#6428=EDGE_CURVE('',#6056,#6076,#6422,.T.);
#6429=EDGE_CURVE('',#6076,#6075,#6424,.T.);
#6430=EDGE_CURVE('',#6075,#6055,#6426,.T.);
#6431=ORIENTED_EDGE('',*,*,#6427,.T.);
#6432=ORIENTED_EDGE('',*,*,#6428,.T.);
#6433=ORIENTED_EDGE('',*,*,#6429,.T.);
#6434=ORIENTED_EDGE('',*,*,#6430,.T.);
#6435=EDGE_LOOP('',#6431,#6432,#6433,#6434);
#6436=FACE_OUTER_BOUND('',#6435,.T.);
#6437=DIRECTION('',0.453990,-0.891007,0.);
#6438=ADVANCED_FACE('',#6436,#6437,.T.);
#6439=DIRECTION('',0.707107,0.707107,0.);
#6440=LINE('',#6033,#6439);
#6441=DIRECTION('',0.,0.,1.);
#6442=LINE('',#6035,#6441);
#6443=DIRECTION('',-0.707107,-0.707107,0.);
#6444=LINE('',#6036,#6443);
#6445=DIRECTION('',0.,0.,-1.);
#6446=LINE('',#6034,#6445);
#6447=EDGE_CURVE('',#6056,#6057,#6440,.T.);
#6448=EDGE_CURVE('',#6057,#6077,#6442,.T.);
#6449=EDGE_CURVE('',#6077,#6076,#6444,.T.);
#6450=EDGE_CURVE('',#6076,#6056,#6446,.T.);
#6451=ORIENTED_EDGE('',*,*,#6447,.T.);
#6452=ORIENTED_EDGE('',*,*,#6448,.T.);
#6453=ORIENTED_EDGE('',*,*,#6449,.T.);
#6454=ORIENTED_EDGE('',*,*,#6450,.T.);
#6455=EDGE_LOOP('',#6451,#6452,#6453,#6454);
#6456=FACE_OUTER_BOUND('',#6455,.T.);
#6457=DIRECTION('',0.707107,-0.707107,0.);
#6458=ADVANCED_FACE('',#6456,#6457,.T.);
#6459=DIRECTION('',0.453990,0.891007,0.);
#6460=LINE('',#6035,#6459);
#6461=DIRECTION('',0.,0.,1.);
#6462=LINE('',#6037,#6461);
#6463=DIRECTION('',-0.453990,-0.891007,0.);
#6464=LINE('',#6038,#6463);
#6465=DIRECTION('',0.,0.,-1.);
#6466=LINE('',#6036,#6465);
#6467=EDGE_CURVE('',#6057,#6058,#6460,.T.);
#6468=EDGE_CURVE('',#6058,#6078,#6462,.T.);
#6469=EDGE_CURVE('',#6078,#6077,#6464,.T.);
#6470=EDGE_CURVE('',#6077,#6057,#6466,.T.);
#6471=ORIENTED_EDGE('',*,*,#6467,.T.);
#6472=ORIENTED_EDGE('',*,*,#6468,.T.);
#6473=ORIENTED_EDGE('',*,*,#6469,.T.);
#6474=ORIENTED_EDGE('',*,*,#6470,.T.);
#6475=EDGE_LOOP('',#6471,#6472,#6473,#6474);
#6476=FACE_OUTER_BOUND('',#6475,.T.);
#6477=DIRECTION('',0.891007,-0.453990,0.);
#6478=ADVANCED_FACE('',#6476,#6477,.T.);
#6479=DIRECTION('',0.156434,0.987688,0.);
#6480=LINE('',#6037,#6479);
#6481=DIRECTION('',0.,0.,1.);
#6482=LINE('',#5999,#6481);
#6483=DIRECTION('',-0.156434,-0.987688,0.);
#6484=LINE('',#6000,#6483);
#6485=DIRECTION('',0.,0.,-1.);
#6486=LINE('',#6038,#6485);
#6487=EDGE_CURVE('',#6058,#6039,#6480,.T.);
#6488=EDGE_CURVE('',#6039,#6059,#6482,.T.);
#6489=EDGE_CURVE('',#6059,#6078,#6484,.T.);
#6490=EDGE_CURVE('',#6078,#6058,#6486,.T.);
#6491=ORIENTED_EDGE('',*,*,#6487,.T.);
#6492=ORIENTED_EDGE('',*,*,#6488,.T.);
#6493=ORIENTED_EDGE('',*,*,#6489,.T.);
#6494=ORIENTED_EDGE('',*,*,#6490,.T.);
#6495=EDGE_LOOP('',#6491,#6492,#6493,#6494);
#6496=FACE_OUTER_BOUND('',#6495,.T.);
#6497=DIRECTION('',-0.987688,0.156434,0.);
#6498=ADVANCED_FACE('',#6496,#6497,.T.);
#6499=CLOSED_SHELL('',#6088,#6098,#6118,#6138,#6158,#6178,#6198,#6218,#6238,#6258,#6278,#6298,#6318,#6338,#6358,#6378,#6398,#6418,#6438,#6458,#6478,#6498);
#6500=MANIFOLD_SOLID_BREP('',#6499);
#6501=CARTESIAN_POINT('',(190.000000,10.000000,2.000000));
#6502=DIRECTION('',0.,0.,1.);
#6503=DIRECTION('',1.,0.,0.);
#6504=AXIS2_PLACEMENT_3D('',#6501,#6502,#6503);
#6505=ADVANCED_BREP_SHAPE_REPRESENTATION('',#6500,#6504);
#6506=SHAPE_DEFINITION_REPRESENTATION(#4982,#6505);
#6507=CARTESIAN_POINT('',(193.000000,190.000000,2.000000));
#6508=CARTESIAN_POINT('',(193.000000,190.000000,8.000000));
#6509=CARTESIAN_POINT('',(192.853170,190.927051,2.000000));
#6510=CARTESIAN_POINT('',(192.853170,190.927051,8.000000));
#6511=CARTESIAN_POINT('',(192.427051,191.763356,2.000000));
#6512=CARTESIAN_POINT('',(192.427051,191.763356,8.000000));
#6513=CARTESIAN_POINT('',(191.763356,192.427051,2.000000));
#6514=CARTESIAN_POINT('',(191.763356,192.427051,8.000000));
#6515=CARTESIAN_POINT('',(190.927051,192.853170,2.000000));
#6516=CARTESIAN_POINT('',(190.927051,192.853170,8.000000));
#6517=CARTESIAN_POINT('',(190.000000,193.000000,2.000000));
#6518=CARTESIAN_POINT('',(190.000000,193.000000,8.000000));
#6519=CARTESIAN_POINT('',(189.072949,192.853170,2.000000));
#6520=CARTESIAN_POINT('',(189.072949,192.853170,8.000000));
#6521=CARTESIAN_POINT('',(188.236644,192.427051,2.000000));
#6522=CARTESIAN_POINT('',(188.236644,192.427051,8.000000));
#6523=CARTESIAN_POINT('',(187.572949,191.763356,2.000000));
#6524=CARTESIAN_POINT('',(187.572949,191.763356,8.000000));
#6525=CARTESIAN_POINT('',(187.146830,190.927051,2.000000));
#6526=CARTESIAN_POINT('',(187.146830,190.927051,8.000000));
#6527=CARTESIAN_POINT('',(187.000000,190.000000,2.000000));
#6528=CARTESIAN_POINT('',(187.000000,190.000000,8.000000));
#6529=CARTESIAN_POINT('',(187.146830,189.072949,2.000000));
#6530=CARTESIAN_POINT('',(187.146830,189.072949,8.000000));
#6531=CARTESIAN_POINT('',(187.572949,188.236644,2.000000));
#6532=CARTESIAN_POINT('',(187.572949,188.236644,8.000000));
#6533=CARTESIAN_POINT('',(188.236644,187.572949,2.000000));
#6534=CARTESIAN_POINT('',(188.236644,187.572949,8.000000));
#6535=CARTESIAN_POINT('',(189.072949,187.146830,2.000000));
#6536=CARTESIAN_POINT('',(189.072949,187.146830,8.000000));
#6537=CARTESIAN_POINT('',(190.000000,187.000000,2.000000));
#6538=CARTESIAN_POINT('',(190.000000,187.000000,8.000000));
#6539=CARTESIAN_POINT('',(190.927051,187.146830,2.000000));
#6540=CARTESIAN_POINT('',(190.927051,187.146830,8.000000));
#6541=CARTESIAN_POINT('',(191.763356,187.572949,2.000000));
#6542=CARTESIAN_POINT('',(191.763356,187.572949,8.000000));
#6543=CARTESIAN_POINT('',(192.427051,188.236644,2.000000));
#6544=CARTESIAN_POINT('',(192.427051,188.236644,8.000000));
#6545=CARTESIAN_POINT('',(192.853170,189.072949,2.000000));
#6546=CARTESIAN_POINT('',(192.853170,189.072949,8.000000));
#6547=VERTEX_POINT('',#6507);
#6548=VERTEX_POINT('',#6509);
#6549=VERTEX_POINT('',#6511);
#6550=VERTEX_POINT('',#6513);
#6551=VERTEX_POINT('',#6515);
#6552=VERTEX_POINT('',#6517);
#6553=VERTEX_POINT('',#6519);
#6554=VERTEX_POINT('',#6521);
#6555=VERTEX_POINT('',#6523);
#6556=VERTEX_POINT('',#6525);
#6557=VERTEX_POINT('',#6527);
#6558=VERTEX_POINT('',#6529);
#6559=VERTEX_POINT('',#6531);
#6560=VERTEX_POINT('',#6533);
#6561=VERTEX_POINT('',#6535);
#6562=VERTEX_POINT('',#6537);
#6563=VERTEX_POINT('',#6539);
#6564=VERTEX_POINT('',#6541);
#6565=VERTEX_POINT('',#6543);
#6566=VERTEX_POINT('',#6545);
#6567=VERTEX_POINT('',#6508);
#6568=VERTEX_POINT('',#6510);
#6569=VERTEX_POINT('',#6512);
#6570=VERTEX_POINT('',#6514);
#6571=VERTEX_POINT('',#6516);
#6572=VERTEX_POINT('',#6518);
#6573=VERTEX_POINT('',#6520);
#6574=VERTEX_POINT('',#6522);
#6575=VERTEX_POINT('',#6524);
#6576=VERTEX_POINT('',#6526);
#6577=VERTEX_POINT('',#6528);
#6578=VERTEX_POINT('',#6530);
#6579=VERTEX_POINT('',#6532);
#6580=VERTEX_POINT('',#6534);
#6581=VERTEX_POINT('',#6536);
#6582=VERTEX_POINT('',#6538);
#6583=VERTEX_POINT('',#6540);
#6584=VERTEX_POINT('',#6542);
#6585=VERTEX_POINT('',#6544);
#6586=VERTEX_POINT('',#6546);
#6587=CARTESIAN_POINT('',(190.000000,190.000000,2.000000));
#6588=DIRECTION('',0.,0.,-1.);
#6589=DIRECTION('',1.,0.,0.);
#6590=AXIS2_PLACEMENT_3D('',#6587,#6588,#6589);
#6591=CIRCLE('',#6590,3.000000);
#6592=EDGE_CURVE('',#6547,#6547,#6591,.T.);
#6593=ORIENTED_EDGE('',*,*,#6592,.T.);
#6594=EDGE_LOOP('',#6593);
#6595=FACE_OUTER_BOUND('',#6594,.T.);
#6596=ADVANCED_FACE('',#6595,#6588,.T.);
#6597=CARTESIAN_POINT('',(190.000000,190.000000,8.000000));
#6598=DIRECTION('',0.,0.,1.);
#6599=DIRECTION('',1.,0.,0.);
#6600=AXIS2_PLACEMENT_3D('',#6597,#6598,#6599);
#6601=CIRCLE('',#6600,3.000000);
#6602=EDGE_CURVE('',#6567,#6567,#6601,.T.);
#6603=ORIENTED_EDGE('',*,*,#6602,.T.);
#6604=EDGE_LOOP('',#6603);
#6605=FACE_OUTER_BOUND('',#6604,.T.);
#6606=ADVANCED_FACE('',#6605,#6598,.T.);
#6607=DIRECTION('',-0.156434,0.987688,0.);
#6608=LINE('',#6507,#6607);
#6609=DIRECTION('',0.,0.,1.);
#6610=LINE('',#6509,#6609);
#6611=DIRECTION('',0.156434,-0.987688,0.);
#6612=LINE('',#6510,#6611);
#6613=DIRECTION('',0.,0.,-1.);
#6614=LINE('',#6508,#6613);
#6615=EDGE_CURVE('',#6547,#6548,#6608,.T.);
#6616=EDGE_CURVE('',#6548,#6568,#6610,.T.);
#6617=EDGE_CURVE('',#6568,#6567,#6612,.T.);
#6618=EDGE_CURVE('',#6567,#6547,#6614,.T.);
#6619=ORIENTED_EDGE('',*,*,#6615,.T.);
#6620=ORIENTED_EDGE('',*,*,#6616,.T.);
#6621=ORIENTED_EDGE('',*,*,#6617,.T.);
#6622=ORIENTED_EDGE('',*,*,#6618,.T.);
#6623=EDGE_LOOP('',#6619,#6620,#6621,#6622);
#6624=FACE_OUTER_BOUND('',#6623,.T.);
#6625=DIRECTION('',0.987688,0.156434,0.);
#6626=ADVANCED_FACE('',#6624,#6625,.T.);
#6627=DIRECTION('',-0.453990,0.891007,0.);
#6628=LINE('',#6509,#6627);
#6629=DIRECTION('',0.,0.,1.);
#6630=LINE('',#6511,#6629);
#6631=DIRECTION('',0.453990,-0.891007,0.);
#6632=LINE('',#6512,#6631);
#6633=DIRECTION('',0.,0.,-1.);
#6634=LINE('',#6510,#6633);
#6635=EDGE_CURVE('',#6548,#6549,#6628,.T.);
#6636=EDGE_CURVE('',#6549,#6569,#6630,.T.);
#6637=EDGE_CURVE('',#6569,#6568,#6632,.T.);
#6638=EDGE_CURVE('',#6568,#6548,#6634,.T.);
#6639=ORIENTED_EDGE('',*,*,#6635,.T.);
#6640=ORIENTED_EDGE('',*,*,#6636,.T.);
#6641=ORIENTED_EDGE('',*,*,#6637,.T.);
#6642=ORIENTED_EDGE('',*,*,#6638,.T.);
#6643=EDGE_LOOP('',#6639,#6640,#6641,#6642);
#6644=FACE_OUTER_BOUND('',#6643,.T.);
#6645=DIRECTION('',0.891007,0.453990,0.);
#6646=ADVANCED_FACE('',#6644,#6645,.T.);
#6647=DIRECTION('',-0.707107,0.707107,0.);
#6648=LINE('',#6511,#6647);
#6649=DIRECTION('',0.,0.,1.);
#6650=LINE('',#6513,#6649);
#6651=DIRECTION('',0.707107,-0.707107,0.);
#6652=LINE('',#6514,#6651);
#6653=DIRECTION('',0.,0.,-1.);
#6654=LINE('',#6512,#6653);
#6655=EDGE_CURVE('',#6549,#6550,#6648,.T.);
#6656=EDGE_CURVE('',#6550,#6570,#6650,.T.);
#6657=EDGE_CURVE('',#6570,#6569,#6652,.T.);
#6658=EDGE_CURVE('',#6569,#6549,#6654,.T.);
#6659=ORIENTED_EDGE('',*,*,#6655,.T.);
#6660=ORIENTED_EDGE('',*,*,#6656,.T.);
#6661=ORIENTED_EDGE('',*,*,#6657,.T.);
#6662=ORIENTED_EDGE('',*,*,#6658,.T.);
#6663=EDGE_LOOP('',#6659,#6660,#6661,#6662);
#6664=FACE_OUTER_BOUND('',#6663,.T.);
#6665=DIRECTION('',0.707107,0.707107,0.);
#6666=ADVANCED_FACE('',#6664,#6665,.T.);
#6667=DIRECTION('',-0.891007,0.453990,0.);
#6668=LINE('',#6513,#6667);
#6669=DIRECTION('',0.,0.,1.);
#6670=LINE('',#6515,#6669);
#6671=DIRECTION('',0.891007,-0.453990,0.);
#6672=LINE('',#6516,#6671);
#6673=DIRECTION('',0.,0.,-1.);
#6674=LINE('',#6514,#6673);
#6675=EDGE_CURVE('',#6550,#6551,#6668,.T.);
#6676=EDGE_CURVE('',#6551,#6571,#6670,.T.);
#6677=EDGE_CURVE('',#6571,#6570,#6672,.T.);
#6678=EDGE_CURVE('',#6570,#6550,#6674,.T.);
#6679=ORIENTED_EDGE('',*,*,#6675,.T.);
#6680=ORIENTED_EDGE('',*,*,#6676,.T.);
#6681=ORIENTED_EDGE('',*,*,#6677,.T.);
#6682=ORIENTED_EDGE('',*,*,#6678,.T.);
#6683=EDGE_LOOP('',#6679,#6680,#6681,#6682);
#6684=FACE_OUTER_BOUND('',#6683,.T.);
#6685=DIRECTION('',0.453990,0.891007,0.);
#6686=ADVANCED_FACE('',#6684,#6685,.T.);
#6687=DIRECTION('',-0.987688,0.156434,0.);
#6688=LINE('',#6515,#6687);
#6689=DIRECTION('',0.,0.,1.);
#6690=LINE('',#6517,#6689);
#6691=DIRECTION('',0.987688,-0.156434,0.);
#6692=LINE('',#6518,#6691);
#6693=DIRECTION('',0.,0.,-1.);
#6694=LINE('',#6516,#6693);
#6695=EDGE_CURVE('',#6551,#6552,#6688,.T.);
#6696=EDGE_CURVE('',#6552,#6572,#6690,.T.);
#6697=EDGE_CURVE('',#6572,#6571,#6692,.T.);
#6698=EDGE_CURVE('',#6571,#6551,#6694,.T.);
#6699=ORIENTED_EDGE('',*,*,#6695,.T.);
#6700=ORIENTED_EDGE('',*,*,#6696,.T.);
#6701=ORIENTED_EDGE('',*,*,#6697,.T.);
#6702=ORIENTED_EDGE('',*,*,#6698,.T.);
#6703=EDGE_LOOP('',#6699,#6700,#6701,#6702);
#6704=FACE_OUTER_BOUND('',#6703,.T.);
#6705=DIRECTION('',0.156434,0.987688,0.);
#6706=ADVANCED_FACE('',#6704,#6705,.T.);
#6707=DIRECTION('',-0.987688,-0.156434,0.);
#6708=LINE('',#6517,#6707);
#6709=DIRECTION('',0.,0.,1.);
#6710=LINE('',#6519,#6709);
#6711=DIRECTION('',0.987688,0.156434,0.);
#6712=LINE('',#6520,#6711);
#6713=DIRECTION('',0.,0.,-1.);
#6714=LINE('',#6518,#6713);
#6715=EDGE_CURVE('',#6552,#6553,#6708,.T.);
#6716=EDGE_CURVE('',#6553,#6573,#6710,.T.);
#6717=EDGE_CURVE('',#6573,#6572,#6712,.T.);
#6718=EDGE_CURVE('',#6572,#6552,#6714,.T.);
#6719=ORIENTED_EDGE('',*,*,#6715,.T.);
#6720=ORIENTED_EDGE('',*,*,#6716,.T.);
#6721=ORIENTED_EDGE('',*,*,#6717,.T.);
#6722=ORIENTED_EDGE('',*,*,#6718,.T.);
#6723=EDGE_LOOP('',#6719,#6720,#6721,#6722);
#6724=FACE_OUTER_BOUND('',#6723,.T.);
#6725=DIRECTION('',-0.156434,0.987688,0.);
#6726=ADVANCED_FACE('',#6724,#6725,.T.);
#6727=DIRECTION('',-0.891007,-0.453990,0.);
#6728=LINE('',#6519,#6727);
#6729=DIRECTION('',0.,0.,1.);
#6730=LINE('',#6521,#6729);
#6731=DIRECTION('',0.891007,0.453990,0.);
#6732=LINE('',#6522,#6731);
#6733=DIRECTION('',0.,0.,-1.);
#6734=LINE('',#6520,#6733);
#6735=EDGE_CURVE('',#6553,#6554,#6728,.T.);
#6736=EDGE_CURVE('',#6554,#6574,#6730,.T.);
#6737=EDGE_CURVE('',#6574,#6573,#6732,.T.);
#6738=EDGE_CURVE('',#6573,#6553,#6734,.T.);
#6739=ORIENTED_EDGE('',*,*,#6735,.T.);
#6740=ORIENTED_EDGE('',*,*,#6736,.T.);
#6741=ORIENTED_EDGE('',*,*,#6737,.T.);
#6742=ORIENTED_EDGE('',*,*,#6738,.T.);
#6743=EDGE_LOOP('',#6739,#6740,#6741,#6742);
#6744=FACE_OUTER_BOUND('',#6743,.T.);
#6745=DIRECTION('',-0.453990,0.891007,0.);
#6746=ADVANCED_FACE('',#6744,#6745,.T.);
#6747=DIRECTION('',-0.707107,-0.707107,0.);
#6748=LINE('',#6521,#6747);
#6749=DIRECTION('',0.,0.,1.);
#6750=LINE('',#6523,#6749);
#6751=DIRECTION('',0.707107,0.707107,0.);
#6752=LINE('',#6524,#6751);
#6753=DIRECTION('',0.,0.,-1.);
#6754=LINE('',#6522,#6753);
#6755=EDGE_CURVE('',#6554,#6555,#6748,.T.);
#6756=EDGE_CURVE('',#6555,#6575,#6750,.T.);
#6757=EDGE_CURVE('',#6575,#6574,#6752,.T.);
#6758=EDGE_CURVE('',#6574,#6554,#6754,.T.);
#6759=ORIENTED_EDGE('',*,*,#6755,.T.);
#6760=ORIENTED_EDGE('',*,*,#6756,.T.);
#6761=ORIENTED_EDGE('',*,*,#6757,.T.);
#6762=ORIENTED_EDGE('',*,*,#6758,.T.);
#6763=EDGE_LOOP('',#6759,#6760,#6761,#6762);
#6764=FACE_OUTER_BOUND('',#6763,.T.);
#6765=DIRECTION('',-0.707107,0.707107,0.);
#6766=ADVANCED_FACE('',#6764,#6765,.T.);
#6767=DIRECTION('',-0.453990,-0.891007,0.);
#6768=LINE('',#6523,#6767);
#6769=DIRECTION('',0.,0.,1.);
#6770=LINE('',#6525,#6769);
#6771=DIRECTION('',0.453990,0.891007,0.);
#6772=LINE('',#6526,#6771);
#6773=DIRECTION('',0.,0.,-1.);
#6774=LINE('',#6524,#6773);
#6775=EDGE_CURVE('',#6555,#6556,#6768,.T.);
#6776=EDGE_CURVE('',#6556,#6576,#6770,.T.);
#6777=EDGE_CURVE('',#6576,#6575,#6772,.T.);
#6778=EDGE_CURVE('',#6575,#6555,#6774,.T.);
#6779=ORIENTED_EDGE('',*,*,#6775,.T.);
#6780=ORIENTED_EDGE('',*,*,#6776,.T.);
#6781=ORIENTED_EDGE('',*,*,#6777,.T.);
#6782=ORIENTED_EDGE('',*,*,#6778,.T.);
#6783=EDGE_LOOP('',#6779,#6780,#6781,#6782);
#6784=FACE_OUTER_BOUND('',#6783,.T.);
#6785=DIRECTION('',-0.891007,0.453990,0.);
#6786=ADVANCED_FACE('',#6784,#6785,.T.);
#6787=DIRECTION('',-0.156434,-0.987688,0.);
#6788=LINE('',#6525,#6787);
#6789=DIRECTION('',0.,0.,1.);
#6790=LINE('',#6527,#6789);
#6791=DIRECTION('',0.156434,0.987688,0.);
#6792=LINE('',#6528,#6791);
#6793=DIRECTION('',0.,0.,-1.);
#6794=LINE('',#6526,#6793);
#6795=EDGE_CURVE('',#6556,#6557,#6788,.T.);
#6796=EDGE_CURVE('',#6557,#6577,#6790,.T.);
#6797=EDGE_CURVE('',#6577,#6576,#6792,.T.);
#6798=EDGE_CURVE('',#6576,#6556,#6794,.T.);
#6799=ORIENTED_EDGE('',*,*,#6795,.T.);
#6800=ORIENTED_EDGE('',*,*,#6796,.T.);
#6801=ORIENTED_EDGE('',*,*,#6797,.T.);
#6802=ORIENTED_EDGE('',*,*,#6798,.T.);
#6803=EDGE_LOOP('',#6799,#6800,#6801,#6802);
#6804=FACE_OUTER_BOUND('',#6803,.T.);
#6805=DIRECTION('',-0.987688,0.156434,0.);
#6806=ADVANCED_FACE('',#6804,#6805,.T.);
#6807=DIRECTION('',0.156434,-0.987688,0.);
#6808=LINE('',#6527,#6807);
#6809=DIRECTION('',0.,0.,1.);
#6810=LINE('',#6529,#6809);
#6811=DIRECTION('',-0.156434,0.987688,0.);
#6812=LINE('',#6530,#6811);
#6813=DIRECTION('',0.,0.,-1.);
#6814=LINE('',#6528,#6813);
#6815=EDGE_CURVE('',#6557,#6558,#6808,.T.);
#6816=EDGE_CURVE('',#6558,#6578,#6810,.T.);
#6817=EDGE_CURVE('',#6578,#6577,#6812,.T.);
#6818=EDGE_CURVE('',#6577,#6557,#6814,.T.);
#6819=ORIENTED_EDGE('',*,*,#6815,.T.);
#6820=ORIENTED_EDGE('',*,*,#6816,.T.);
#6821=ORIENTED_EDGE('',*,*,#6817,.T.);
#6822=ORIENTED_EDGE('',*,*,#6818,.T.);
#6823=EDGE_LOOP('',#6819,#6820,#6821,#6822);
#6824=FACE_OUTER_BOUND('',#6823,.T.);
#6825=DIRECTION('',-0.987688,-0.156434,0.);
#6826=ADVANCED_FACE('',#6824,#6825,.T.);
#6827=DIRECTION('',0.453990,-0.891007,0.);
#6828=LINE('',#6529,#6827);
#6829=DIRECTION('',0.,0.,1.);
#6830=LINE('',#6531,#6829);
#6831=DIRECTION('',-0.453990,0.891007,0.);
#6832=LINE('',#6532,#6831);
#6833=DIRECTION('',0.,0.,-1.);
#6834=LINE('',#6530,#6833);
#6835=EDGE_CURVE('',#6558,#6559,#6828,.T.);
#6836=EDGE_CURVE('',#6559,#6579,#6830,.T.);
#6837=EDGE_CURVE('',#6579,#6578,#6832,.T.);
#6838=EDGE_CURVE('',#6578,#6558,#6834,.T.);
#6839=ORIENTED_EDGE('',*,*,#6835,.T.);
#6840=ORIENTED_EDGE('',*,*,#6836,.T.);
#6841=ORIENTED_EDGE('',*,*,#6837,.T.);
#6842=ORIENTED_EDGE('',*,*,#6838,.T.);
#6843=EDGE_LOOP('',#6839,#6840,#6841,#6842);
#6844=FACE_OUTER_BOUND('',#6843,.T.);
#6845=DIRECTION('',-0.891007,-0.453990,0.);
#6846=ADVANCED_FACE('',#6844,#6845,.T.);
#6847=DIRECTION('',0.707107,-0.707107,0.);
#6848=LINE('',#6531,#6847);
#6849=DIRECTION('',0.,0.,1.);
#6850=LINE('',#6533,#6849);
#6851=DIRECTION('',-0.707107,0.707107,0.);
#6852=LINE('',#6534,#6851);
#6853=DIRECTION('',0.,0.,-1.);
#6854=LINE('',#6532,#6853);
#6855=EDGE_CURVE('',#6559,#6560,#6848,.T.);
#6856=EDGE_CURVE('',#6560,#6580,#6850,.T.);
#6857=EDGE_CURVE('',#6580,#6579,#6852,.T.);
#6858=EDGE_CURVE('',#6579,#6559,#6854,.T.);
#6859=ORIENTED_EDGE('',*,*,#6855,.T.);
#6860=ORIENTED_EDGE('',*,*,#6856,.T.);
#6861=ORIENTED_EDGE('',*,*,#6857,.T.);
#6862=ORIENTED_EDGE('',*,*,#6858,.T.);
#6863=EDGE_LOOP('',#6859,#6860,#6861,#6862);
#6864=FACE_OUTER_BOUND('',#6863,.T.);
#6865=DIRECTION('',-0.707107,-0.707107,0.);
#6866=ADVANCED_FACE('',#6864,#6865,.T.);
#6867=DIRECTION('',0.891007,-0.453990,0.);
#6868=LINE('',#6533,#6867);
#6869=DIRECTION('',0.,0.,1.);
#6870=LINE('',#6535,#6869);
#6871=DIRECTION('',-0.891007,0.453990,0.);
#6872=LINE('',#6536,#6871);
#6873=DIRECTION('',0.,0.,-1.);
#6874=LINE('',#6534,#6873);
#6875=EDGE_CURVE('',#6560,#6561,#6868,.T.);
#6876=EDGE_CURVE('',#6561,#6581,#6870,.T.);
#6877=EDGE_CURVE('',#6581,#6580,#6872,.T.);
#6878=EDGE_CURVE('',#6580,#6560,#6874,.T.);
#6879=ORIENTED_EDGE('',*,*,#6875,.T.);
#6880=ORIENTED_EDGE('',*,*,#6876,.T.);
#6881=ORIENTED_EDGE('',*,*,#6877,.T.);
#6882=ORIENTED_EDGE('',*,*,#6878,.T.);
#6883=EDGE_LOOP('',#6879,#6880,#6881,#6882);
#6884=FACE_OUTER_BOUND('',#6883,.T.);
#6885=DIRECTION('',-0.453990,-0.891007,0.);
#6886=ADVANCED_FACE('',#6884,#6885,.T.);
#6887=DIRECTION('',0.987688,-0.156434,0.);
#6888=LINE('',#6535,#6887);
#6889=DIRECTION('',0.,0.,1.);
#6890=LINE('',#6537,#6889);
#6891=DIRECTION('',-0.987688,0.156434,0.);
#6892=LINE('',#6538,#6891);
#6893=DIRECTION('',0.,0.,-1.);
#6894=LINE('',#6536,#6893);
#6895=EDGE_CURVE('',#6561,#6562,#6888,.T.);
#6896=EDGE_CURVE('',#6562,#6582,#6890,.T.);
#6897=EDGE_CURVE('',#6582,#6581,#6892,.T.);
#6898=EDGE_CURVE('',#6581,#6561,#6894,.T.);
#6899=ORIENTED_EDGE('',*,*,#6895,.T.);
#6900=ORIENTED_EDGE('',*,*,#6896,.T.);
#6901=ORIENTED_EDGE('',*,*,#6897,.T.);
#6902=ORIENTED_EDGE('',*,*,#6898,.T.);
#6903=EDGE_LOOP('',#6899,#6900,#6901,#6902);
#6904=FACE_OUTER_BOUND('',#6903,.T.);
#6905=DIRECTION('',-0.156434,-0.987688,0.);
#6906=ADVANCED_FACE('',#6904,#6905,.T.);
#6907=DIRECTION('',0.987688,0.156434,0.);
#6908=LINE('',#6537,#6907);
#6909=DIRECTION('',0.,0.,1.);
#6910=LINE('',#6539,#6909);
#6911=DIRECTION('',-0.987688,-0.156434,0.);
#6912=LINE('',#6540,#6911);
#6913=DIRECTION('',0.,0.,-1.);
#6914=LINE('',#6538,#6913);
#6915=EDGE_CURVE('',#6562,#6563,#6908,.T.);
#6916=EDGE_CURVE('',#6563,#6583,#6910,.T.);
#6917=EDGE_CURVE('',#6583,#6582,#6912,.T.);
#6918=EDGE_CURVE('',#6582,#6562,#6914,.T.);
#6919=ORIENTED_EDGE('',*,*,#6915,.T.);
#6920=ORIENTED_EDGE('',*,*,#6916,.T.);
#6921=ORIENTED_EDGE('',*,*,#6917,.T.);
#6922=ORIENTED_EDGE('',*,*,#6918,.T.);
#6923=EDGE_LOOP('',#6919,#6920,#6921,#6922);
#6924=FACE_OUTER_BOUND('',#6923,.T.);
#6925=DIRECTION('',0.156434,-0.987688,0.);
#6926=ADVANCED_FACE('',#6924,#6925,.T.);
#6927=DIRECTION('',0.891007,0.453990,0.);
#6928=LINE('',#6539,#6927);
#6929=DIRECTION('',0.,0.,1.);
#6930=LINE('',#6541,#6929);
#6931=DIRECTION('',-0.891007,-0.453990,0.);
#6932=LINE('',#6542,#6931);
#6933=DIRECTION('',0.,0.,-1.);
#6934=LINE('',#6540,#6933);
#6935=EDGE_CURVE('',#6563,#6564,#6928,.T.);
#6936=EDGE_CURVE('',#6564,#6584,#6930,.T.);
#6937=EDGE_CURVE('',#6584,#6583,#6932,.T.);
#6938=EDGE_CURVE('',#6583,#6563,#6934,.T.);
#6939=ORIENTED_EDGE('',*,*,#6935,.T.);
#6940=ORIENTED_EDGE('',*,*,#6936,.T.);
#6941=ORIENTED_EDGE('',*,*,#6937,.T.);
#6942=ORIENTED_EDGE('',*,*,#6938,.T.);
#6943=EDGE_LOOP('',#6939,#6940,#6941,#6942);
#6944=FACE_OUTER_BOUND('',#6943,.T.);
#6945=DIRECTION('',0.453990,-0.891007,0.);
#6946=ADVANCED_FACE('',#6944,#6945,.T.);
#6947=DIRECTION('',0.707107,0.707107,0.);
#6948=LINE('',#6541,#6947);
#6949=DIRECTION('',0.,0.,1.);
#6950=LINE('',#6543,#6949);
#6951=DIRECTION('',-0.707107,-0.707107,0.);
#6952=LINE('',#6544,#6951);
#6953=DIRECTION('',0.,0.,-1.);
#6954=LINE('',#6542,#6953);
#6955=EDGE_CURVE('',#6564,#6565,#6948,.T.);
#6956=EDGE_CURVE('',#6565,#6585,#6950,.T.);
#6957=EDGE_CURVE('',#6585,#6584,#6952,.T.);
#6958=EDGE_CURVE('',#6584,#6564,#6954,.T.);
#6959=ORIENTED_EDGE('',*,*,#6955,.T.);
#6960=ORIENTED_EDGE('',*,*,#6956,.T.);
#6961=ORIENTED_EDGE('',*,*,#6957,.T.);
#6962=ORIENTED_EDGE('',*,*,#6958,.T.);
#6963=EDGE_LOOP('',#6959,#6960,#6961,#6962);
#6964=FACE_OUTER_BOUND('',#6963,.T.);
#6965=DIRECTION('',0.707107,-0.707107,0.);
#6966=ADVANCED_FACE('',#6964,#6965,.T.);
#6967=DIRECTION('',0.453990,0.891007,0.);
#6968=LINE('',#6543,#6967);
#6969=DIRECTION('',0.,0.,1.);
#6970=LINE('',#6545,#6969);
#6971=DIRECTION('',-0.453990,-0.891007,0.);
#6972=LINE('',#6546,#6971);
#6973=DIRECTION('',0.,0.,-1.);
#6974=LINE('',#6544,#6973);
#6975=EDGE_CURVE('',#6565,#6566,#6968,.T.);
#6976=EDGE_CURVE('',#6566,#6586,#6970,.T.);
#6977=EDGE_CURVE('',#6586,#6585,#6972,.T.);
#6978=EDGE_CURVE('',#6585,#6565,#6974,.T.);
#6979=ORIENTED_EDGE('',*,*,#6975,.T.);
#6980=ORIENTED_EDGE('',*,*,#6976,.T.);
#6981=ORIENTED_EDGE('',*,*,#6977,.T.);
#6982=ORIENTED_EDGE('',*,*,#6978,.T.);
#6983=EDGE_LOOP('',#6979,#6980,#6981,#6982);
#6984=FACE_OUTER_BOUND('',#6983,.T.);
#6985=DIRECTION('',0.891007,-0.453990,0.);
#6986=ADVANCED_FACE('',#6984,#6985,.T.);
#6987=DIRECTION('',0.156434,0.987688,0.);
#6988=LINE('',#6545,#6987);
#6989=DIRECTION('',0.,0.,1.);
#6990=LINE('',#6507,#6989);
#6991=DIRECTION('',-0.156434,-0.987688,0.);
#6992=LINE('',#6508,#6991);
#6993=DIRECTION('',0.,0.,-1.);
#6994=LINE('',#6546,#6993);
#6995=EDGE_CURVE('',#6566,#6547,#6988,.T.);
#6996=EDGE_CURVE('',#6547,#6567,#6990,.T.);
#6997=EDGE_CURVE('',#6567,#6586,#6992,.T.);
#6998=EDGE_CURVE('',#6586,#6566,#6994,.T.);
#6999=ORIENTED_EDGE('',*,*,#6995,.T.);
#7000=ORIENTED_EDGE('',*,*,#6996,.T.);
#7001=ORIENTED_EDGE('',*,*,#6997,.T.);
#7002=ORIENTED_EDGE('',*,*,#6998,.T.);
#7003=EDGE_LOOP('',#6999,#7000,#7001,#7002);
#7004=FACE_OUTER_BOUND('',#7003,.T.);
#7005=DIRECTION('',-0.987688,0.156434,0.);
#7006=ADVANCED_FACE('',#7004,#7005,.T.);
#7007=CLOSED_SHELL('',#6596,#6606,#6626,#6646,#6666,#6686,#6706,#6726,#6746,#6766,#6786,#6806,#6826,#6846,#6866,#6886,#6906,#6926,#6946,#6966,#6986,#7006);
#7008=MANIFOLD_SOLID_BREP('',#7007);
#7009=CARTESIAN_POINT('',(190.000000,190.000000,2.000000));
#7010=DIRECTION('',0.,0.,1.);
#7011=DIRECTION('',1.,0.,0.);
#7012=AXIS2_PLACEMENT_3D('',#7009,#7010,#7011);
#7013=ADVANCED_BREP_SHAPE_REPRESENTATION('',#7008,#7012);
#7014=SHAPE_DEFINITION_REPRESENTATION(#4982,#7013);
#7015=CARTESIAN_POINT('',(11.600000,10.000000,2.000000));
#7016=CARTESIAN_POINT('',(11.600000,10.000000,8.000000));
#7017=CARTESIAN_POINT('',(11.521690,10.494427,2.000000));
#7018=CARTESIAN_POINT('',(11.521690,10.494427,8.000000));
#7019=CARTESIAN_POINT('',(11.294427,10.940456,2.000000));
#7020=CARTESIAN_POINT('',(11.294427,10.940456,8.000000));
#7021=CARTESIAN_POINT('',(10.940456,11.294427,2.000000));
#7022=CARTESIAN_POINT('',(10.940456,11.294427,8.000000));
#7023=CARTESIAN_POINT('',(10.494427,11.521690,2.000000));
#7024=CARTESIAN_POINT('',(10.494427,11.521690,8.000000));
#7025=CARTESIAN_POINT('',(10.000000,11.600000,2.000000));
#7026=CARTESIAN_POINT('',(10.000000,11.600000,8.000000));
#7027=CARTESIAN_POINT('',(9.505573,11.521690,2.000000));
#7028=CARTESIAN_POINT('',(9.505573,11.521690,8.000000));
#7029=CARTESIAN_POINT('',(9.059544,11.294427,2.000000));
#7030=CARTESIAN_POINT('',(9.059544,11.294427,8.000000));
#7031=CARTESIAN_POINT('',(8.705573,10.940456,2.000000));
#7032=CARTESIAN_POINT('',(8.705573,10.940456,8.000000));
#7033=CARTESIAN_POINT('',(8.478310,10.494427,2.000000));
#7034=CARTESIAN_POINT('',(8.478310,10.494427,8.000000));
#7035=CARTESIAN_POINT('',(8.400000,10.000000,2.000000));
#7036=CARTESIAN_POINT('',(8.400000,10.000000,8.000000));
#7037=CARTESIAN_POINT('',(8.478310,9.505573,2.000000));
#7038=CARTESIAN_POINT('',(8.478310,9.505573,8.000000));
#7039=CARTESIAN_POINT('',(8.705573,9.059544,2.000000));
#7040=CARTESIAN_POINT('',(8.705573,9.059544,8.000000));
#7041=CARTESIAN_POINT('',(9.059544,8.705573,2.000000));
#7042=CARTESIAN_POINT('',(9.059544,8.705573,8.000000));
#7043=CARTESIAN_POINT('',(9.505573,8.478310,2.000000));
#7044=CARTESIAN_POINT('',(9.505573,8.478310,8.000000));
#7045=CARTESIAN_POINT('',(10.000000,8.400000,2.000000));
#7046=CARTESIAN_POINT('',(10.000000,8.400000,8.000000));
#7047=CARTESIAN_POINT('',(10.494427,8.478310,2.000000));
#7048=CARTESIAN_POINT('',(10.494427,8.478310,8.000000));
#7049=CARTESIAN_POINT('',(10.940456,8.705573,2.000000));
#7050=CARTESIAN_POINT('',(10.940456,8.705573,8.000000));
#7051=CARTESIAN_POINT('',(11.294427,9.059544,2.000000));
#7052=CARTESIAN_POINT('',(11.294427,9.059544,8.000000));
#7053=CARTESIAN_POINT('',(11.521690,9.505573,2.000000));
#7054=CARTESIAN_POINT('',(11.521690,9.505573,8.000000));
#7055=VERTEX_POINT('',#7015);
#7056=VERTEX_POINT('',#7017);
#7057=VERTEX_POINT('',#7019);
#7058=VERTEX_POINT('',#7021);
#7059=VERTEX_POINT('',#7023);
#7060=VERTEX_POINT('',#7025);
#7061=VERTEX_POINT('',#7027);
#7062=VERTEX_POINT('',#7029);
#7063=VERTEX_POINT('',#7031);
#7064=VERTEX_POINT('',#7033);
#7065=VERTEX_POINT('',#7035);
#7066=VERTEX_POINT('',#7037);
#7067=VERTEX_POINT('',#7039);
#7068=VERTEX_POINT('',#7041);
#7069=VERTEX_POINT('',#7043);
#7070=VERTEX_POINT('',#7045);
#7071=VERTEX_POINT('',#7047);
#7072=VERTEX_POINT('',#7049);
#7073=VERTEX_POINT('',#7051);
#7074=VERTEX_POINT('',#7053);
#7075=VERTEX_POINT('',#7016);
#7076=VERTEX_POINT('',#7018);
#7077=VERTEX_POINT('',#7020);
#7078=VERTEX_POINT('',#7022);
#7079=VERTEX_POINT('',#7024);
#7080=VERTEX_POINT('',#7026);
#7081=VERTEX_POINT('',#7028);
#7082=VERTEX_POINT('',#7030);
#7083=VERTEX_POINT('',#7032);
#7084=VERTEX_POINT('',#7034);
#7085=VERTEX_POINT('',#7036);
#7086=VERTEX_POINT('',#7038);
#7087=VERTEX_POINT('',#7040);
#7088=VERTEX_POINT('',#7042);
#7089=VERTEX_POINT('',#7044);
#7090=VERTEX_POINT('',#7046);
#7091=VERTEX_POINT('',#7048);
#7092=VERTEX_POINT('',#7050);
#7093=VERTEX_POINT('',#7052);
#7094=VERTEX_POINT('',#7054);
#7095=CARTESIAN_POINT('',(10.000000,10.000000,2.000000));
#7096=DIRECTION('',0.,0.,-1.);
#7097=DIRECTION('',1.,0.,0.);
#7098=AXIS2_PLACEMENT_3D('',#7095,#7096,#7097);
#7099=CIRCLE('',#7098,1.600000);
#7100=EDGE_CURVE('',#7055,#7055,#7099,.T.);
#7101=ORIENTED_EDGE('',*,*,#7100,.T.);
#7102=EDGE_LOOP('',#7101);
#7103=FACE_OUTER_BOUND('',#7102,.T.);
#7104=ADVANCED_FACE('',#7103,#7096,.T.);
#7105=CARTESIAN_POINT('',(10.000000,10.000000,8.000000));
#7106=DIRECTION('',0.,0.,1.);
#7107=DIRECTION('',1.,0.,0.);
#7108=AXIS2_PLACEMENT_3D('',#7105,#7106,#7107);
#7109=CIRCLE('',#7108,1.600000);
#7110=EDGE_CURVE('',#7075,#7075,#7109,.T.);
#7111=ORIENTED_EDGE('',*,*,#7110,.T.);
#7112=EDGE_LOOP('',#7111);
#7113=FACE_OUTER_BOUND('',#7112,.T.);
#7114=ADVANCED_FACE('',#7113,#7106,.T.);
#7115=DIRECTION('',-0.156434,0.987688,0.);
#7116=LINE('',#7015,#7115);
#7117=DIRECTION('',0.,0.,1.);
#7118=LINE('',#7017,#7117);
#7119=DIRECTION('',0.156434,-0.987688,0.);
#7120=LINE('',#7018,#7119);
#7121=DIRECTION('',0.,0.,-1.);
#7122=LINE('',#7016,#7121);
#7123=EDGE_CURVE('',#7055,#7056,#7116,.T.);
#7124=EDGE_CURVE('',#7056,#7076,#7118,.T.);
#7125=EDGE_CURVE('',#7076,#7075,#7120,.T.);
#7126=EDGE_CURVE('',#7075,#7055,#7122,.T.);
#7127=ORIENTED_EDGE('',*,*,#7123,.T.);
#7128=ORIENTED_EDGE('',*,*,#7124,.T.);
#7129=ORIENTED_EDGE('',*,*,#7125,.T.);
#7130=ORIENTED_EDGE('',*,*,#7126,.T.);
#7131=EDGE_LOOP('',#7127,#7128,#7129,#7130);
#7132=FACE_OUTER_BOUND('',#7131,.T.);
#7133=DIRECTION('',0.987688,0.156434,0.);
#7134=ADVANCED_FACE('',#7132,#7133,.T.);
#7135=DIRECTION('',-0.453990,0.891007,0.);
#7136=LINE('',#7017,#7135);
#7137=DIRECTION('',0.,0.,1.);
#7138=LINE('',#7019,#7137);
#7139=DIRECTION('',0.453990,-0.891007,0.);
#7140=LINE('',#7020,#7139);
#7141=DIRECTION('',0.,0.,-1.);
#7142=LINE('',#7018,#7141);
#7143=EDGE_CURVE('',#7056,#7057,#7136,.T.);
#7144=EDGE_CURVE('',#7057,#7077,#7138,.T.);
#7145=EDGE_CURVE('',#7077,#7076,#7140,.T.);
#7146=EDGE_CURVE('',#7076,#7056,#7142,.T.);
#7147=ORIENTED_EDGE('',*,*,#7143,.T.);
#7148=ORIENTED_EDGE('',*,*,#7144,.T.);
#7149=ORIENTED_EDGE('',*,*,#7145,.T.);
#7150=ORIENTED_EDGE('',*,*,#7146,.T.);
#7151=EDGE_LOOP('',#7147,#7148,#7149,#7150);
#7152=FACE_OUTER_BOUND('',#7151,.T.);
#7153=DIRECTION('',0.891007,0.453990,0.);
#7154=ADVANCED_FACE('',#7152,#7153,.T.);
#7155=DIRECTION('',-0.707107,0.707107,0.);
#7156=LINE('',#7019,#7155);
#7157=DIRECTION('',0.,0.,1.);
#7158=LINE('',#7021,#7157);
#7159=DIRECTION('',0.707107,-0.707107,0.);
#7160=LINE('',#7022,#7159);
#7161=DIRECTION('',0.,0.,-1.);
#7162=LINE('',#7020,#7161);
#7163=EDGE_CURVE('',#7057,#7058,#7156,.T.);
#7164=EDGE_CURVE('',#7058,#7078,#7158,.T.);
#7165=EDGE_CURVE('',#7078,#7077,#7160,.T.);
#7166=EDGE_CURVE('',#7077,#7057,#7162,.T.);
#7167=ORIENTED_EDGE('',*,*,#7163,.T.);
#7168=ORIENTED_EDGE('',*,*,#7164,.T.);
#7169=ORIENTED_EDGE('',*,*,#7165,.T.);
#7170=ORIENTED_EDGE('',*,*,#7166,.T.);
#7171=EDGE_LOOP('',#7167,#7168,#7169,#7170);
#7172=FACE_OUTER_BOUND('',#7171,.T.);
#7173=DIRECTION('',0.707107,0.707107,0.);
#7174=ADVANCED_FACE('',#7172,#7173,.T.);
#7175=DIRECTION('',-0.891007,0.453990,0.);
#7176=LINE('',#7021,#7175);
#7177=DIRECTION('',0.,0.,1.);
#7178=LINE('',#7023,#7177);
#7179=DIRECTION('',0.891007,-0.453990,0.);
#7180=LINE('',#7024,#7179);
#7181=DIRECTION('',0.,0.,-1.);
#7182=LINE('',#7022,#7181);
#7183=EDGE_CURVE('',#7058,#7059,#7176,.T.);
#7184=EDGE_CURVE('',#7059,#7079,#7178,.T.);
#7185=EDGE_CURVE('',#7079,#7078,#7180,.T.);
#7186=EDGE_CURVE('',#7078,#7058,#7182,.T.);
#7187=ORIENTED_EDGE('',*,*,#7183,.T.);
#7188=ORIENTED_EDGE('',*,*,#7184,.T.);
#7189=ORIENTED_EDGE('',*,*,#7185,.T.);
#7190=ORIENTED_EDGE('',*,*,#7186,.T.);
#7191=EDGE_LOOP('',#7187,#7188,#7189,#7190);
#7192=FACE_OUTER_BOUND('',#7191,.T.);
#7193=DIRECTION('',0.453990,0.891007,0.);
#7194=ADVANCED_FACE('',#7192,#7193,.T.);
#7195=DIRECTION('',-0.987688,0.156434,0.);
#7196=LINE('',#7023,#7195);
#7197=DIRECTION('',0.,0.,1.);
#7198=LINE('',#7025,#7197);
#7199=DIRECTION('',0.987688,-0.156434,0.);
#7200=LINE('',#7026,#7199);
#7201=DIRECTION('',0.,0.,-1.);
#7202=LINE('',#7024,#7201);
#7203=EDGE_CURVE('',#7059,#7060,#7196,.T.);
#7204=EDGE_CURVE('',#7060,#7080,#7198,.T.);
#7205=EDGE_CURVE('',#7080,#7079,#7200,.T.);
#7206=EDGE_CURVE('',#7079,#7059,#7202,.T.);
#7207=ORIENTED_EDGE('',*,*,#7203,.T.);
#7208=ORIENTED_EDGE('',*,*,#7204,.T.);
#7209=ORIENTED_EDGE('',*,*,#7205,.T.);
#7210=ORIENTED_EDGE('',*,*,#7206,.T.);
#7211=EDGE_LOOP('',#7207,#7208,#7209,#7210);
#7212=FACE_OUTER_BOUND('',#7211,.T.);
#7213=DIRECTION('',0.156434,0.987688,0.);
#7214=ADVANCED_FACE('',#7212,#7213,.T.);
#7215=DIRECTION('',-0.987688,-0.156434,0.);
#7216=LINE('',#7025,#7215);
#7217=DIRECTION('',0.,0.,1.);
#7218=LINE('',#7027,#7217);
#7219=DIRECTION('',0.987688,0.156434,0.);
#7220=LINE('',#7028,#7219);
#7221=DIRECTION('',0.,0.,-1.);
#7222=LINE('',#7026,#7221);
#7223=EDGE_CURVE('',#7060,#7061,#7216,.T.);
#7224=EDGE_CURVE('',#7061,#7081,#7218,.T.);
#7225=EDGE_CURVE('',#7081,#7080,#7220,.T.);
#7226=EDGE_CURVE('',#7080,#7060,#7222,.T.);
#7227=ORIENTED_EDGE('',*,*,#7223,.T.);
#7228=ORIENTED_EDGE('',*,*,#7224,.T.);
#7229=ORIENTED_EDGE('',*,*,#7225,.T.);
#7230=ORIENTED_EDGE('',*,*,#7226,.T.);
#7231=EDGE_LOOP('',#7227,#7228,#7229,#7230);
#7232=FACE_OUTER_BOUND('',#7231,.T.);
#7233=DIRECTION('',-0.156434,0.987688,0.);
#7234=ADVANCED_FACE('',#7232,#7233,.T.);
#7235=DIRECTION('',-0.891007,-0.453990,0.);
#7236=LINE('',#7027,#7235);
#7237=DIRECTION('',0.,0.,1.);
#7238=LINE('',#7029,#7237);
#7239=DIRECTION('',0.891007,0.453990,0.);
#7240=LINE('',#7030,#7239);
#7241=DIRECTION('',0.,0.,-1.);
#7242=LINE('',#7028,#7241);
#7243=EDGE_CURVE('',#7061,#7062,#7236,.T.);
#7244=EDGE_CURVE('',#7062,#7082,#7238,.T.);
#7245=EDGE_CURVE('',#7082,#7081,#7240,.T.);
#7246=EDGE_CURVE('',#7081,#7061,#7242,.T.);
#7247=ORIENTED_EDGE('',*,*,#7243,.T.);
#7248=ORIENTED_EDGE('',*,*,#7244,.T.);
#7249=ORIENTED_EDGE('',*,*,#7245,.T.);
#7250=ORIENTED_EDGE('',*,*,#7246,.T.);
#7251=EDGE_LOOP('',#7247,#7248,#7249,#7250);
#7252=FACE_OUTER_BOUND('',#7251,.T.);
#7253=DIRECTION('',-0.453990,0.891007,0.);
#7254=ADVANCED_FACE('',#7252,#7253,.T.);
#7255=DIRECTION('',-0.707107,-0.707107,0.);
#7256=LINE('',#7029,#7255);
#7257=DIRECTION('',0.,0.,1.);
#7258=LINE('',#7031,#7257);
#7259=DIRECTION('',0.707107,0.707107,0.);
#7260=LINE('',#7032,#7259);
#7261=DIRECTION('',0.,0.,-1.);
#7262=LINE('',#7030,#7261);
#7263=EDGE_CURVE('',#7062,#7063,#7256,.T.);
#7264=EDGE_CURVE('',#7063,#7083,#7258,.T.);
#7265=EDGE_CURVE('',#7083,#7082,#7260,.T.);
#7266=EDGE_CURVE('',#7082,#7062,#7262,.T.);
#7267=ORIENTED_EDGE('',*,*,#7263,.T.);
#7268=ORIENTED_EDGE('',*,*,#7264,.T.);
#7269=ORIENTED_EDGE('',*,*,#7265,.T.);
#7270=ORIENTED_EDGE('',*,*,#7266,.T.);
#7271=EDGE_LOOP('',#7267,#7268,#7269,#7270);
#7272=FACE_OUTER_BOUND('',#7271,.T.);
#7273=DIRECTION('',-0.707107,0.707107,0.);
#7274=ADVANCED_FACE('',#7272,#7273,.T.);
#7275=DIRECTION('',-0.453990,-0.891007,0.);
#7276=LINE('',#7031,#7275);
#7277=DIRECTION('',0.,0.,1.);
#7278=LINE('',#7033,#7277);
#7279=DIRECTION('',0.453990,0.891007,0.);
#7280=LINE('',#7034,#7279);
#7281=DIRECTION('',0.,0.,-1.);
#7282=LINE('',#7032,#7281);
#7283=EDGE_CURVE('',#7063,#7064,#7276,.T.);
#7284=EDGE_CURVE('',#7064,#7084,#7278,.T.);
#7285=EDGE_CURVE('',#7084,#7083,#7280,.T.);
#7286=EDGE_CURVE('',#7083,#7063,#7282,.T.);
#7287=ORIENTED_EDGE('',*,*,#7283,.T.);
#7288=ORIENTED_EDGE('',*,*,#7284,.T.);
#7289=ORIENTED_EDGE('',*,*,#7285,.T.);
#7290=ORIENTED_EDGE('',*,*,#7286,.T.);
#7291=EDGE_LOOP('',#7287,#7288,#7289,#7290);
#7292=FACE_OUTER_BOUND('',#7291,.T.);
#7293=DIRECTION('',-0.891007,0.453990,0.);
#7294=ADVANCED_FACE('',#7292,#7293,.T.);
#7295=DIRECTION('',-0.156434,-0.987688,0.);
#7296=LINE('',#7033,#7295);
#7297=DIRECTION('',0.,0.,1.);
#7298=LINE('',#7035,#7297);
#7299=DIRECTION('',0.156434,0.987688,0.);
#7300=LINE('',#7036,#7299);
#7301=DIRECTION('',0.,0.,-1.);
#7302=LINE('',#7034,#7301);
#7303=EDGE_CURVE('',#7064,#7065,#7296,.T.);
#7304=EDGE_CURVE('',#7065,#7085,#7298,.T.);
#7305=EDGE_CURVE('',#7085,#7084,#7300,.T.);
#7306=EDGE_CURVE('',#7084,#7064,#7302,.T.);
#7307=ORIENTED_EDGE('',*,*,#7303,.T.);
#7308=ORIENTED_EDGE('',*,*,#7304,.T.);
#7309=ORIENTED_EDGE('',*,*,#7305,.T.);
#7310=ORIENTED_EDGE('',*,*,#7306,.T.);
#7311=EDGE_LOOP('',#7307,#7308,#7309,#7310);
#7312=FACE_OUTER_BOUND('',#7311,.T.);
#7313=DIRECTION('',-0.987688,0.156434,0.);
#7314=ADVANCED_FACE('',#7312,#7313,.T.);
#7315=DIRECTION('',0.156434,-0.987688,0.);
#7316=LINE('',#7035,#7315);
#7317=DIRECTION('',0.,0.,1.);
#7318=LINE('',#7037,#7317);
#7319=DIRECTION('',-0.156434,0.987688,0.);
#7320=LINE('',#7038,#7319);
#7321=DIRECTION('',0.,0.,-1.);
#7322=LINE('',#7036,#7321);
#7323=EDGE_CURVE('',#7065,#7066,#7316,.T.);
#7324=EDGE_CURVE('',#7066,#7086,#7318,.T.);
#7325=EDGE_CURVE('',#7086,#7085,#7320,.T.);
#7326=EDGE_CURVE('',#7085,#7065,#7322,.T.);
#7327=ORIENTED_EDGE('',*,*,#7323,.T.);
#7328=ORIENTED_EDGE('',*,*,#7324,.T.);
#7329=ORIENTED_EDGE('',*,*,#7325,.T.);
#7330=ORIENTED_EDGE('',*,*,#7326,.T.);
#7331=EDGE_LOOP('',#7327,#7328,#7329,#7330);
#7332=FACE_OUTER_BOUND('',#7331,.T.);
#7333=DIRECTION('',-0.987688,-0.156434,0.);
#7334=ADVANCED_FACE('',#7332,#7333,.T.);
#7335=DIRECTION('',0.453990,-0.891007,0.);
#7336=LINE('',#7037,#7335);
#7337=DIRECTION('',0.,0.,1.);
#7338=LINE('',#7039,#7337);
#7339=DIRECTION('',-0.453990,0.891007,0.);
#7340=LINE('',#7040,#7339);
#7341=DIRECTION('',0.,0.,-1.);
#7342=LINE('',#7038,#7341);
#7343=EDGE_CURVE('',#7066,#7067,#7336,.T.);
#7344=EDGE_CURVE('',#7067,#7087,#7338,.T.);
#7345=EDGE_CURVE('',#7087,#7086,#7340,.T.);
#7346=EDGE_CURVE('',#7086,#7066,#7342,.T.);
#7347=ORIENTED_EDGE('',*,*,#7343,.T.);
#7348=ORIENTED_EDGE('',*,*,#7344,.T.);
#7349=ORIENTED_EDGE('',*,*,#7345,.T.);
#7350=ORIENTED_EDGE('',*,*,#7346,.T.);
#7351=EDGE_LOOP('',#7347,#7348,#7349,#7350);
#7352=FACE_OUTER_BOUND('',#7351,.T.);
#7353=DIRECTION('',-0.891007,-0.453990,0.);
#7354=ADVANCED_FACE('',#7352,#7353,.T.);
#7355=DIRECTION('',0.707107,-0.707107,0.);
#7356=LINE('',#7039,#7355);
#7357=DIRECTION('',0.,0.,1.);
#7358=LINE('',#7041,#7357);
#7359=DIRECTION('',-0.707107,0.707107,0.);
#7360=LINE('',#7042,#7359);
#7361=DIRECTION('',0.,0.,-1.);
#7362=LINE('',#7040,#7361);
#7363=EDGE_CURVE('',#7067,#7068,#7356,.T.);
#7364=EDGE_CURVE('',#7068,#7088,#7358,.T.);
#7365=EDGE_CURVE('',#7088,#7087,#7360,.T.);
#7366=EDGE_CURVE('',#7087,#7067,#7362,.T.);
#7367=ORIENTED_EDGE('',*,*,#7363,.T.);
#7368=ORIENTED_EDGE('',*,*,#7364,.T.);
#7369=ORIENTED_EDGE('',*,*,#7365,.T.);
#7370=ORIENTED_EDGE('',*,*,#7366,.T.);
#7371=EDGE_LOOP('',#7367,#7368,#7369,#7370);
#7372=FACE_OUTER_BOUND('',#7371,.T.);
#7373=DIRECTION('',-0.707107,-0.707107,0.);
#7374=ADVANCED_FACE('',#7372,#7373,.T.);
#7375=DIRECTION('',0.891007,-0.453990,0.);
#7376=LINE('',#7041,#7375);
#7377=DIRECTION('',0.,0.,1.);
#7378=LINE('',#7043,#7377);
#7379=DIRECTION('',-0.891007,0.453990,0.);
#7380=LINE('',#7044,#7379);
#7381=DIRECTION('',0.,0.,-1.);
#7382=LINE('',#7042,#7381);
#7383=EDGE_CURVE('',#7068,#7069,#7376,.T.);
#7384=EDGE_CURVE('',#7069,#7089,#7378,.T.);
#7385=EDGE_CURVE('',#7089,#7088,#7380,.T.);
#7386=EDGE_CURVE('',#7088,#7068,#7382,.T.);
#7387=ORIENTED_EDGE('',*,*,#7383,.T.);
#7388=ORIENTED_EDGE('',*,*,#7384,.T.);
#7389=ORIENTED_EDGE('',*,*,#7385,.T.);
#7390=ORIENTED_EDGE('',*,*,#7386,.T.);
#7391=EDGE_LOOP('',#7387,#7388,#7389,#7390);
#7392=FACE_OUTER_BOUND('',#7391,.T.);
#7393=DIRECTION('',-0.453990,-0.891007,0.);
#7394=ADVANCED_FACE('',#7392,#7393,.T.);
#7395=DIRECTION('',0.987688,-0.156434,0.);
#7396=LINE('',#7043,#7395);
#7397=DIRECTION('',0.,0.,1.);
#7398=LINE('',#7045,#7397);
#7399=DIRECTION('',-0.987688,0.156434,0.);
#7400=LINE('',#7046,#7399);
#7401=DIRECTION('',0.,0.,-1.);
#7402=LINE('',#7044,#7401);
#7403=EDGE_CURVE('',#7069,#7070,#7396,.T.);
#7404=EDGE_CURVE('',#7070,#7090,#7398,.T.);
#7405=EDGE_CURVE('',#7090,#7089,#7400,.T.);
#7406=EDGE_CURVE('',#7089,#7069,#7402,.T.);
#7407=ORIENTED_EDGE('',*,*,#7403,.T.);
#7408=ORIENTED_EDGE('',*,*,#7404,.T.);
#7409=ORIENTED_EDGE('',*,*,#7405,.T.);
#7410=ORIENTED_EDGE('',*,*,#7406,.T.);
#7411=EDGE_LOOP('',#7407,#7408,#7409,#7410);
#7412=FACE_OUTER_BOUND('',#7411,.T.);
#7413=DIRECTION('',-0.156434,-0.987688,0.);
#7414=ADVANCED_FACE('',#7412,#7413,.T.);
#7415=DIRECTION('',0.987688,0.156434,0.);
#7416=LINE('',#7045,#7415);
#7417=DIRECTION('',0.,0.,1.);
#7418=LINE('',#7047,#7417);
#7419=DIRECTION('',-0.987688,-0.156434,0.);
#7420=LINE('',#7048,#7419);
#7421=DIRECTION('',0.,0.,-1.);
#7422=LINE('',#7046,#7421);
#7423=EDGE_CURVE('',#7070,#7071,#7416,.T.);
#7424=EDGE_CURVE('',#7071,#7091,#7418,.T.);
#7425=EDGE_CURVE('',#7091,#7090,#7420,.T.);
#7426=EDGE_CURVE('',#7090,#7070,#7422,.T.);
#7427=ORIENTED_EDGE('',*,*,#7423,.T.);
#7428=ORIENTED_EDGE('',*,*,#7424,.T.);
#7429=ORIENTED_EDGE('',*,*,#7425,.T.);
#7430=ORIENTED_EDGE('',*,*,#7426,.T.);
#7431=EDGE_LOOP('',#7427,#7428,#7429,#7430);
#7432=FACE_OUTER_BOUND('',#7431,.T.);
#7433=DIRECTION('',0.156434,-0.987688,0.);
#7434=ADVANCED_FACE('',#7432,#7433,.T.);
#7435=DIRECTION('',0.891007,0.453990,0.);
#7436=LINE('',#7047,#7435);
#7437=DIRECTION('',0.,0.,1.);
#7438=LINE('',#7049,#7437);
#7439=DIRECTION('',-0.891007,-0.453990,0.);
#7440=LINE('',#7050,#7439);
#7441=DIRECTION('',0.,0.,-1.);
#7442=LINE('',#7048,#7441);
#7443=EDGE_CURVE('',#7071,#7072,#7436,.T.);
#7444=EDGE_CURVE('',#7072,#7092,#7438,.T.);
#7445=EDGE_CURVE('',#7092,#7091,#7440,.T.);
#7446=EDGE_CURVE('',#7091,#7071,#7442,.T.);
#7447=ORIENTED_EDGE('',*,*,#7443,.T.);
#7448=ORIENTED_EDGE('',*,*,#7444,.T.);
#7449=ORIENTED_EDGE('',*,*,#7445,.T.);
#7450=ORIENTED_EDGE('',*,*,#7446,.T.);
#7451=EDGE_LOOP('',#7447,#7448,#7449,#7450);
#7452=FACE_OUTER_BOUND('',#7451,.T.);
#7453=DIRECTION('',0.453990,-0.891007,0.);
#7454=ADVANCED_FACE('',#7452,#7453,.T.);
#7455=DIRECTION('',0.707107,0.707107,0.);
#7456=LINE('',#7049,#7455);
#7457=DIRECTION('',0.,0.,1.);
#7458=LINE('',#7051,#7457);
#7459=DIRECTION('',-0.707107,-0.707107,0.);
#7460=LINE('',#7052,#7459);
#7461=DIRECTION('',0.,0.,-1.);
#7462=LINE('',#7050,#7461);
#7463=EDGE_CURVE('',#7072,#7073,#7456,.T.);
#7464=EDGE_CURVE('',#7073,#7093,#7458,.T.);
#7465=EDGE_CURVE('',#7093,#7092,#7460,.T.);
#7466=EDGE_CURVE('',#7092,#7072,#7462,.T.);
#7467=ORIENTED_EDGE('',*,*,#7463,.T.);
#7468=ORIENTED_EDGE('',*,*,#7464,.T.);
#7469=ORIENTED_EDGE('',*,*,#7465,.T.);
#7470=ORIENTED_EDGE('',*,*,#7466,.T.);
#7471=EDGE_LOOP('',#7467,#7468,#7469,#7470);
#7472=FACE_OUTER_BOUND('',#7471,.T.);
#7473=DIRECTION('',0.707107,-0.707107,0.);
#7474=ADVANCED_FACE('',#7472,#7473,.T.);
#7475=DIRECTION('',0.453990,0.891007,0.);
#7476=LINE('',#7051,#7475);
#7477=DIRECTION('',0.,0.,1.);
#7478=LINE('',#7053,#7477);
#7479=DIRECTION('',-0.453990,-0.891007,0.);
#7480=LINE('',#7054,#7479);
#7481=DIRECTION('',0.,0.,-1.);
#7482=LINE('',#7052,#7481);
#7483=EDGE_CURVE('',#7073,#7074,#7476,.T.);
#7484=EDGE_CURVE('',#7074,#7094,#7478,.T.);
#7485=EDGE_CURVE('',#7094,#7093,#7480,.T.);
#7486=EDGE_CURVE('',#7093,#7073,#7482,.T.);
#7487=ORIENTED_EDGE('',*,*,#7483,.T.);
#7488=ORIENTED_EDGE('',*,*,#7484,.T.);
#7489=ORIENTED_EDGE('',*,*,#7485,.T.);
#7490=ORIENTED_EDGE('',*,*,#7486,.T.);
#7491=EDGE_LOOP('',#7487,#7488,#7489,#7490);
#7492=FACE_OUTER_BOUND('',#7491,.T.);
#7493=DIRECTION('',0.891007,-0.453990,0.);
#7494=ADVANCED_FACE('',#7492,#7493,.T.);
#7495=DIRECTION('',0.156434,0.987688,0.);
#7496=LINE('',#7053,#7495);
#7497=DIRECTION('',0.,0.,1.);
#7498=LINE('',#7015,#7497);
#7499=DIRECTION('',-0.156434,-0.987688,0.);
#7500=LINE('',#7016,#7499);
#7501=DIRECTION('',0.,0.,-1.);
#7502=LINE('',#7054,#7501);
#7503=EDGE_CURVE('',#7074,#7055,#7496,.T.);
#7504=EDGE_CURVE('',#7055,#7075,#7498,.T.);
#7505=EDGE_CURVE('',#7075,#7094,#7500,.T.);
#7506=EDGE_CURVE('',#7094,#7074,#7502,.T.);
#7507=ORIENTED_EDGE('',*,*,#7503,.T.);
#7508=ORIENTED_EDGE('',*,*,#7504,.T.);
#7509=ORIENTED_EDGE('',*,*,#7505,.T.);
#7510=ORIENTED_EDGE('',*,*,#7506,.T.);
#7511=EDGE_LOOP('',#7507,#7508,#7509,#7510);
#7512=FACE_OUTER_BOUND('',#7511,.T.);
#7513=DIRECTION('',-0.987688,0.156434,0.);
#7514=ADVANCED_FACE('',#7512,#7513,.T.);
#7515=CLOSED_SHELL('',#7104,#7114,#7134,#7154,#7174,#7194,#7214,#7234,#7254,#7274,#7294,#7314,#7334,#7354,#7374,#7394,#7414,#7434,#7454,#7474,#7494,#7514);
#7516=MANIFOLD_SOLID_BREP('',#7515);
#7517=CARTESIAN_POINT('',(10.000000,10.000000,2.000000));
#7518=DIRECTION('',0.,0.,1.);
#7519=DIRECTION('',1.,0.,0.);
#7520=AXIS2_PLACEMENT_3D('',#7517,#7518,#7519);
#7521=ADVANCED_BREP_SHAPE_REPRESENTATION('',#7516,#7520);
#7522=CARTESIAN_POINT('',(11.600000,190.000000,2.000000));
#7523=CARTESIAN_POINT('',(11.600000,190.000000,8.000000));
#7524=CARTESIAN_POINT('',(11.521690,190.494427,2.000000));
#7525=CARTESIAN_POINT('',(11.521690,190.494427,8.000000));
#7526=CARTESIAN_POINT('',(11.294427,190.940456,2.000000));
#7527=CARTESIAN_POINT('',(11.294427,190.940456,8.000000));
#7528=CARTESIAN_POINT('',(10.940456,191.294427,2.000000));
#7529=CARTESIAN_POINT('',(10.940456,191.294427,8.000000));
#7530=CARTESIAN_POINT('',(10.494427,191.521690,2.000000));
#7531=CARTESIAN_POINT('',(10.494427,191.521690,8.000000));
#7532=CARTESIAN_POINT('',(10.000000,191.600000,2.000000));
#7533=CARTESIAN_POINT('',(10.000000,191.600000,8.000000));
#7534=CARTESIAN_POINT('',(9.505573,191.521690,2.000000));
#7535=CARTESIAN_POINT('',(9.505573,191.521690,8.000000));
#7536=CARTESIAN_POINT('',(9.059544,191.294427,2.000000));
#7537=CARTESIAN_POINT('',(9.059544,191.294427,8.000000));
#7538=CARTESIAN_POINT('',(8.705573,190.940456,2.000000));
#7539=CARTESIAN_POINT('',(8.705573,190.940456,8.000000));
#7540=CARTESIAN_POINT('',(8.478310,190.494427,2.000000));
#7541=CARTESIAN_POINT('',(8.478310,190.494427,8.000000));
#7542=CARTESIAN_POINT('',(8.400000,190.000000,2.000000));
#7543=CARTESIAN_POINT('',(8.400000,190.000000,8.000000));
#7544=CARTESIAN_POINT('',(8.478310,189.505573,2.000000));
#7545=CARTESIAN_POINT('',(8.478310,189.505573,8.000000));
#7546=CARTESIAN_POINT('',(8.705573,189.059544,2.000000));
#7547=CARTESIAN_POINT('',(8.705573,189.059544,8.000000));
#7548=CARTESIAN_POINT('',(9.059544,188.705573,2.000000));
#7549=CARTESIAN_POINT('',(9.059544,188.705573,8.000000));
#7550=CARTESIAN_POINT('',(9.505573,188.478310,2.000000));
#7551=CARTESIAN_POINT('',(9.505573,188.478310,8.000000));
#7552=CARTESIAN_POINT('',(10.000000,188.400000,2.000000));
#7553=CARTESIAN_POINT('',(10.000000,188.400000,8.000000));
#7554=CARTESIAN_POINT('',(10.494427,188.478310,2.000000));
#7555=CARTESIAN_POINT('',(10.494427,188.478310,8.000000));
#7556=CARTESIAN_POINT('',(10.940456,188.705573,2.000000));
#7557=CARTESIAN_POINT('',(10.940456,188.705573,8.000000));
#7558=CARTESIAN_POINT('',(11.294427,189.059544,2.000000));
#7559=CARTESIAN_POINT('',(11.294427,189.059544,8.000000));
#7560=CARTESIAN_POINT('',(11.521690,189.505573,2.000000));
#7561=CARTESIAN_POINT('',(11.521690,189.505573,8.000000));
#7562=VERTEX_POINT('',#7522);
#7563=VERTEX_POINT('',#7524);
#7564=VERTEX_POINT('',#7526);
#7565=VERTEX_POINT('',#7528);
#7566=VERTEX_POINT('',#7530);
#7567=VERTEX_POINT('',#7532);
#7568=VERTEX_POINT('',#7534);
#7569=VERTEX_POINT('',#7536);
#7570=VERTEX_POINT('',#7538);
#7571=VERTEX_POINT('',#7540);
#7572=VERTEX_POINT('',#7542);
#7573=VERTEX_POINT('',#7544);
#7574=VERTEX_POINT('',#7546);
#7575=VERTEX_POINT('',#7548);
#7576=VERTEX_POINT('',#7550);
#7577=VERTEX_POINT('',#7552);
#7578=VERTEX_POINT('',#7554);
#7579=VERTEX_POINT('',#7556);
#7580=VERTEX_POINT('',#7558);
#7581=VERTEX_POINT('',#7560);
#7582=VERTEX_POINT('',#7523);
#7583=VERTEX_POINT('',#7525);
#7584=VERTEX_POINT('',#7527);
#7585=VERTEX_POINT('',#7529);
#7586=VERTEX_POINT('',#7531);
#7587=VERTEX_POINT('',#7533);
#7588=VERTEX_POINT('',#7535);
#7589=VERTEX_POINT('',#7537);
#7590=VERTEX_POINT('',#7539);
#7591=VERTEX_POINT('',#7541);
#7592=VERTEX_POINT('',#7543);
#7593=VERTEX_POINT('',#7545);
#7594=VERTEX_POINT('',#7547);
#7595=VERTEX_POINT('',#7549);
#7596=VERTEX_POINT('',#7551);
#7597=VERTEX_POINT('',#7553);
#7598=VERTEX_POINT('',#7555);
#7599=VERTEX_POINT('',#7557);
#7600=VERTEX_POINT('',#7559);
#7601=VERTEX_POINT('',#7561);
#7602=CARTESIAN_POINT('',(10.000000,190.000000,2.000000));
#7603=DIRECTION('',0.,0.,-1.);
#7604=DIRECTION('',1.,0.,0.);
#7605=AXIS2_PLACEMENT_3D('',#7602,#7603,#7604);
#7606=CIRCLE('',#7605,1.600000);
#7607=EDGE_CURVE('',#7562,#7562,#7606,.T.);
#7608=ORIENTED_EDGE('',*,*,#7607,.T.);
#7609=EDGE_LOOP('',#7608);
#7610=FACE_OUTER_BOUND('',#7609,.T.);
#7611=ADVANCED_FACE('',#7610,#7603,.T.);
#7612=CARTESIAN_POINT('',(10.000000,190.000000,8.000000));
#7613=DIRECTION('',0.,0.,1.);
#7614=DIRECTION('',1.,0.,0.);
#7615=AXIS2_PLACEMENT_3D('',#7612,#7613,#7614);
#7616=CIRCLE('',#7615,1.600000);
#7617=EDGE_CURVE('',#7582,#7582,#7616,.T.);
#7618=ORIENTED_EDGE('',*,*,#7617,.T.);
#7619=EDGE_LOOP('',#7618);
#7620=FACE_OUTER_BOUND('',#7619,.T.);
#7621=ADVANCED_FACE('',#7620,#7613,.T.);
#7622=DIRECTION('',-0.156434,0.987688,0.);
#7623=LINE('',#7522,#7622);
#7624=DIRECTION('',0.,0.,1.);
#7625=LINE('',#7524,#7624);
#7626=DIRECTION('',0.156434,-0.987688,0.);
#7627=LINE('',#7525,#7626);
#7628=DIRECTION('',0.,0.,-1.);
#7629=LINE('',#7523,#7628);
#7630=EDGE_CURVE('',#7562,#7563,#7623,.T.);
#7631=EDGE_CURVE('',#7563,#7583,#7625,.T.);
#7632=EDGE_CURVE('',#7583,#7582,#7627,.T.);
#7633=EDGE_CURVE('',#7582,#7562,#7629,.T.);
#7634=ORIENTED_EDGE('',*,*,#7630,.T.);
#7635=ORIENTED_EDGE('',*,*,#7631,.T.);
#7636=ORIENTED_EDGE('',*,*,#7632,.T.);
#7637=ORIENTED_EDGE('',*,*,#7633,.T.);
#7638=EDGE_LOOP('',#7634,#7635,#7636,#7637);
#7639=FACE_OUTER_BOUND('',#7638,.T.);
#7640=DIRECTION('',0.987688,0.156434,0.);
#7641=ADVANCED_FACE('',#7639,#7640,.T.);
#7642=DIRECTION('',-0.453990,0.891007,0.);
#7643=LINE('',#7524,#7642);
#7644=DIRECTION('',0.,0.,1.);
#7645=LINE('',#7526,#7644);
#7646=DIRECTION('',0.453990,-0.891007,0.);
#7647=LINE('',#7527,#7646);
#7648=DIRECTION('',0.,0.,-1.);
#7649=LINE('',#7525,#7648);
#7650=EDGE_CURVE('',#7563,#7564,#7643,.T.);
#7651=EDGE_CURVE('',#7564,#7584,#7645,.T.);
#7652=EDGE_CURVE('',#7584,#7583,#7647,.T.);
#7653=EDGE_CURVE('',#7583,#7563,#7649,.T.);
#7654=ORIENTED_EDGE('',*,*,#7650,.T.);
#7655=ORIENTED_EDGE('',*,*,#7651,.T.);
#7656=ORIENTED_EDGE('',*,*,#7652,.T.);
#7657=ORIENTED_EDGE('',*,*,#7653,.T.);
#7658=EDGE_LOOP('',#7654,#7655,#7656,#7657);
#7659=FACE_OUTER_BOUND('',#7658,.T.);
#7660=DIRECTION('',0.891007,0.453990,0.);
#7661=ADVANCED_FACE('',#7659,#7660,.T.);
#7662=DIRECTION('',-0.707107,0.707107,0.);
#7663=LINE('',#7526,#7662);
#7664=DIRECTION('',0.,0.,1.);
#7665=LINE('',#7528,#7664);
#7666=DIRECTION('',0.707107,-0.707107,0.);
#7667=LINE('',#7529,#7666);
#7668=DIRECTION('',0.,0.,-1.);
#7669=LINE('',#7527,#7668);
#7670=EDGE_CURVE('',#7564,#7565,#7663,.T.);
#7671=EDGE_CURVE('',#7565,#7585,#7665,.T.);
#7672=EDGE_CURVE('',#7585,#7584,#7667,.T.);
#7673=EDGE_CURVE('',#7584,#7564,#7669,.T.);
#7674=ORIENTED_EDGE('',*,*,#7670,.T.);
#7675=ORIENTED_EDGE('',*,*,#7671,.T.);
#7676=ORIENTED_EDGE('',*,*,#7672,.T.);
#7677=ORIENTED_EDGE('',*,*,#7673,.T.);
#7678=EDGE_LOOP('',#7674,#7675,#7676,#7677);
#7679=FACE_OUTER_BOUND('',#7678,.T.);
#7680=DIRECTION('',0.707107,0.707107,0.);
#7681=ADVANCED_FACE('',#7679,#7680,.T.);
#7682=DIRECTION('',-0.891007,0.453990,0.);
#7683=LINE('',#7528,#7682);
#7684=DIRECTION('',0.,0.,1.);
#7685=LINE('',#7530,#7684);
#7686=DIRECTION('',0.891007,-0.453990,0.);
#7687=LINE('',#7531,#7686);
#7688=DIRECTION('',0.,0.,-1.);
#7689=LINE('',#7529,#7688);
#7690=EDGE_CURVE('',#7565,#7566,#7683,.T.);
#7691=EDGE_CURVE('',#7566,#7586,#7685,.T.);
#7692=EDGE_CURVE('',#7586,#7585,#7687,.T.);
#7693=EDGE_CURVE('',#7585,#7565,#7689,.T.);
#7694=ORIENTED_EDGE('',*,*,#7690,.T.);
#7695=ORIENTED_EDGE('',*,*,#7691,.T.);
#7696=ORIENTED_EDGE('',*,*,#7692,.T.);
#7697=ORIENTED_EDGE('',*,*,#7693,.T.);
#7698=EDGE_LOOP('',#7694,#7695,#7696,#7697);
#7699=FACE_OUTER_BOUND('',#7698,.T.);
#7700=DIRECTION('',0.453990,0.891007,0.);
#7701=ADVANCED_FACE('',#7699,#7700,.T.);
#7702=DIRECTION('',-0.987688,0.156434,0.);
#7703=LINE('',#7530,#7702);
#7704=DIRECTION('',0.,0.,1.);
#7705=LINE('',#7532,#7704);
#7706=DIRECTION('',0.987688,-0.156434,0.);
#7707=LINE('',#7533,#7706);
#7708=DIRECTION('',0.,0.,-1.);
#7709=LINE('',#7531,#7708);
#7710=EDGE_CURVE('',#7566,#7567,#7703,.T.);
#7711=EDGE_CURVE('',#7567,#7587,#7705,.T.);
#7712=EDGE_CURVE('',#7587,#7586,#7707,.T.);
#7713=EDGE_CURVE('',#7586,#7566,#7709,.T.);
#7714=ORIENTED_EDGE('',*,*,#7710,.T.);
#7715=ORIENTED_EDGE('',*,*,#7711,.T.);
#7716=ORIENTED_EDGE('',*,*,#7712,.T.);
#7717=ORIENTED_EDGE('',*,*,#7713,.T.);
#7718=EDGE_LOOP('',#7714,#7715,#7716,#7717);
#7719=FACE_OUTER_BOUND('',#7718,.T.);
#7720=DIRECTION('',0.156434,0.987688,0.);
#7721=ADVANCED_FACE('',#7719,#7720,.T.);
#7722=DIRECTION('',-0.987688,-0.156434,0.);
#7723=LINE('',#7532,#7722);
#7724=DIRECTION('',0.,0.,1.);
#7725=LINE('',#7534,#7724);
#7726=DIRECTION('',0.987688,0.156434,0.);
#7727=LINE('',#7535,#7726);
#7728=DIRECTION('',0.,0.,-1.);
#7729=LINE('',#7533,#7728);
#7730=EDGE_CURVE('',#7567,#7568,#7723,.T.);
#7731=EDGE_CURVE('',#7568,#7588,#7725,.T.);
#7732=EDGE_CURVE('',#7588,#7587,#7727,.T.);
#7733=EDGE_CURVE('',#7587,#7567,#7729,.T.);
#7734=ORIENTED_EDGE('',*,*,#7730,.T.);
#7735=ORIENTED_EDGE('',*,*,#7731,.T.);
#7736=ORIENTED_EDGE('',*,*,#7732,.T.);
#7737=ORIENTED_EDGE('',*,*,#7733,.T.);
#7738=EDGE_LOOP('',#7734,#7735,#7736,#7737);
#7739=FACE_OUTER_BOUND('',#7738,.T.);
#7740=DIRECTION('',-0.156434,0.987688,0.);
#7741=ADVANCED_FACE('',#7739,#7740,.T.);
#7742=DIRECTION('',-0.891007,-0.453990,0.);
#7743=LINE('',#7534,#7742);
#7744=DIRECTION('',0.,0.,1.);
#7745=LINE('',#7536,#7744);
#7746=DIRECTION('',0.891007,0.453990,0.);
#7747=LINE('',#7537,#7746);
#7748=DIRECTION('',0.,0.,-1.);
#7749=LINE('',#7535,#7748);
#7750=EDGE_CURVE('',#7568,#7569,#7743,.T.);
#7751=EDGE_CURVE('',#7569,#7589,#7745,.T.);
#7752=EDGE_CURVE('',#7589,#7588,#7747,.T.);
#7753=EDGE_CURVE('',#7588,#7568,#7749,.T.);
#7754=ORIENTED_EDGE('',*,*,#7750,.T.);
#7755=ORIENTED_EDGE('',*,*,#7751,.T.);
#7756=ORIENTED_EDGE('',*,*,#7752,.T.);
#7757=ORIENTED_EDGE('',*,*,#7753,.T.);
#7758=EDGE_LOOP('',#7754,#7755,#7756,#7757);
#7759=FACE_OUTER_BOUND('',#7758,.T.);
#7760=DIRECTION('',-0.453990,0.891007,0.);
#7761=ADVANCED_FACE('',#7759,#7760,.T.);
#7762=DIRECTION('',-0.707107,-0.707107,0.);
#7763=LINE('',#7536,#7762);
#7764=DIRECTION('',0.,0.,1.);
#7765=LINE('',#7538,#7764);
#7766=DIRECTION('',0.707107,0.707107,0.);
#7767=LINE('',#7539,#7766);
#7768=DIRECTION('',0.,0.,-1.);
#7769=LINE('',#7537,#7768);
#7770=EDGE_CURVE('',#7569,#7570,#7763,.T.);
#7771=EDGE_CURVE('',#7570,#7590,#7765,.T.);
#7772=EDGE_CURVE('',#7590,#7589,#7767,.T.);
#7773=EDGE_CURVE('',#7589,#7569,#7769,.T.);
#7774=ORIENTED_EDGE('',*,*,#7770,.T.);
#7775=ORIENTED_EDGE('',*,*,#7771,.T.);
#7776=ORIENTED_EDGE('',*,*,#7772,.T.);
#7777=ORIENTED_EDGE('',*,*,#7773,.T.);
#7778=EDGE_LOOP('',#7774,#7775,#7776,#7777);
#7779=FACE_OUTER_BOUND('',#7778,.T.);
#7780=DIRECTION('',-0.707107,0.707107,0.);
#7781=ADVANCED_FACE('',#7779,#7780,.T.);
#7782=DIRECTION('',-0.453990,-0.891007,0.);
#7783=LINE('',#7538,#7782);
#7784=DIRECTION('',0.,0.,1.);
#7785=LINE('',#7540,#7784);
#7786=DIRECTION('',0.453990,0.891007,0.);
#7787=LINE('',#7541,#7786);
#7788=DIRECTION('',0.,0.,-1.);
#7789=LINE('',#7539,#7788);
#7790=EDGE_CURVE('',#7570,#7571,#7783,.T.);
#7791=EDGE_CURVE('',#7571,#7591,#7785,.T.);
#7792=EDGE_CURVE('',#7591,#7590,#7787,.T.);
#7793=EDGE_CURVE('',#7590,#7570,#7789,.T.);
#7794=ORIENTED_EDGE('',*,*,#7790,.T.);
#7795=ORIENTED_EDGE('',*,*,#7791,.T.);
#7796=ORIENTED_EDGE('',*,*,#7792,.T.);
#7797=ORIENTED_EDGE('',*,*,#7793,.T.);
#7798=EDGE_LOOP('',#7794,#7795,#7796,#7797);
#7799=FACE_OUTER_BOUND('',#7798,.T.);
#7800=DIRECTION('',-0.891007,0.453990,0.);
#7801=ADVANCED_FACE('',#7799,#7800,.T.);
#7802=DIRECTION('',-0.156434,-0.987688,0.);
#7803=LINE('',#7540,#7802);
#7804=DIRECTION('',0.,0.,1.);
#7805=LINE('',#7542,#7804);
#7806=DIRECTION('',0.156434,0.987688,0.);
#7807=LINE('',#7543,#7806);
#7808=DIRECTION('',0.,0.,-1.);
#7809=LINE('',#7541,#7808);
#7810=EDGE_CURVE('',#7571,#7572,#7803,.T.);
#7811=EDGE_CURVE('',#7572,#7592,#7805,.T.);
#7812=EDGE_CURVE('',#7592,#7591,#7807,.T.);
#7813=EDGE_CURVE('',#7591,#7571,#7809,.T.);
#7814=ORIENTED_EDGE('',*,*,#7810,.T.);
#7815=ORIENTED_EDGE('',*,*,#7811,.T.);
#7816=ORIENTED_EDGE('',*,*,#7812,.T.);
#7817=ORIENTED_EDGE('',*,*,#7813,.T.);
#7818=EDGE_LOOP('',#7814,#7815,#7816,#7817);
#7819=FACE_OUTER_BOUND('',#7818,.T.);
#7820=DIRECTION('',-0.987688,0.156434,0.);
#7821=ADVANCED_FACE('',#7819,#7820,.T.);
#7822=DIRECTION('',0.156434,-0.987688,0.);
#7823=LINE('',#7542,#7822);
#7824=DIRECTION('',0.,0.,1.);
#7825=LINE('',#7544,#7824);
#7826=DIRECTION('',-0.156434,0.987688,0.);
#7827=LINE('',#7545,#7826);
#7828=DIRECTION('',0.,0.,-1.);
#7829=LINE('',#7543,#7828);
#7830=EDGE_CURVE('',#7572,#7573,#7823,.T.);
#7831=EDGE_CURVE('',#7573,#7593,#7825,.T.);
#7832=EDGE_CURVE('',#7593,#7592,#7827,.T.);
#7833=EDGE_CURVE('',#7592,#7572,#7829,.T.);
#7834=ORIENTED_EDGE('',*,*,#7830,.T.);
#7835=ORIENTED_EDGE('',*,*,#7831,.T.);
#7836=ORIENTED_EDGE('',*,*,#7832,.T.);
#7837=ORIENTED_EDGE('',*,*,#7833,.T.);
#7838=EDGE_LOOP('',#7834,#7835,#7836,#7837);
#7839=FACE_OUTER_BOUND('',#7838,.T.);
#7840=DIRECTION('',-0.987688,-0.156434,0.);
#7841=ADVANCED_FACE('',#7839,#7840,.T.);
#7842=DIRECTION('',0.453990,-0.891007,0.);
#7843=LINE('',#7544,#7842);
#7844=DIRECTION('',0.,0.,1.);
#7845=LINE('',#7546,#7844);
#7846=DIRECTION('',-0.453990,0.891007,0.);
#7847=LINE('',#7547,#7846);
#7848=DIRECTION('',0.,0.,-1.);
#7849=LINE('',#7545,#7848);
#7850=EDGE_CURVE('',#7573,#7574,#7843,.T.);
#7851=EDGE_CURVE('',#7574,#7594,#7845,.T.);
#7852=EDGE_CURVE('',#7594,#7593,#7847,.T.);
#7853=EDGE_CURVE('',#7593,#7573,#7849,.T.);
#7854=ORIENTED_EDGE('',*,*,#7850,.T.);
#7855=ORIENTED_EDGE('',*,*,#7851,.T.);
#7856=ORIENTED_EDGE('',*,*,#7852,.T.);
#7857=ORIENTED_EDGE('',*,*,#7853,.T.);
#7858=EDGE_LOOP('',#7854,#7855,#7856,#7857);
#7859=FACE_OUTER_BOUND('',#7858,.T.);
#7860=DIRECTION('',-0.891007,-0.453990,0.);
#7861=ADVANCED_FACE('',#7859,#7860,.T.);
#7862=DIRECTION('',0.707107,-0.707107,0.);
#7863=LINE('',#7546,#7862);
#7864=DIRECTION('',0.,0.,1.);
#7865=LINE('',#7548,#7864);
#7866=DIRECTION('',-0.707107,0.707107,0.);
#7867=LINE('',#7549,#7866);
#7868=DIRECTION('',0.,0.,-1.);
#7869=LINE('',#7547,#7868);
#7870=EDGE_CURVE('',#7574,#7575,#7863,.T.);
#7871=EDGE_CURVE('',#7575,#7595,#7865,.T.);
#7872=EDGE_CURVE('',#7595,#7594,#7867,.T.);
#7873=EDGE_CURVE('',#7594,#7574,#7869,.T.);
#7874=ORIENTED_EDGE('',*,*,#7870,.T.);
#7875=ORIENTED_EDGE('',*,*,#7871,.T.);
#7876=ORIENTED_EDGE('',*,*,#7872,.T.);
#7877=ORIENTED_EDGE('',*,*,#7873,.T.);
#7878=EDGE_LOOP('',#7874,#7875,#7876,#7877);
#7879=FACE_OUTER_BOUND('',#7878,.T.);
#7880=DIRECTION('',-0.707107,-0.707107,0.);
#7881=ADVANCED_FACE('',#7879,#7880,.T.);
#7882=DIRECTION('',0.891007,-0.453990,0.);
#7883=LINE('',#7548,#7882);
#7884=DIRECTION('',0.,0.,1.);
#7885=LINE('',#7550,#7884);
#7886=DIRECTION('',-0.891007,0.453990,0.);
#7887=LINE('',#7551,#7886);
#7888=DIRECTION('',0.,0.,-1.);
#7889=LINE('',#7549,#7888);
#7890=EDGE_CURVE('',#7575,#7576,#7883,.T.);
#7891=EDGE_CURVE('',#7576,#7596,#7885,.T.);
#7892=EDGE_CURVE('',#7596,#7595,#7887,.T.);
#7893=EDGE_CURVE('',#7595,#7575,#7889,.T.);
#7894=ORIENTED_EDGE('',*,*,#7890,.T.);
#7895=ORIENTED_EDGE('',*,*,#7891,.T.);
#7896=ORIENTED_EDGE('',*,*,#7892,.T.);
#7897=ORIENTED_EDGE('',*,*,#7893,.T.);
#7898=EDGE_LOOP('',#7894,#7895,#7896,#7897);
#7899=FACE_OUTER_BOUND('',#7898,.T.);
#7900=DIRECTION('',-0.453990,-0.891007,0.);
#7901=ADVANCED_FACE('',#7899,#7900,.T.);
#7902=DIRECTION('',0.987688,-0.156434,0.);
#7903=LINE('',#7550,#7902);
#7904=DIRECTION('',0.,0.,1.);
#7905=LINE('',#7552,#7904);
#7906=DIRECTION('',-0.987688,0.156434,0.);
#7907=LINE('',#7553,#7906);
#7908=DIRECTION('',0.,0.,-1.);
#7909=LINE('',#7551,#7908);
#7910=EDGE_CURVE('',#7576,#7577,#7903,.T.);
#7911=EDGE_CURVE('',#7577,#7597,#7905,.T.);
#7912=EDGE_CURVE('',#7597,#7596,#7907,.T.);
#7913=EDGE_CURVE('',#7596,#7576,#7909,.T.);
#7914=ORIENTED_EDGE('',*,*,#7910,.T.);
#7915=ORIENTED_EDGE('',*,*,#7911,.T.);
#7916=ORIENTED_EDGE('',*,*,#7912,.T.);
#7917=ORIENTED_EDGE('',*,*,#7913,.T.);
#7918=EDGE_LOOP('',#7914,#7915,#7916,#7917);
#7919=FACE_OUTER_BOUND('',#7918,.T.);
#7920=DIRECTION('',-0.156434,-0.987688,0.);
#7921=ADVANCED_FACE('',#7919,#7920,.T.);
#7922=DIRECTION('',0.987688,0.156434,0.);
#7923=LINE('',#7552,#7922);
#7924=DIRECTION('',0.,0.,1.);
#7925=LINE('',#7554,#7924);
#7926=DIRECTION('',-0.987688,-0.156434,0.);
#7927=LINE('',#7555,#7926);
#7928=DIRECTION('',0.,0.,-1.);
#7929=LINE('',#7553,#7928);
#7930=EDGE_CURVE('',#7577,#7578,#7923,.T.);
#7931=EDGE_CURVE('',#7578,#7598,#7925,.T.);
#7932=EDGE_CURVE('',#7598,#7597,#7927,.T.);
#7933=EDGE_CURVE('',#7597,#7577,#7929,.T.);
#7934=ORIENTED_EDGE('',*,*,#7930,.T.);
#7935=ORIENTED_EDGE('',*,*,#7931,.T.);
#7936=ORIENTED_EDGE('',*,*,#7932,.T.);
#7937=ORIENTED_EDGE('',*,*,#7933,.T.);
#7938=EDGE_LOOP('',#7934,#7935,#7936,#7937);
#7939=FACE_OUTER_BOUND('',#7938,.T.);
#7940=DIRECTION('',0.156434,-0.987688,0.);
#7941=ADVANCED_FACE('',#7939,#7940,.T.);
#7942=DIRECTION('',0.891007,0.453990,0.);
#7943=LINE('',#7554,#7942);
#7944=DIRECTION('',0.,0.,1.);
#7945=LINE('',#7556,#7944);
#7946=DIRECTION('',-0.891007,-0.453990,0.);
#7947=LINE('',#7557,#7946);
#7948=DIRECTION('',0.,0.,-1.);
#7949=LINE('',#7555,#7948);
#7950=EDGE_CURVE('',#7578,#7579,#7943,.T.);
#7951=EDGE_CURVE('',#7579,#7599,#7945,.T.);
#7952=EDGE_CURVE('',#7599,#7598,#7947,.T.);
#7953=EDGE_CURVE('',#7598,#7578,#7949,.T.);
#7954=ORIENTED_EDGE('',*,*,#7950,.T.);
#7955=ORIENTED_EDGE('',*,*,#7951,.T.);
#7956=ORIENTED_EDGE('',*,*,#7952,.T.);
#7957=ORIENTED_EDGE('',*,*,#7953,.T.);
#7958=EDGE_LOOP('',#7954,#7955,#7956,#7957);
#7959=FACE_OUTER_BOUND('',#7958,.T.);
#7960=DIRECTION('',0.453990,-0.891007,0.);
#7961=ADVANCED_FACE('',#7959,#7960,.T.);
#7962=DIRECTION('',0.707107,0.707107,0.);
#7963=LINE('',#7556,#7962);
#7964=DIRECTION('',0.,0.,1.);
#7965=LINE('',#7558,#7964);
#7966=DIRECTION('',-0.707107,-0.707107,0.);
#7967=LINE('',#7559,#7966);
#7968=DIRECTION('',0.,0.,-1.);
#7969=LINE('',#7557,#7968);
#7970=EDGE_CURVE('',#7579,#7580,#7963,.T.);
#7971=EDGE_CURVE('',#7580,#7600,#7965,.T.);
#7972=EDGE_CURVE('',#7600,#7599,#7967,.T.);
#7973=EDGE_CURVE('',#7599,#7579,#7969,.T.);
#7974=ORIENTED_EDGE('',*,*,#7970,.T.);
#7975=ORIENTED_EDGE('',*,*,#7971,.T.);
#7976=ORIENTED_EDGE('',*,*,#7972,.T.);
#7977=ORIENTED_EDGE('',*,*,#7973,.T.);
#7978=EDGE_LOOP('',#7974,#7975,#7976,#7977);
#7979=FACE_OUTER_BOUND('',#7978,.T.);
#7980=DIRECTION('',0.707107,-0.707107,0.);
#7981=ADVANCED_FACE('',#7979,#7980,.T.);
#7982=DIRECTION('',0.453990,0.891007,0.);
#7983=LINE('',#7558,#7982);
#7984=DIRECTION('',0.,0.,1.);
#7985=LINE('',#7560,#7984);
#7986=DIRECTION('',-0.453990,-0.891007,0.);
#7987=LINE('',#7561,#7986);
#7988=DIRECTION('',0.,0.,-1.);
#7989=LINE('',#7559,#7988);
#7990=EDGE_CURVE('',#7580,#7581,#7983,.T.);
#7991=EDGE_CURVE('',#7581,#7601,#7985,.T.);
#7992=EDGE_CURVE('',#7601,#7600,#7987,.T.);
#7993=EDGE_CURVE('',#7600,#7580,#7989,.T.);
#7994=ORIENTED_EDGE('',*,*,#7990,.T.);
#7995=ORIENTED_EDGE('',*,*,#7991,.T.);
#7996=ORIENTED_EDGE('',*,*,#7992,.T.);
#7997=ORIENTED_EDGE('',*,*,#7993,.T.);
#7998=EDGE_LOOP('',#7994,#7995,#7996,#7997);
#7999=FACE_OUTER_BOUND('',#7998,.T.);
#8000=DIRECTION('',0.891007,-0.453990,0.);
#8001=ADVANCED_FACE('',#7999,#8000,.T.);
#8002=DIRECTION('',0.156434,0.987688,0.);
#8003=LINE('',#7560,#8002);
#8004=DIRECTION('',0.,0.,1.);
#8005=LINE('',#7522,#8004);
#8006=DIRECTION('',-0.156434,-0.987688,0.);
#8007=LINE('',#7523,#8006);
#8008=DIRECTION('',0.,0.,-1.);
#8009=LINE('',#7561,#8008);
#8010=EDGE_CURVE('',#7581,#7562,#8003,.T.);
#8011=EDGE_CURVE('',#7562,#7582,#8005,.T.);
#8012=EDGE_CURVE('',#7582,#7601,#8007,.T.);
#8013=EDGE_CURVE('',#7601,#7581,#8009,.T.);
#8014=ORIENTED_EDGE('',*,*,#8010,.T.);
#8015=ORIENTED_EDGE('',*,*,#8011,.T.);
#8016=ORIENTED_EDGE('',*,*,#8012,.T.);
#8017=ORIENTED_EDGE('',*,*,#8013,.T.);
#8018=EDGE_LOOP('',#8014,#8015,#8016,#8017);
#8019=FACE_OUTER_BOUND('',#8018,.T.);
#8020=DIRECTION('',-0.987688,0.156434,0.);
#8021=ADVANCED_FACE('',#8019,#8020,.T.);
#8022=CLOSED_SHELL('',#7611,#7621,#7641,#7661,#7681,#7701,#7721,#7741,#7761,#7781,#7801,#7821,#7841,#7861,#7881,#7901,#7921,#7941,#7961,#7981,#8001,#8021);
#8023=MANIFOLD_SOLID_BREP('',#8022);
#8024=CARTESIAN_POINT('',(10.000000,190.000000,2.000000));
#8025=DIRECTION('',0.,0.,1.);
#8026=DIRECTION('',1.,0.,0.);
#8027=AXIS2_PLACEMENT_3D('',#8024,#8025,#8026);
#8028=ADVANCED_BREP_SHAPE_REPRESENTATION('',#8023,#8027);
#8029=CARTESIAN_POINT('',(191.600000,10.000000,2.000000));
#8030=CARTESIAN_POINT('',(191.600000,10.000000,8.000000));
#8031=CARTESIAN_POINT('',(191.521690,10.494427,2.000000));
#8032=CARTESIAN_POINT('',(191.521690,10.494427,8.000000));
#8033=CARTESIAN_POINT('',(191.294427,10.940456,2.000000));
#8034=CARTESIAN_POINT('',(191.294427,10.940456,8.000000));
#8035=CARTESIAN_POINT('',(190.940456,11.294427,2.000000));
#8036=CARTESIAN_POINT('',(190.940456,11.294427,8.000000));
#8037=CARTESIAN_POINT('',(190.494427,11.521690,2.000000));
#8038=CARTESIAN_POINT('',(190.494427,11.521690,8.000000));
#8039=CARTESIAN_POINT('',(190.000000,11.600000,2.000000));
#8040=CARTESIAN_POINT('',(190.000000,11.600000,8.000000));
#8041=CARTESIAN_POINT('',(189.505573,11.521690,2.000000));
#8042=CARTESIAN_POINT('',(189.505573,11.521690,8.000000));
#8043=CARTESIAN_POINT('',(189.059544,11.294427,2.000000));
#8044=CARTESIAN_POINT('',(189.059544,11.294427,8.000000));
#8045=CARTESIAN_POINT('',(188.705573,10.940456,2.000000));
#8046=CARTESIAN_POINT('',(188.705573,10.940456,8.000000));
#8047=CARTESIAN_POINT('',(188.478310,10.494427,2.000000));
#8048=CARTESIAN_POINT('',(188.478310,10.494427,8.000000));
#8049=CARTESIAN_POINT('',(188.400000,10.000000,2.000000));
#8050=CARTESIAN_POINT('',(188.400000,10.000000,8.000000));
#8051=CARTESIAN_POINT('',(188.478310,9.505573,2.000000));
#8052=CARTESIAN_POINT('',(188.478310,9.505573,8.000000));
#8053=CARTESIAN_POINT('',(188.705573,9.059544,2.000000));
#8054=CARTESIAN_POINT('',(188.705573,9.059544,8.000000));
#8055=CARTESIAN_POINT('',(189.059544,8.705573,2.000000));
#8056=CARTESIAN_POINT('',(189.059544,8.705573,8.000000));
#8057=CARTESIAN_POINT('',(189.505573,8.478310,2.000000));
#8058=CARTESIAN_POINT('',(189.505573,8.478310,8.000000));
#8059=CARTESIAN_POINT('',(190.000000,8.400000,2.000000));
#8060=CARTESIAN_POINT('',(190.000000,8.400000,8.000000));
#8061=CARTESIAN_POINT('',(190.494427,8.478310,2.000000));
#8062=CARTESIAN_POINT('',(190.494427,8.478310,8.000000));
#8063=CARTESIAN_POINT('',(190.940456,8.705573,2.000000));
#8064=CARTESIAN_POINT('',(190.940456,8.705573,8.000000));
#8065=CARTESIAN_POINT('',(191.294427,9.059544,2.000000));
#8066=CARTESIAN_POINT('',(191.294427,9.059544,8.000000));
#8067=CARTESIAN_POINT('',(191.521690,9.505573,2.000000));
#8068=CARTESIAN_POINT('',(191.521690,9.505573,8.000000));
#8069=VERTEX_POINT('',#8029);
#8070=VERTEX_POINT('',#8031);
#8071=VERTEX_POINT('',#8033);
#8072=VERTEX_POINT('',#8035);
#8073=VERTEX_POINT('',#8037);
#8074=VERTEX_POINT('',#8039);
#8075=VERTEX_POINT('',#8041);
#8076=VERTEX_POINT('',#8043);
#8077=VERTEX_POINT('',#8045);
#8078=VERTEX_POINT('',#8047);
#8079=VERTEX_POINT('',#8049);
#8080=VERTEX_POINT('',#8051);
#8081=VERTEX_POINT('',#8053);
#8082=VERTEX_POINT('',#8055);
#8083=VERTEX_POINT('',#8057);
#8084=VERTEX_POINT('',#8059);
#8085=VERTEX_POINT('',#8061);
#8086=VERTEX_POINT('',#8063);
#8087=VERTEX_POINT('',#8065);
#8088=VERTEX_POINT('',#8067);
#8089=VERTEX_POINT('',#8030);
#8090=VERTEX_POINT('',#8032);
#8091=VERTEX_POINT('',#8034);
#8092=VERTEX_POINT('',#8036);
#8093=VERTEX_POINT('',#8038);
#8094=VERTEX_POINT('',#8040);
#8095=VERTEX_POINT('',#8042);
#8096=VERTEX_POINT('',#8044);
#8097=VERTEX_POINT('',#8046);
#8098=VERTEX_POINT('',#8048);
#8099=VERTEX_POINT('',#8050);
#8100=VERTEX_POINT('',#8052);
#8101=VERTEX_POINT('',#8054);
#8102=VERTEX_POINT('',#8056);
#8103=VERTEX_POINT('',#8058);
#8104=VERTEX_POINT('',#8060);
#8105=VERTEX_POINT('',#8062);
#8106=VERTEX_POINT('',#8064);
#8107=VERTEX_POINT('',#8066);
#8108=VERTEX_POINT('',#8068);
#8109=CARTESIAN_POINT('',(190.000000,10.000000,2.000000));
#8110=DIRECTION('',0.,0.,-1.);
#8111=DIRECTION('',1.,0.,0.);
#8112=AXIS2_PLACEMENT_3D('',#8109,#8110,#8111);
#8113=CIRCLE('',#8112,1.600000);
#8114=EDGE_CURVE('',#8069,#8069,#8113,.T.);
#8115=ORIENTED_EDGE('',*,*,#8114,.T.);
#8116=EDGE_LOOP('',#8115);
#8117=FACE_OUTER_BOUND('',#8116,.T.);
#8118=ADVANCED_FACE('',#8117,#8110,.T.);
#8119=CARTESIAN_POINT('',(190.000000,10.000000,8.000000));
#8120=DIRECTION('',0.,0.,1.);
#8121=DIRECTION('',1.,0.,0.);
#8122=AXIS2_PLACEMENT_3D('',#8119,#8120,#8121);
#8123=CIRCLE('',#8122,1.600000);
#8124=EDGE_CURVE('',#8089,#8089,#8123,.T.);
#8125=ORIENTED_EDGE('',*,*,#8124,.T.);
#8126=EDGE_LOOP('',#8125);
#8127=FACE_OUTER_BOUND('',#8126,.T.);
#8128=ADVANCED_FACE('',#8127,#8120,.T.);
#8129=DIRECTION('',-0.156434,0.987688,0.);
#8130=LINE('',#8029,#8129);
#8131=DIRECTION('',0.,0.,1.);
#8132=LINE('',#8031,#8131);
#8133=DIRECTION('',0.156434,-0.987688,0.);
#8134=LINE('',#8032,#8133);
#8135=DIRECTION('',0.,0.,-1.);
#8136=LINE('',#8030,#8135);
#8137=EDGE_CURVE('',#8069,#8070,#8130,.T.);
#8138=EDGE_CURVE('',#8070,#8090,#8132,.T.);
#8139=EDGE_CURVE('',#8090,#8089,#8134,.T.);
#8140=EDGE_CURVE('',#8089,#8069,#8136,.T.);
#8141=ORIENTED_EDGE('',*,*,#8137,.T.);
#8142=ORIENTED_EDGE('',*,*,#8138,.T.);
#8143=ORIENTED_EDGE('',*,*,#8139,.T.);
#8144=ORIENTED_EDGE('',*,*,#8140,.T.);
#8145=EDGE_LOOP('',#8141,#8142,#8143,#8144);
#8146=FACE_OUTER_BOUND('',#8145,.T.);
#8147=DIRECTION('',0.987688,0.156434,0.);
#8148=ADVANCED_FACE('',#8146,#8147,.T.);
#8149=DIRECTION('',-0.453990,0.891007,0.);
#8150=LINE('',#8031,#8149);
#8151=DIRECTION('',0.,0.,1.);
#8152=LINE('',#8033,#8151);
#8153=DIRECTION('',0.453990,-0.891007,0.);
#8154=LINE('',#8034,#8153);
#8155=DIRECTION('',0.,0.,-1.);
#8156=LINE('',#8032,#8155);
#8157=EDGE_CURVE('',#8070,#8071,#8150,.T.);
#8158=EDGE_CURVE('',#8071,#8091,#8152,.T.);
#8159=EDGE_CURVE('',#8091,#8090,#8154,.T.);
#8160=EDGE_CURVE('',#8090,#8070,#8156,.T.);
#8161=ORIENTED_EDGE('',*,*,#8157,.T.);
#8162=ORIENTED_EDGE('',*,*,#8158,.T.);
#8163=ORIENTED_EDGE('',*,*,#8159,.T.);
#8164=ORIENTED_EDGE('',*,*,#8160,.T.);
#8165=EDGE_LOOP('',#8161,#8162,#8163,#8164);
#8166=FACE_OUTER_BOUND('',#8165,.T.);
#8167=DIRECTION('',0.891007,0.453990,0.);
#8168=ADVANCED_FACE('',#8166,#8167,.T.);
#8169=DIRECTION('',-0.707107,0.707107,0.);
#8170=LINE('',#8033,#8169);
#8171=DIRECTION('',0.,0.,1.);
#8172=LINE('',#8035,#8171);
#8173=DIRECTION('',0.707107,-0.707107,0.);
#8174=LINE('',#8036,#8173);
#8175=DIRECTION('',0.,0.,-1.);
#8176=LINE('',#8034,#8175);
#8177=EDGE_CURVE('',#8071,#8072,#8170,.T.);
#8178=EDGE_CURVE('',#8072,#8092,#8172,.T.);
#8179=EDGE_CURVE('',#8092,#8091,#8174,.T.);
#8180=EDGE_CURVE('',#8091,#8071,#8176,.T.);
#8181=ORIENTED_EDGE('',*,*,#8177,.T.);
#8182=ORIENTED_EDGE('',*,*,#8178,.T.);
#8183=ORIENTED_EDGE('',*,*,#8179,.T.);
#8184=ORIENTED_EDGE('',*,*,#8180,.T.);
#8185=EDGE_LOOP('',#8181,#8182,#8183,#8184);
#8186=FACE_OUTER_BOUND('',#8185,.T.);
#8187=DIRECTION('',0.707107,0.707107,0.);
#8188=ADVANCED_FACE('',#8186,#8187,.T.);
#8189=DIRECTION('',-0.891007,0.453990,0.);
#8190=LINE('',#8035,#8189);
#8191=DIRECTION('',0.,0.,1.);
#8192=LINE('',#8037,#8191);
#8193=DIRECTION('',0.891007,-0.453990,0.);
#8194=LINE('',#8038,#8193);
#8195=DIRECTION('',0.,0.,-1.);
#8196=LINE('',#8036,#8195);
#8197=EDGE_CURVE('',#8072,#8073,#8190,.T.);
#8198=EDGE_CURVE('',#8073,#8093,#8192,.T.);
#8199=EDGE_CURVE('',#8093,#8092,#8194,.T.);
#8200=EDGE_CURVE('',#8092,#8072,#8196,.T.);
#8201=ORIENTED_EDGE('',*,*,#8197,.T.);
#8202=ORIENTED_EDGE('',*,*,#8198,.T.);
#8203=ORIENTED_EDGE('',*,*,#8199,.T.);
#8204=ORIENTED_EDGE('',*,*,#8200,.T.);
#8205=EDGE_LOOP('',#8201,#8202,#8203,#8204);
#8206=FACE_OUTER_BOUND('',#8205,.T.);
#8207=DIRECTION('',0.453990,0.891007,0.);
#8208=ADVANCED_FACE('',#8206,#8207,.T.);
#8209=DIRECTION('',-0.987688,0.156434,0.);
#8210=LINE('',#8037,#8209);
#8211=DIRECTION('',0.,0.,1.);
#8212=LINE('',#8039,#8211);
#8213=DIRECTION('',0.987688,-0.156434,0.);
#8214=LINE('',#8040,#8213);
#8215=DIRECTION('',0.,0.,-1.);
#8216=LINE('',#8038,#8215);
#8217=EDGE_CURVE('',#8073,#8074,#8210,.T.);
#8218=EDGE_CURVE('',#8074,#8094,#8212,.T.);
#8219=EDGE_CURVE('',#8094,#8093,#8214,.T.);
#8220=EDGE_CURVE('',#8093,#8073,#8216,.T.);
#8221=ORIENTED_EDGE('',*,*,#8217,.T.);
#8222=ORIENTED_EDGE('',*,*,#8218,.T.);
#8223=ORIENTED_EDGE('',*,*,#8219,.T.);
#8224=ORIENTED_EDGE('',*,*,#8220,.T.);
#8225=EDGE_LOOP('',#8221,#8222,#8223,#8224);
#8226=FACE_OUTER_BOUND('',#8225,.T.);
#8227=DIRECTION('',0.156434,0.987688,0.);
#8228=ADVANCED_FACE('',#8226,#8227,.T.);
#8229=DIRECTION('',-0.987688,-0.156434,0.);
#8230=LINE('',#8039,#8229);
#8231=DIRECTION('',0.,0.,1.);
#8232=LINE('',#8041,#8231);
#8233=DIRECTION('',0.987688,0.156434,0.);
#8234=LINE('',#8042,#8233);
#8235=DIRECTION('',0.,0.,-1.);
#8236=LINE('',#8040,#8235);
#8237=EDGE_CURVE('',#8074,#8075,#8230,.T.);
#8238=EDGE_CURVE('',#8075,#8095,#8232,.T.);
#8239=EDGE_CURVE('',#8095,#8094,#8234,.T.);
#8240=EDGE_CURVE('',#8094,#8074,#8236,.T.);
#8241=ORIENTED_EDGE('',*,*,#8237,.T.);
#8242=ORIENTED_EDGE('',*,*,#8238,.T.);
#8243=ORIENTED_EDGE('',*,*,#8239,.T.);
#8244=ORIENTED_EDGE('',*,*,#8240,.T.);
#8245=EDGE_LOOP('',#8241,#8242,#8243,#8244);
#8246=FACE_OUTER_BOUND('',#8245,.T.);
#8247=DIRECTION('',-0.156434,0.987688,0.);
#8248=ADVANCED_FACE('',#8246,#8247,.T.);
#8249=DIRECTION('',-0.891007,-0.453990,0.);
#8250=LINE('',#8041,#8249);
#8251=DIRECTION('',0.,0.,1.);
#8252=LINE('',#8043,#8251);
#8253=DIRECTION('',0.891007,0.453990,0.);
#8254=LINE('',#8044,#8253);
#8255=DIRECTION('',0.,0.,-1.);
#8256=LINE('',#8042,#8255);
#8257=EDGE_CURVE('',#8075,#8076,#8250,.T.);
#8258=EDGE_CURVE('',#8076,#8096,#8252,.T.);
#8259=EDGE_CURVE('',#8096,#8095,#8254,.T.);
#8260=EDGE_CURVE('',#8095,#8075,#8256,.T.);
#8261=ORIENTED_EDGE('',*,*,#8257,.T.);
#8262=ORIENTED_EDGE('',*,*,#8258,.T.);
#8263=ORIENTED_EDGE('',*,*,#8259,.T.);
#8264=ORIENTED_EDGE('',*,*,#8260,.T.);
#8265=EDGE_LOOP('',#8261,#8262,#8263,#8264);
#8266=FACE_OUTER_BOUND('',#8265,.T.);
#8267=DIRECTION('',-0.453990,0.891007,0.);
#8268=ADVANCED_FACE('',#8266,#8267,.T.);
#8269=DIRECTION('',-0.707107,-0.707107,0.);
#8270=LINE('',#8043,#8269);
#8271=DIRECTION('',0.,0.,1.);
#8272=LINE('',#8045,#8271);
#8273=DIRECTION('',0.707107,0.707107,0.);
#8274=LINE('',#8046,#8273);
#8275=DIRECTION('',0.,0.,-1.);
#8276=LINE('',#8044,#8275);
#8277=EDGE_CURVE('',#8076,#8077,#8270,.T.);
#8278=EDGE_CURVE('',#8077,#8097,#8272,.T.);
#8279=EDGE_CURVE('',#8097,#8096,#8274,.T.);
#8280=EDGE_CURVE('',#8096,#8076,#8276,.T.);
#8281=ORIENTED_EDGE('',*,*,#8277,.T.);
#8282=ORIENTED_EDGE('',*,*,#8278,.T.);
#8283=ORIENTED_EDGE('',*,*,#8279,.T.);
#8284=ORIENTED_EDGE('',*,*,#8280,.T.);
#8285=EDGE_LOOP('',#8281,#8282,#8283,#8284);
#8286=FACE_OUTER_BOUND('',#8285,.T.);
#8287=DIRECTION('',-0.707107,0.707107,0.);
#8288=ADVANCED_FACE('',#8286,#8287,.T.);
#8289=DIRECTION('',-0.453990,-0.891007,0.);
#8290=LINE('',#8045,#8289);
#8291=DIRECTION('',0.,0.,1.);
#8292=LINE('',#8047,#8291);
#8293=DIRECTION('',0.453990,0.891007,0.);
#8294=LINE('',#8048,#8293);
#8295=DIRECTION('',0.,0.,-1.);
#8296=LINE('',#8046,#8295);
#8297=EDGE_CURVE('',#8077,#8078,#8290,.T.);
#8298=EDGE_CURVE('',#8078,#8098,#8292,.T.);
#8299=EDGE_CURVE('',#8098,#8097,#8294,.T.);
#8300=EDGE_CURVE('',#8097,#8077,#8296,.T.);
#8301=ORIENTED_EDGE('',*,*,#8297,.T.);
#8302=ORIENTED_EDGE('',*,*,#8298,.T.);
#8303=ORIENTED_EDGE('',*,*,#8299,.T.);
#8304=ORIENTED_EDGE('',*,*,#8300,.T.);
#8305=EDGE_LOOP('',#8301,#8302,#8303,#8304);
#8306=FACE_OUTER_BOUND('',#8305,.T.);
#8307=DIRECTION('',-0.891007,0.453990,0.);
#8308=ADVANCED_FACE('',#8306,#8307,.T.);
#8309=DIRECTION('',-0.156434,-0.987688,0.);
#8310=LINE('',#8047,#8309);
#8311=DIRECTION('',0.,0.,1.);
#8312=LINE('',#8049,#8311);
#8313=DIRECTION('',0.156434,0.987688,0.);
#8314=LINE('',#8050,#8313);
#8315=DIRECTION('',0.,0.,-1.);
#8316=LINE('',#8048,#8315);
#8317=EDGE_CURVE('',#8078,#8079,#8310,.T.);
#8318=EDGE_CURVE('',#8079,#8099,#8312,.T.);
#8319=EDGE_CURVE('',#8099,#8098,#8314,.T.);
#8320=EDGE_CURVE('',#8098,#8078,#8316,.T.);
#8321=ORIENTED_EDGE('',*,*,#8317,.T.);
#8322=ORIENTED_EDGE('',*,*,#8318,.T.);
#8323=ORIENTED_EDGE('',*,*,#8319,.T.);
#8324=ORIENTED_EDGE('',*,*,#8320,.T.);
#8325=EDGE_LOOP('',#8321,#8322,#8323,#8324);
#8326=FACE_OUTER_BOUND('',#8325,.T.);
#8327=DIRECTION('',-0.987688,0.156434,0.);
#8328=ADVANCED_FACE('',#8326,#8327,.T.);
#8329=DIRECTION('',0.156434,-0.987688,0.);
#8330=LINE('',#8049,#8329);
#8331=DIRECTION('',0.,0.,1.);
#8332=LINE('',#8051,#8331);
#8333=DIRECTION('',-0.156434,0.987688,0.);
#8334=LINE('',#8052,#8333);
#8335=DIRECTION('',0.,0.,-1.);
#8336=LINE('',#8050,#8335);
#8337=EDGE_CURVE('',#8079,#8080,#8330,.T.);
#8338=EDGE_CURVE('',#8080,#8100,#8332,.T.);
#8339=EDGE_CURVE('',#8100,#8099,#8334,.T.);
#8340=EDGE_CURVE('',#8099,#8079,#8336,.T.);
#8341=ORIENTED_EDGE('',*,*,#8337,.T.);
#8342=ORIENTED_EDGE('',*,*,#8338,.T.);
#8343=ORIENTED_EDGE('',*,*,#8339,.T.);
#8344=ORIENTED_EDGE('',*,*,#8340,.T.);
#8345=EDGE_LOOP('',#8341,#8342,#8343,#8344);
#8346=FACE_OUTER_BOUND('',#8345,.T.);
#8347=DIRECTION('',-0.987688,-0.156434,0.);
#8348=ADVANCED_FACE('',#8346,#8347,.T.);
#8349=DIRECTION('',0.453990,-0.891007,0.);
#8350=LINE('',#8051,#8349);
#8351=DIRECTION('',0.,0.,1.);
#8352=LINE('',#8053,#8351);
#8353=DIRECTION('',-0.453990,0.891007,0.);
#8354=LINE('',#8054,#8353);
#8355=DIRECTION('',0.,0.,-1.);
#8356=LINE('',#8052,#8355);
#8357=EDGE_CURVE('',#8080,#8081,#8350,.T.);
#8358=EDGE_CURVE('',#8081,#8101,#8352,.T.);
#8359=EDGE_CURVE('',#8101,#8100,#8354,.T.);
#8360=EDGE_CURVE('',#8100,#8080,#8356,.T.);
#8361=ORIENTED_EDGE('',*,*,#8357,.T.);
#8362=ORIENTED_EDGE('',*,*,#8358,.T.);
#8363=ORIENTED_EDGE('',*,*,#8359,.T.);
#8364=ORIENTED_EDGE('',*,*,#8360,.T.);
#8365=EDGE_LOOP('',#8361,#8362,#8363,#8364);
#8366=FACE_OUTER_BOUND('',#8365,.T.);
#8367=DIRECTION('',-0.891007,-0.453990,0.);
#8368=ADVANCED_FACE('',#8366,#8367,.T.);
#8369=DIRECTION('',0.707107,-0.707107,0.);
#8370=LINE('',#8053,#8369);
#8371=DIRECTION('',0.,0.,1.);
#8372=LINE('',#8055,#8371);
#8373=DIRECTION('',-0.707107,0.707107,0.);
#8374=LINE('',#8056,#8373);
#8375=DIRECTION('',0.,0.,-1.);
#8376=LINE('',#8054,#8375);
#8377=EDGE_CURVE('',#8081,#8082,#8370,.T.);
#8378=EDGE_CURVE('',#8082,#8102,#8372,.T.);
#8379=EDGE_CURVE('',#8102,#8101,#8374,.T.);
#8380=EDGE_CURVE('',#8101,#8081,#8376,.T.);
#8381=ORIENTED_EDGE('',*,*,#8377,.T.);
#8382=ORIENTED_EDGE('',*,*,#8378,.T.);
#8383=ORIENTED_EDGE('',*,*,#8379,.T.);
#8384=ORIENTED_EDGE('',*,*,#8380,.T.);
#8385=EDGE_LOOP('',#8381,#8382,#8383,#8384);
#8386=FACE_OUTER_BOUND('',#8385,.T.);
#8387=DIRECTION('',-0.707107,-0.707107,0.);
#8388=ADVANCED_FACE('',#8386,#8387,.T.);
#8389=DIRECTION('',0.891007,-0.453990,0.);
#8390=LINE('',#8055,#8389);
#8391=DIRECTION('',0.,0.,1.);
#8392=LINE('',#8057,#8391);
#8393=DIRECTION('',-0.891007,0.453990,0.);
#8394=LINE('',#8058,#8393);
#8395=DIRECTION('',0.,0.,-1.);
#8396=LINE('',#8056,#8395);
#8397=EDGE_CURVE('',#8082,#8083,#8390,.T.);
#8398=EDGE_CURVE('',#8083,#8103,#8392,.T.);
#8399=EDGE_CURVE('',#8103,#8102,#8394,.T.);
#8400=EDGE_CURVE('',#8102,#8082,#8396,.T.);
#8401=ORIENTED_EDGE('',*,*,#8397,.T.);
#8402=ORIENTED_EDGE('',*,*,#8398,.T.);
#8403=ORIENTED_EDGE('',*,*,#8399,.T.);
#8404=ORIENTED_EDGE('',*,*,#8400,.T.);
#8405=EDGE_LOOP('',#8401,#8402,#8403,#8404);
#8406=FACE_OUTER_BOUND('',#8405,.T.);
#8407=DIRECTION('',-0.453990,-0.891007,0.);
#8408=ADVANCED_FACE('',#8406,#8407,.T.);
#8409=DIRECTION('',0.987688,-0.156434,0.);
#8410=LINE('',#8057,#8409);
#8411=DIRECTION('',0.,0.,1.);
#8412=LINE('',#8059,#8411);
#8413=DIRECTION('',-0.987688,0.156434,0.);
#8414=LINE('',#8060,#8413);
#8415=DIRECTION('',0.,0.,-1.);
#8416=LINE('',#8058,#8415);
#8417=EDGE_CURVE('',#8083,#8084,#8410,.T.);
#8418=EDGE_CURVE('',#8084,#8104,#8412,.T.);
#8419=EDGE_CURVE('',#8104,#8103,#8414,.T.);
#8420=EDGE_CURVE('',#8103,#8083,#8416,.T.);
#8421=ORIENTED_EDGE('',*,*,#8417,.T.);
#8422=ORIENTED_EDGE('',*,*,#8418,.T.);
#8423=ORIENTED_EDGE('',*,*,#8419,.T.);
#8424=ORIENTED_EDGE('',*,*,#8420,.T.);
#8425=EDGE_LOOP('',#8421,#8422,#8423,#8424);
#8426=FACE_OUTER_BOUND('',#8425,.T.);
#8427=DIRECTION('',-0.156434,-0.987688,0.);
#8428=ADVANCED_FACE('',#8426,#8427,.T.);
#8429=DIRECTION('',0.987688,0.156434,0.);
#8430=LINE('',#8059,#8429);
#8431=DIRECTION('',0.,0.,1.);
#8432=LINE('',#8061,#8431);
#8433=DIRECTION('',-0.987688,-0.156434,0.);
#8434=LINE('',#8062,#8433);
#8435=DIRECTION('',0.,0.,-1.);
#8436=LINE('',#8060,#8435);
#8437=EDGE_CURVE('',#8084,#8085,#8430,.T.);
#8438=EDGE_CURVE('',#8085,#8105,#8432,.T.);
#8439=EDGE_CURVE('',#8105,#8104,#8434,.T.);
#8440=EDGE_CURVE('',#8104,#8084,#8436,.T.);
#8441=ORIENTED_EDGE('',*,*,#8437,.T.);
#8442=ORIENTED_EDGE('',*,*,#8438,.T.);
#8443=ORIENTED_EDGE('',*,*,#8439,.T.);
#8444=ORIENTED_EDGE('',*,*,#8440,.T.);
#8445=EDGE_LOOP('',#8441,#8442,#8443,#8444);
#8446=FACE_OUTER_BOUND('',#8445,.T.);
#8447=DIRECTION('',0.156434,-0.987688,0.);
#8448=ADVANCED_FACE('',#8446,#8447,.T.);
#8449=DIRECTION('',0.891007,0.453990,0.);
#8450=LINE('',#8061,#8449);
#8451=DIRECTION('',0.,0.,1.);
#8452=LINE('',#8063,#8451);
#8453=DIRECTION('',-0.891007,-0.453990,0.);
#8454=LINE('',#8064,#8453);
#8455=DIRECTION('',0.,0.,-1.);
#8456=LINE('',#8062,#8455);
#8457=EDGE_CURVE('',#8085,#8086,#8450,.T.);
#8458=EDGE_CURVE('',#8086,#8106,#8452,.T.);
#8459=EDGE_CURVE('',#8106,#8105,#8454,.T.);
#8460=EDGE_CURVE('',#8105,#8085,#8456,.T.);
#8461=ORIENTED_EDGE('',*,*,#8457,.T.);
#8462=ORIENTED_EDGE('',*,*,#8458,.T.);
#8463=ORIENTED_EDGE('',*,*,#8459,.T.);
#8464=ORIENTED_EDGE('',*,*,#8460,.T.);
#8465=EDGE_LOOP('',#8461,#8462,#8463,#8464);
#8466=FACE_OUTER_BOUND('',#8465,.T.);
#8467=DIRECTION('',0.453990,-0.891007,0.);
#8468=ADVANCED_FACE('',#8466,#8467,.T.);
#8469=DIRECTION('',0.707107,0.707107,0.);
#8470=LINE('',#8063,#8469);
#8471=DIRECTION('',0.,0.,1.);
#8472=LINE('',#8065,#8471);
#8473=DIRECTION('',-0.707107,-0.707107,0.);
#8474=LINE('',#8066,#8473);
#8475=DIRECTION('',0.,0.,-1.);
#8476=LINE('',#8064,#8475);
#8477=EDGE_CURVE('',#8086,#8087,#8470,.T.);
#8478=EDGE_CURVE('',#8087,#8107,#8472,.T.);
#8479=EDGE_CURVE('',#8107,#8106,#8474,.T.);
#8480=EDGE_CURVE('',#8106,#8086,#8476,.T.);
#8481=ORIENTED_EDGE('',*,*,#8477,.T.);
#8482=ORIENTED_EDGE('',*,*,#8478,.T.);
#8483=ORIENTED_EDGE('',*,*,#8479,.T.);
#8484=ORIENTED_EDGE('',*,*,#8480,.T.);
#8485=EDGE_LOOP('',#8481,#8482,#8483,#8484);
#8486=FACE_OUTER_BOUND('',#8485,.T.);
#8487=DIRECTION('',0.707107,-0.707107,0.);
#8488=ADVANCED_FACE('',#8486,#8487,.T.);
#8489=DIRECTION('',0.453990,0.891007,0.);
#8490=LINE('',#8065,#8489);
#8491=DIRECTION('',0.,0.,1.);
#8492=LINE('',#8067,#8491);
#8493=DIRECTION('',-0.453990,-0.891007,0.);
#8494=LINE('',#8068,#8493);
#8495=DIRECTION('',0.,0.,-1.);
#8496=LINE('',#8066,#8495);
#8497=EDGE_CURVE('',#8087,#8088,#8490,.T.);
#8498=EDGE_CURVE('',#8088,#8108,#8492,.T.);
#8499=EDGE_CURVE('',#8108,#8107,#8494,.T.);
#8500=EDGE_CURVE('',#8107,#8087,#8496,.T.);
#8501=ORIENTED_EDGE('',*,*,#8497,.T.);
#8502=ORIENTED_EDGE('',*,*,#8498,.T.);
#8503=ORIENTED_EDGE('',*,*,#8499,.T.);
#8504=ORIENTED_EDGE('',*,*,#8500,.T.);
#8505=EDGE_LOOP('',#8501,#8502,#8503,#8504);
#8506=FACE_OUTER_BOUND('',#8505,.T.);
#8507=DIRECTION('',0.891007,-0.453990,0.);
#8508=ADVANCED_FACE('',#8506,#8507,.T.);
#8509=DIRECTION('',0.156434,0.987688,0.);
#8510=LINE('',#8067,#8509);
#8511=DIRECTION('',0.,0.,1.);
#8512=LINE('',#8029,#8511);
#8513=DIRECTION('',-0.156434,-0.987688,0.);
#8514=LINE('',#8030,#8513);
#8515=DIRECTION('',0.,0.,-1.);
#8516=LINE('',#8068,#8515);
#8517=EDGE_CURVE('',#8088,#8069,#8510,.T.);
#8518=EDGE_CURVE('',#8069,#8089,#8512,.T.);
#8519=EDGE_CURVE('',#8089,#8108,#8514,.T.);
#8520=EDGE_CURVE('',#8108,#8088,#8516,.T.);
#8521=ORIENTED_EDGE('',*,*,#8517,.T.);
#8522=ORIENTED_EDGE('',*,*,#8518,.T.);
#8523=ORIENTED_EDGE('',*,*,#8519,.T.);
#8524=ORIENTED_EDGE('',*,*,#8520,.T.);
#8525=EDGE_LOOP('',#8521,#8522,#8523,#8524);
#8526=FACE_OUTER_BOUND('',#8525,.T.);
#8527=DIRECTION('',-0.987688,0.156434,0.);
#8528=ADVANCED_FACE('',#8526,#8527,.T.);
#8529=CLOSED_SHELL('',#8118,#8128,#8148,#8168,#8188,#8208,#8228,#8248,#8268,#8288,#8308,#8328,#8348,#8368,#8388,#8408,#8428,#8448,#8468,#8488,#8508,#8528);
#8530=MANIFOLD_SOLID_BREP('',#8529);
#8531=CARTESIAN_POINT('',(190.000000,10.000000,2.000000));
#8532=DIRECTION('',0.,0.,1.);
#8533=DIRECTION('',1.,0.,0.);
#8534=AXIS2_PLACEMENT_3D('',#8531,#8532,#8533);
#8535=ADVANCED_BREP_SHAPE_REPRESENTATION('',#8530,#8534);
#8536=CARTESIAN_POINT('',(191.600000,190.000000,2.000000));
#8537=CARTESIAN_POINT('',(191.600000,190.000000,8.000000));
#8538=CARTESIAN_POINT('',(191.521690,190.494427,2.000000));
#8539=CARTESIAN_POINT('',(191.521690,190.494427,8.000000));
#8540=CARTESIAN_POINT('',(191.294427,190.940456,2.000000));
#8541=CARTESIAN_POINT('',(191.294427,190.940456,8.000000));
#8542=CARTESIAN_POINT('',(190.940456,191.294427,2.000000));
#8543=CARTESIAN_POINT('',(190.940456,191.294427,8.000000));
#8544=CARTESIAN_POINT('',(190.494427,191.521690,2.000000));
#8545=CARTESIAN_POINT('',(190.494427,191.521690,8.000000));
#8546=CARTESIAN_POINT('',(190.000000,191.600000,2.000000));
#8547=CARTESIAN_POINT('',(190.000000,191.600000,8.000000));
#8548=CARTESIAN_POINT('',(189.505573,191.521690,2.000000));
#8549=CARTESIAN_POINT('',(189.505573,191.521690,8.000000));
#8550=CARTESIAN_POINT('',(189.059544,191.294427,2.000000));
#8551=CARTESIAN_POINT('',(189.059544,191.294427,8.000000));
#8552=CARTESIAN_POINT('',(188.705573,190.940456,2.000000));
#8553=CARTESIAN_POINT('',(188.705573,190.940456,8.000000));
#8554=CARTESIAN_POINT('',(188.478310,190.494427,2.000000));
#8555=CARTESIAN_POINT('',(188.478310,190.494427,8.000000));
#8556=CARTESIAN_POINT('',(188.400000,190.000000,2.000000));
#8557=CARTESIAN_POINT('',(188.400000,190.000000,8.000000));
#8558=CARTESIAN_POINT('',(188.478310,189.505573,2.000000));
#8559=CARTESIAN_POINT('',(188.478310,189.505573,8.000000));
#8560=CARTESIAN_POINT('',(188.705573,189.059544,2.000000));
#8561=CARTESIAN_POINT('',(188.705573,189.059544,8.000000));
#8562=CARTESIAN_POINT('',(189.059544,188.705573,2.000000));
#8563=CARTESIAN_POINT('',(189.059544,188.705573,8.000000));
#8564=CARTESIAN_POINT('',(189.505573,188.478310,2.000000));
#8565=CARTESIAN_POINT('',(189.505573,188.478310,8.000000));
#8566=CARTESIAN_POINT('',(190.000000,188.400000,2.000000));
#8567=CARTESIAN_POINT('',(190.000000,188.400000,8.000000));
#8568=CARTESIAN_POINT('',(190.494427,188.478310,2.000000));
#8569=CARTESIAN_POINT('',(190.494427,188.478310,8.000000));
#8570=CARTESIAN_POINT('',(190.940456,188.705573,2.000000));
#8571=CARTESIAN_POINT('',(190.940456,188.705573,8.000000));
#8572=CARTESIAN_POINT('',(191.294427,189.059544,2.000000));
#8573=CARTESIAN_POINT('',(191.294427,189.059544,8.000000));
#8574=CARTESIAN_POINT('',(191.521690,189.505573,2.000000));
#8575=CARTESIAN_POINT('',(191.521690,189.505573,8.000000));
#8576=VERTEX_POINT('',#8536);
#8577=VERTEX_POINT('',#8538);
#8578=VERTEX_POINT('',#8540);
#8579=VERTEX_POINT('',#8542);
#8580=VERTEX_POINT('',#8544);
#8581=VERTEX_POINT('',#8546);
#8582=VERTEX_POINT('',#8548);
#8583=VERTEX_POINT('',#8550);
#8584=VERTEX_POINT('',#8552);
#8585=VERTEX_POINT('',#8554);
#8586=VERTEX_POINT('',#8556);
#8587=VERTEX_POINT('',#8558);
#8588=VERTEX_POINT('',#8560);
#8589=VERTEX_POINT('',#8562);
#8590=VERTEX_POINT('',#8564);
#8591=VERTEX_POINT('',#8566);
#8592=VERTEX_POINT('',#8568);
#8593=VERTEX_POINT('',#8570);
#8594=VERTEX_POINT('',#8572);
#8595=VERTEX_POINT('',#8574);
#8596=VERTEX_POINT('',#8537);
#8597=VERTEX_POINT('',#8539);
#8598=VERTEX_POINT('',#8541);
#8599=VERTEX_POINT('',#8543);
#8600=VERTEX_POINT('',#8545);
#8601=VERTEX_POINT('',#8547);
#8602=VERTEX_POINT('',#8549);
#8603=VERTEX_POINT('',#8551);
#8604=VERTEX_POINT('',#8553);
#8605=VERTEX_POINT('',#8555);
#8606=VERTEX_POINT('',#8557);
#8607=VERTEX_POINT('',#8559);
#8608=VERTEX_POINT('',#8561);
#8609=VERTEX_POINT('',#8563);
#8610=VERTEX_POINT('',#8565);
#8611=VERTEX_POINT('',#8567);
#8612=VERTEX_POINT('',#8569);
#8613=VERTEX_POINT('',#8571);
#8614=VERTEX_POINT('',#8573);
#8615=VERTEX_POINT('',#8575);
#8616=CARTESIAN_POINT('',(190.000000,190.000000,2.000000));
#8617=DIRECTION('',0.,0.,-1.);
#8618=DIRECTION('',1.,0.,0.);
#8619=AXIS2_PLACEMENT_3D('',#8616,#8617,#8618);
#8620=CIRCLE('',#8619,1.600000);
#8621=EDGE_CURVE('',#8576,#8576,#8620,.T.);
#8622=ORIENTED_EDGE('',*,*,#8621,.T.);
#8623=EDGE_LOOP('',#8622);
#8624=FACE_OUTER_BOUND('',#8623,.T.);
#8625=ADVANCED_FACE('',#8624,#8617,.T.);
#8626=CARTESIAN_POINT('',(190.000000,190.000000,8.000000));
#8627=DIRECTION('',0.,0.,1.);
#8628=DIRECTION('',1.,0.,0.);
#8629=AXIS2_PLACEMENT_3D('',#8626,#8627,#8628);
#8630=CIRCLE('',#8629,1.600000);
#8631=EDGE_CURVE('',#8596,#8596,#8630,.T.);
#8632=ORIENTED_EDGE('',*,*,#8631,.T.);
#8633=EDGE_LOOP('',#8632);
#8634=FACE_OUTER_BOUND('',#8633,.T.);
#8635=ADVANCED_FACE('',#8634,#8627,.T.);
#8636=DIRECTION('',-0.156434,0.987688,0.);
#8637=LINE('',#8536,#8636);
#8638=DIRECTION('',0.,0.,1.);
#8639=LINE('',#8538,#8638);
#8640=DIRECTION('',0.156434,-0.987688,0.);
#8641=LINE('',#8539,#8640);
#8642=DIRECTION('',0.,0.,-1.);
#8643=LINE('',#8537,#8642);
#8644=EDGE_CURVE('',#8576,#8577,#8637,.T.);
#8645=EDGE_CURVE('',#8577,#8597,#8639,.T.);
#8646=EDGE_CURVE('',#8597,#8596,#8641,.T.);
#8647=EDGE_CURVE('',#8596,#8576,#8643,.T.);
#8648=ORIENTED_EDGE('',*,*,#8644,.T.);
#8649=ORIENTED_EDGE('',*,*,#8645,.T.);
#8650=ORIENTED_EDGE('',*,*,#8646,.T.);
#8651=ORIENTED_EDGE('',*,*,#8647,.T.);
#8652=EDGE_LOOP('',#8648,#8649,#8650,#8651);
#8653=FACE_OUTER_BOUND('',#8652,.T.);
#8654=DIRECTION('',0.987688,0.156434,0.);
#8655=ADVANCED_FACE('',#8653,#8654,.T.);
#8656=DIRECTION('',-0.453990,0.891007,0.);
#8657=LINE('',#8538,#8656);
#8658=DIRECTION('',0.,0.,1.);
#8659=LINE('',#8540,#8658);
#8660=DIRECTION('',0.453990,-0.891007,0.);
#8661=LINE('',#8541,#8660);
#8662=DIRECTION('',0.,0.,-1.);
#8663=LINE('',#8539,#8662);
#8664=EDGE_CURVE('',#8577,#8578,#8657,.T.);
#8665=EDGE_CURVE('',#8578,#8598,#8659,.T.);
#8666=EDGE_CURVE('',#8598,#8597,#8661,.T.);
#8667=EDGE_CURVE('',#8597,#8577,#8663,.T.);
#8668=ORIENTED_EDGE('',*,*,#8664,.T.);
#8669=ORIENTED_EDGE('',*,*,#8665,.T.);
#8670=ORIENTED_EDGE('',*,*,#8666,.T.);
#8671=ORIENTED_EDGE('',*,*,#8667,.T.);
#8672=EDGE_LOOP('',#8668,#8669,#8670,#8671);
#8673=FACE_OUTER_BOUND('',#8672,.T.);
#8674=DIRECTION('',0.891007,0.453990,0.);
#8675=ADVANCED_FACE('',#8673,#8674,.T.);
#8676=DIRECTION('',-0.707107,0.707107,0.);
#8677=LINE('',#8540,#8676);
#8678=DIRECTION('',0.,0.,1.);
#8679=LINE('',#8542,#8678);
#8680=DIRECTION('',0.707107,-0.707107,0.);
#8681=LINE('',#8543,#8680);
#8682=DIRECTION('',0.,0.,-1.);
#8683=LINE('',#8541,#8682);
#8684=EDGE_CURVE('',#8578,#8579,#8677,.T.);
#8685=EDGE_CURVE('',#8579,#8599,#8679,.T.);
#8686=EDGE_CURVE('',#8599,#8598,#8681,.T.);
#8687=EDGE_CURVE('',#8598,#8578,#8683,.T.);
#8688=ORIENTED_EDGE('',*,*,#8684,.T.);
#8689=ORIENTED_EDGE('',*,*,#8685,.T.);
#8690=ORIENTED_EDGE('',*,*,#8686,.T.);
#8691=ORIENTED_EDGE('',*,*,#8687,.T.);
#8692=EDGE_LOOP('',#8688,#8689,#8690,#8691);
#8693=FACE_OUTER_BOUND('',#8692,.T.);
#8694=DIRECTION('',0.707107,0.707107,0.);
#8695=ADVANCED_FACE('',#8693,#8694,.T.);
#8696=DIRECTION('',-0.891007,0.453990,0.);
#8697=LINE('',#8542,#8696);
#8698=DIRECTION('',0.,0.,1.);
#8699=LINE('',#8544,#8698);
#8700=DIRECTION('',0.891007,-0.453990,0.);
#8701=LINE('',#8545,#8700);
#8702=DIRECTION('',0.,0.,-1.);
#8703=LINE('',#8543,#8702);
#8704=EDGE_CURVE('',#8579,#8580,#8697,.T.);
#8705=EDGE_CURVE('',#8580,#8600,#8699,.T.);
#8706=EDGE_CURVE('',#8600,#8599,#8701,.T.);
#8707=EDGE_CURVE('',#8599,#8579,#8703,.T.);
#8708=ORIENTED_EDGE('',*,*,#8704,.T.);
#8709=ORIENTED_EDGE('',*,*,#8705,.T.);
#8710=ORIENTED_EDGE('',*,*,#8706,.T.);
#8711=ORIENTED_EDGE('',*,*,#8707,.T.);
#8712=EDGE_LOOP('',#8708,#8709,#8710,#8711);
#8713=FACE_OUTER_BOUND('',#8712,.T.);
#8714=DIRECTION('',0.453990,0.891007,0.);
#8715=ADVANCED_FACE('',#8713,#8714,.T.);
#8716=DIRECTION('',-0.987688,0.156434,0.);
#8717=LINE('',#8544,#8716);
#8718=DIRECTION('',0.,0.,1.);
#8719=LINE('',#8546,#8718);
#8720=DIRECTION('',0.987688,-0.156434,0.);
#8721=LINE('',#8547,#8720);
#8722=DIRECTION('',0.,0.,-1.);
#8723=LINE('',#8545,#8722);
#8724=EDGE_CURVE('',#8580,#8581,#8717,.T.);
#8725=EDGE_CURVE('',#8581,#8601,#8719,.T.);
#8726=EDGE_CURVE('',#8601,#8600,#8721,.T.);
#8727=EDGE_CURVE('',#8600,#8580,#8723,.T.);
#8728=ORIENTED_EDGE('',*,*,#8724,.T.);
#8729=ORIENTED_EDGE('',*,*,#8725,.T.);
#8730=ORIENTED_EDGE('',*,*,#8726,.T.);
#8731=ORIENTED_EDGE('',*,*,#8727,.T.);
#8732=EDGE_LOOP('',#8728,#8729,#8730,#8731);
#8733=FACE_OUTER_BOUND('',#8732,.T.);
#8734=DIRECTION('',0.156434,0.987688,0.);
#8735=ADVANCED_FACE('',#8733,#8734,.T.);
#8736=DIRECTION('',-0.987688,-0.156434,0.);
#8737=LINE('',#8546,#8736);
#8738=DIRECTION('',0.,0.,1.);
#8739=LINE('',#8548,#8738);
#8740=DIRECTION('',0.987688,0.156434,0.);
#8741=LINE('',#8549,#8740);
#8742=DIRECTION('',0.,0.,-1.);
#8743=LINE('',#8547,#8742);
#8744=EDGE_CURVE('',#8581,#8582,#8737,.T.);
#8745=EDGE_CURVE('',#8582,#8602,#8739,.T.);
#8746=EDGE_CURVE('',#8602,#8601,#8741,.T.);
#8747=EDGE_CURVE('',#8601,#8581,#8743,.T.);
#8748=ORIENTED_EDGE('',*,*,#8744,.T.);
#8749=ORIENTED_EDGE('',*,*,#8745,.T.);
#8750=ORIENTED_EDGE('',*,*,#8746,.T.);
#8751=ORIENTED_EDGE('',*,*,#8747,.T.);
#8752=EDGE_LOOP('',#8748,#8749,#8750,#8751);
#8753=FACE_OUTER_BOUND('',#8752,.T.);
#8754=DIRECTION('',-0.156434,0.987688,0.);
#8755=ADVANCED_FACE('',#8753,#8754,.T.);
#8756=DIRECTION('',-0.891007,-0.453990,0.);
#8757=LINE('',#8548,#8756);
#8758=DIRECTION('',0.,0.,1.);
#8759=LINE('',#8550,#8758);
#8760=DIRECTION('',0.891007,0.453990,0.);
#8761=LINE('',#8551,#8760);
#8762=DIRECTION('',0.,0.,-1.);
#8763=LINE('',#8549,#8762);
#8764=EDGE_CURVE('',#8582,#8583,#8757,.T.);
#8765=EDGE_CURVE('',#8583,#8603,#8759,.T.);
#8766=EDGE_CURVE('',#8603,#8602,#8761,.T.);
#8767=EDGE_CURVE('',#8602,#8582,#8763,.T.);
#8768=ORIENTED_EDGE('',*,*,#8764,.T.);
#8769=ORIENTED_EDGE('',*,*,#8765,.T.);
#8770=ORIENTED_EDGE('',*,*,#8766,.T.);
#8771=ORIENTED_EDGE('',*,*,#8767,.T.);
#8772=EDGE_LOOP('',#8768,#8769,#8770,#8771);
#8773=FACE_OUTER_BOUND('',#8772,.T.);
#8774=DIRECTION('',-0.453990,0.891007,0.);
#8775=ADVANCED_FACE('',#8773,#8774,.T.);
#8776=DIRECTION('',-0.707107,-0.707107,0.);
#8777=LINE('',#8550,#8776);
#8778=DIRECTION('',0.,0.,1.);
#8779=LINE('',#8552,#8778);
#8780=DIRECTION('',0.707107,0.707107,0.);
#8781=LINE('',#8553,#8780);
#8782=DIRECTION('',0.,0.,-1.);
#8783=LINE('',#8551,#8782);
#8784=EDGE_CURVE('',#8583,#8584,#8777,.T.);
#8785=EDGE_CURVE('',#8584,#8604,#8779,.T.);
#8786=EDGE_CURVE('',#8604,#8603,#8781,.T.);
#8787=EDGE_CURVE('',#8603,#8583,#8783,.T.);
#8788=ORIENTED_EDGE('',*,*,#8784,.T.);
#8789=ORIENTED_EDGE('',*,*,#8785,.T.);
#8790=ORIENTED_EDGE('',*,*,#8786,.T.);
#8791=ORIENTED_EDGE('',*,*,#8787,.T.);
#8792=EDGE_LOOP('',#8788,#8789,#8790,#8791);
#8793=FACE_OUTER_BOUND('',#8792,.T.);
#8794=DIRECTION('',-0.707107,0.707107,0.);
#8795=ADVANCED_FACE('',#8793,#8794,.T.);
#8796=DIRECTION('',-0.453990,-0.891007,0.);
#8797=LINE('',#8552,#8796);
#8798=DIRECTION('',0.,0.,1.);
#8799=LINE('',#8554,#8798);
#8800=DIRECTION('',0.453990,0.891007,0.);
#8801=LINE('',#8555,#8800);
#8802=DIRECTION('',0.,0.,-1.);
#8803=LINE('',#8553,#8802);
#8804=EDGE_CURVE('',#8584,#8585,#8797,.T.);
#8805=EDGE_CURVE('',#8585,#8605,#8799,.T.);
#8806=EDGE_CURVE('',#8605,#8604,#8801,.T.);
#8807=EDGE_CURVE('',#8604,#8584,#8803,.T.);
#8808=ORIENTED_EDGE('',*,*,#8804,.T.);
#8809=ORIENTED_EDGE('',*,*,#8805,.T.);
#8810=ORIENTED_EDGE('',*,*,#8806,.T.);
#8811=ORIENTED_EDGE('',*,*,#8807,.T.);
#8812=EDGE_LOOP('',#8808,#8809,#8810,#8811);
#8813=FACE_OUTER_BOUND('',#8812,.T.);
#8814=DIRECTION('',-0.891007,0.453990,0.);
#8815=ADVANCED_FACE('',#8813,#8814,.T.);
#8816=DIRECTION('',-0.156434,-0.987688,0.);
#8817=LINE('',#8554,#8816);
#8818=DIRECTION('',0.,0.,1.);
#8819=LINE('',#8556,#8818);
#8820=DIRECTION('',0.156434,0.987688,0.);
#8821=LINE('',#8557,#8820);
#8822=DIRECTION('',0.,0.,-1.);
#8823=LINE('',#8555,#8822);
#8824=EDGE_CURVE('',#8585,#8586,#8817,.T.);
#8825=EDGE_CURVE('',#8586,#8606,#8819,.T.);
#8826=EDGE_CURVE('',#8606,#8605,#8821,.T.);
#8827=EDGE_CURVE('',#8605,#8585,#8823,.T.);
#8828=ORIENTED_EDGE('',*,*,#8824,.T.);
#8829=ORIENTED_EDGE('',*,*,#8825,.T.);
#8830=ORIENTED_EDGE('',*,*,#8826,.T.);
#8831=ORIENTED_EDGE('',*,*,#8827,.T.);
#8832=EDGE_LOOP('',#8828,#8829,#8830,#8831);
#8833=FACE_OUTER_BOUND('',#8832,.T.);
#8834=DIRECTION('',-0.987688,0.156434,0.);
#8835=ADVANCED_FACE('',#8833,#8834,.T.);
#8836=DIRECTION('',0.156434,-0.987688,0.);
#8837=LINE('',#8556,#8836);
#8838=DIRECTION('',0.,0.,1.);
#8839=LINE('',#8558,#8838);
#8840=DIRECTION('',-0.156434,0.987688,0.);
#8841=LINE('',#8559,#8840);
#8842=DIRECTION('',0.,0.,-1.);
#8843=LINE('',#8557,#8842);
#8844=EDGE_CURVE('',#8586,#8587,#8837,.T.);
#8845=EDGE_CURVE('',#8587,#8607,#8839,.T.);
#8846=EDGE_CURVE('',#8607,#8606,#8841,.T.);
#8847=EDGE_CURVE('',#8606,#8586,#8843,.T.);
#8848=ORIENTED_EDGE('',*,*,#8844,.T.);
#8849=ORIENTED_EDGE('',*,*,#8845,.T.);
#8850=ORIENTED_EDGE('',*,*,#8846,.T.);
#8851=ORIENTED_EDGE('',*,*,#8847,.T.);
#8852=EDGE_LOOP('',#8848,#8849,#8850,#8851);
#8853=FACE_OUTER_BOUND('',#8852,.T.);
#8854=DIRECTION('',-0.987688,-0.156434,0.);
#8855=ADVANCED_FACE('',#8853,#8854,.T.);
#8856=DIRECTION('',0.453990,-0.891007,0.);
#8857=LINE('',#8558,#8856);
#8858=DIRECTION('',0.,0.,1.);
#8859=LINE('',#8560,#8858);
#8860=DIRECTION('',-0.453990,0.891007,0.);
#8861=LINE('',#8561,#8860);
#8862=DIRECTION('',0.,0.,-1.);
#8863=LINE('',#8559,#8862);
#8864=EDGE_CURVE('',#8587,#8588,#8857,.T.);
#8865=EDGE_CURVE('',#8588,#8608,#8859,.T.);
#8866=EDGE_CURVE('',#8608,#8607,#8861,.T.);
#8867=EDGE_CURVE('',#8607,#8587,#8863,.T.);
#8868=ORIENTED_EDGE('',*,*,#8864,.T.);
#8869=ORIENTED_EDGE('',*,*,#8865,.T.);
#8870=ORIENTED_EDGE('',*,*,#8866,.T.);
#8871=ORIENTED_EDGE('',*,*,#8867,.T.);
#8872=EDGE_LOOP('',#8868,#8869,#8870,#8871);
#8873=FACE_OUTER_BOUND('',#8872,.T.);
#8874=DIRECTION('',-0.891007,-0.453990,0.);
#8875=ADVANCED_FACE('',#8873,#8874,.T.);
#8876=DIRECTION('',0.707107,-0.707107,0.);
#8877=LINE('',#8560,#8876);
#8878=DIRECTION('',0.,0.,1.);
#8879=LINE('',#8562,#8878);
#8880=DIRECTION('',-0.707107,0.707107,0.);
#8881=LINE('',#8563,#8880);
#8882=DIRECTION('',0.,0.,-1.);
#8883=LINE('',#8561,#8882);
#8884=EDGE_CURVE('',#8588,#8589,#8877,.T.);
#8885=EDGE_CURVE('',#8589,#8609,#8879,.T.);
#8886=EDGE_CURVE('',#8609,#8608,#8881,.T.);
#8887=EDGE_CURVE('',#8608,#8588,#8883,.T.);
#8888=ORIENTED_EDGE('',*,*,#8884,.T.);
#8889=ORIENTED_EDGE('',*,*,#8885,.T.);
#8890=ORIENTED_EDGE('',*,*,#8886,.T.);
#8891=ORIENTED_EDGE('',*,*,#8887,.T.);
#8892=EDGE_LOOP('',#8888,#8889,#8890,#8891);
#8893=FACE_OUTER_BOUND('',#8892,.T.);
#8894=DIRECTION('',-0.707107,-0.707107,0.);
#8895=ADVANCED_FACE('',#8893,#8894,.T.);
#8896=DIRECTION('',0.891007,-0.453990,0.);
#8897=LINE('',#8562,#8896);
#8898=DIRECTION('',0.,0.,1.);
#8899=LINE('',#8564,#8898);
#8900=DIRECTION('',-0.891007,0.453990,0.);
#8901=LINE('',#8565,#8900);
#8902=DIRECTION('',0.,0.,-1.);
#8903=LINE('',#8563,#8902);
#8904=EDGE_CURVE('',#8589,#8590,#8897,.T.);
#8905=EDGE_CURVE('',#8590,#8610,#8899,.T.);
#8906=EDGE_CURVE('',#8610,#8609,#8901,.T.);
#8907=EDGE_CURVE('',#8609,#8589,#8903,.T.);
#8908=ORIENTED_EDGE('',*,*,#8904,.T.);
#8909=ORIENTED_EDGE('',*,*,#8905,.T.);
#8910=ORIENTED_EDGE('',*,*,#8906,.T.);
#8911=ORIENTED_EDGE('',*,*,#8907,.T.);
#8912=EDGE_LOOP('',#8908,#8909,#8910,#8911);
#8913=FACE_OUTER_BOUND('',#8912,.T.);
#8914=DIRECTION('',-0.453990,-0.891007,0.);
#8915=ADVANCED_FACE('',#8913,#8914,.T.);
#8916=DIRECTION('',0.987688,-0.156434,0.);
#8917=LINE('',#8564,#8916);
#8918=DIRECTION('',0.,0.,1.);
#8919=LINE('',#8566,#8918);
#8920=DIRECTION('',-0.987688,0.156434,0.);
#8921=LINE('',#8567,#8920);
#8922=DIRECTION('',0.,0.,-1.);
#8923=LINE('',#8565,#8922);
#8924=EDGE_CURVE('',#8590,#8591,#8917,.T.);
#8925=EDGE_CURVE('',#8591,#8611,#8919,.T.);
#8926=EDGE_CURVE('',#8611,#8610,#8921,.T.);
#8927=EDGE_CURVE('',#8610,#8590,#8923,.T.);
#8928=ORIENTED_EDGE('',*,*,#8924,.T.);
#8929=ORIENTED_EDGE('',*,*,#8925,.T.);
#8930=ORIENTED_EDGE('',*,*,#8926,.T.);
#8931=ORIENTED_EDGE('',*,*,#8927,.T.);
#8932=EDGE_LOOP('',#8928,#8929,#8930,#8931);
#8933=FACE_OUTER_BOUND('',#8932,.T.);
#8934=DIRECTION('',-0.156434,-0.987688,0.);
#8935=ADVANCED_FACE('',#8933,#8934,.T.);
#8936=DIRECTION('',0.987688,0.156434,0.);
#8937=LINE('',#8566,#8936);
#8938=DIRECTION('',0.,0.,1.);
#8939=LINE('',#8568,#8938);
#8940=DIRECTION('',-0.987688,-0.156434,0.);
#8941=LINE('',#8569,#8940);
#8942=DIRECTION('',0.,0.,-1.);
#8943=LINE('',#8567,#8942);
#8944=EDGE_CURVE('',#8591,#8592,#8937,.T.);
#8945=EDGE_CURVE('',#8592,#8612,#8939,.T.);
#8946=EDGE_CURVE('',#8612,#8611,#8941,.T.);
#8947=EDGE_CURVE('',#8611,#8591,#8943,.T.);
#8948=ORIENTED_EDGE('',*,*,#8944,.T.);
#8949=ORIENTED_EDGE('',*,*,#8945,.T.);
#8950=ORIENTED_EDGE('',*,*,#8946,.T.);
#8951=ORIENTED_EDGE('',*,*,#8947,.T.);
#8952=EDGE_LOOP('',#8948,#8949,#8950,#8951);
#8953=FACE_OUTER_BOUND('',#8952,.T.);
#8954=DIRECTION('',0.156434,-0.987688,0.);
#8955=ADVANCED_FACE('',#8953,#8954,.T.);
#8956=DIRECTION('',0.891007,0.453990,0.);
#8957=LINE('',#8568,#8956);
#8958=DIRECTION('',0.,0.,1.);
#8959=LINE('',#8570,#8958);
#8960=DIRECTION('',-0.891007,-0.453990,0.);
#8961=LINE('',#8571,#8960);
#8962=DIRECTION('',0.,0.,-1.);
#8963=LINE('',#8569,#8962);
#8964=EDGE_CURVE('',#8592,#8593,#8957,.T.);
#8965=EDGE_CURVE('',#8593,#8613,#8959,.T.);
#8966=EDGE_CURVE('',#8613,#8612,#8961,.T.);
#8967=EDGE_CURVE('',#8612,#8592,#8963,.T.);
#8968=ORIENTED_EDGE('',*,*,#8964,.T.);
#8969=ORIENTED_EDGE('',*,*,#8965,.T.);
#8970=ORIENTED_EDGE('',*,*,#8966,.T.);
#8971=ORIENTED_EDGE('',*,*,#8967,.T.);
#8972=EDGE_LOOP('',#8968,#8969,#8970,#8971);
#8973=FACE_OUTER_BOUND('',#8972,.T.);
#8974=DIRECTION('',0.453990,-0.891007,0.);
#8975=ADVANCED_FACE('',#8973,#8974,.T.);
#8976=DIRECTION('',0.707107,0.707107,0.);
#8977=LINE('',#8570,#8976);
#8978=DIRECTION('',0.,0.,1.);
#8979=LINE('',#8572,#8978);
#8980=DIRECTION('',-0.707107,-0.707107,0.);
#8981=LINE('',#8573,#8980);
#8982=DIRECTION('',0.,0.,-1.);
#8983=LINE('',#8571,#8982);
#8984=EDGE_CURVE('',#8593,#8594,#8977,.T.);
#8985=EDGE_CURVE('',#8594,#8614,#8979,.T.);
#8986=EDGE_CURVE('',#8614,#8613,#8981,.T.);
#8987=EDGE_CURVE('',#8613,#8593,#8983,.T.);
#8988=ORIENTED_EDGE('',*,*,#8984,.T.);
#8989=ORIENTED_EDGE('',*,*,#8985,.T.);
#8990=ORIENTED_EDGE('',*,*,#8986,.T.);
#8991=ORIENTED_EDGE('',*,*,#8987,.T.);
#8992=EDGE_LOOP('',#8988,#8989,#8990,#8991);
#8993=FACE_OUTER_BOUND('',#8992,.T.);
#8994=DIRECTION('',0.707107,-0.707107,0.);
#8995=ADVANCED_FACE('',#8993,#8994,.T.);
#8996=DIRECTION('',0.453990,0.891007,0.);
#8997=LINE('',#8572,#8996);
#8998=DIRECTION('',0.,0.,1.);
#8999=LINE('',#8574,#8998);
#9000=DIRECTION('',-0.453990,-0.891007,0.);
#9001=LINE('',#8575,#9000);
#9002=DIRECTION('',0.,0.,-1.);
#9003=LINE('',#8573,#9002);
#9004=EDGE_CURVE('',#8594,#8595,#8997,.T.);
#9005=EDGE_CURVE('',#8595,#8615,#8999,.T.);
#9006=EDGE_CURVE('',#8615,#8614,#9001,.T.);
#9007=EDGE_CURVE('',#8614,#8594,#9003,.T.);
#9008=ORIENTED_EDGE('',*,*,#9004,.T.);
#9009=ORIENTED_EDGE('',*,*,#9005,.T.);
#9010=ORIENTED_EDGE('',*,*,#9006,.T.);
#9011=ORIENTED_EDGE('',*,*,#9007,.T.);
#9012=EDGE_LOOP('',#9008,#9009,#9010,#9011);
#9013=FACE_OUTER_BOUND('',#9012,.T.);
#9014=DIRECTION('',0.891007,-0.453990,0.);
#9015=ADVANCED_FACE('',#9013,#9014,.T.);
#9016=DIRECTION('',0.156434,0.987688,0.);
#9017=LINE('',#8574,#9016);
#9018=DIRECTION('',0.,0.,1.);
#9019=LINE('',#8536,#9018);
#9020=DIRECTION('',-0.156434,-0.987688,0.);
#9021=LINE('',#8537,#9020);
#9022=DIRECTION('',0.,0.,-1.);
#9023=LINE('',#8575,#9022);
#9024=EDGE_CURVE('',#8595,#8576,#9017,.T.);
#9025=EDGE_CURVE('',#8576,#8596,#9019,.T.);
#9026=EDGE_CURVE('',#8596,#8615,#9021,.T.);
#9027=EDGE_CURVE('',#8615,#8595,#9023,.T.);
#9028=ORIENTED_EDGE('',*,*,#9024,.T.);
#9029=ORIENTED_EDGE('',*,*,#9025,.T.);
#9030=ORIENTED_EDGE('',*,*,#9026,.T.);
#9031=ORIENTED_EDGE('',*,*,#9027,.T.);
#9032=EDGE_LOOP('',#9028,#9029,#9030,#9031);
#9033=FACE_OUTER_BOUND('',#9032,.T.);
#9034=DIRECTION('',-0.987688,0.156434,0.);
#9035=ADVANCED_FACE('',#9033,#9034,.T.);
#9036=CLOSED_SHELL('',#8625,#8635,#8655,#8675,#8695,#8715,#8735,#8755,#8775,#8795,#8815,#8835,#8855,#8875,#8895,#8915,#8935,#8955,#8975,#8995,#9015,#9035);
#9037=MANIFOLD_SOLID_BREP('',#9036);
#9038=CARTESIAN_POINT('',(190.000000,190.000000,2.000000));
#9039=DIRECTION('',0.,0.,1.);
#9040=DIRECTION('',1.,0.,0.);
#9041=AXIS2_PLACEMENT_3D('',#9038,#9039,#9040);
#9042=ADVANCED_BREP_SHAPE_REPRESENTATION('',#9037,#9041);
#9043=PRODUCT('SMAConnectors','SMA Connectors','Gold SMA RF connectors',('mechanical'));
#9044=PRODUCT_DEFINITION_FORMATION('',#9043);
#9045=PRODUCT_DEFINITION('design','',#9044,#1);
#9046=PRODUCT_DEFINITION_SHAPE('','',#9045);
#9047=CARTESIAN_POINT('',(3.000000,80.000000,0.000000));
#9048=CARTESIAN_POINT('',(3.000000,80.000000,12.000000));
#9049=CARTESIAN_POINT('',(2.853170,80.927051,0.000000));
#9050=CARTESIAN_POINT('',(2.853170,80.927051,12.000000));
#9051=CARTESIAN_POINT('',(2.427051,81.763356,0.000000));
#9052=CARTESIAN_POINT('',(2.427051,81.763356,12.000000));
#9053=CARTESIAN_POINT('',(1.763356,82.427051,0.000000));
#9054=CARTESIAN_POINT('',(1.763356,82.427051,12.000000));
#9055=CARTESIAN_POINT('',(0.927051,82.853170,0.000000));
#9056=CARTESIAN_POINT('',(0.927051,82.853170,12.000000));
#9057=CARTESIAN_POINT('',(0.000000,83.000000,0.000000));
#9058=CARTESIAN_POINT('',(0.000000,83.000000,12.000000));
#9059=CARTESIAN_POINT('',(-0.927051,82.853170,0.000000));
#9060=CARTESIAN_POINT('',(-0.927051,82.853170,12.000000));
#9061=CARTESIAN_POINT('',(-1.763356,82.427051,0.000000));
#9062=CARTESIAN_POINT('',(-1.763356,82.427051,12.000000));
#9063=CARTESIAN_POINT('',(-2.427051,81.763356,0.000000));
#9064=CARTESIAN_POINT('',(-2.427051,81.763356,12.000000));
#9065=CARTESIAN_POINT('',(-2.853170,80.927051,0.000000));
#9066=CARTESIAN_POINT('',(-2.853170,80.927051,12.000000));
#9067=CARTESIAN_POINT('',(-3.000000,80.000000,0.000000));
#9068=CARTESIAN_POINT('',(-3.000000,80.000000,12.000000));
#9069=CARTESIAN_POINT('',(-2.853170,79.072949,0.000000));
#9070=CARTESIAN_POINT('',(-2.853170,79.072949,12.000000));
#9071=CARTESIAN_POINT('',(-2.427051,78.236644,0.000000));
#9072=CARTESIAN_POINT('',(-2.427051,78.236644,12.000000));
#9073=CARTESIAN_POINT('',(-1.763356,77.572949,0.000000));
#9074=CARTESIAN_POINT('',(-1.763356,77.572949,12.000000));
#9075=CARTESIAN_POINT('',(-0.927051,77.146830,0.000000));
#9076=CARTESIAN_POINT('',(-0.927051,77.146830,12.000000));
#9077=CARTESIAN_POINT('',(-0.000000,77.000000,0.000000));
#9078=CARTESIAN_POINT('',(-0.000000,77.000000,12.000000));
#9079=CARTESIAN_POINT('',(0.927051,77.146830,0.000000));
#9080=CARTESIAN_POINT('',(0.927051,77.146830,12.000000));
#9081=CARTESIAN_POINT('',(1.763356,77.572949,0.000000));
#9082=CARTESIAN_POINT('',(1.763356,77.572949,12.000000));
#9083=CARTESIAN_POINT('',(2.427051,78.236644,0.000000));
#9084=CARTESIAN_POINT('',(2.427051,78.236644,12.000000));
#9085=CARTESIAN_POINT('',(2.853170,79.072949,0.000000));
#9086=CARTESIAN_POINT('',(2.853170,79.072949,12.000000));
#9087=VERTEX_POINT('',#9047);
#9088=VERTEX_POINT('',#9049);
#9089=VERTEX_POINT('',#9051);
#9090=VERTEX_POINT('',#9053);
#9091=VERTEX_POINT('',#9055);
#9092=VERTEX_POINT('',#9057);
#9093=VERTEX_POINT('',#9059);
#9094=VERTEX_POINT('',#9061);
#9095=VERTEX_POINT('',#9063);
#9096=VERTEX_POINT('',#9065);
#9097=VERTEX_POINT('',#9067);
#9098=VERTEX_POINT('',#9069);
#9099=VERTEX_POINT('',#9071);
#9100=VERTEX_POINT('',#9073);
#9101=VERTEX_POINT('',#9075);
#9102=VERTEX_POINT('',#9077);
#9103=VERTEX_POINT('',#9079);
#9104=VERTEX_POINT('',#9081);
#9105=VERTEX_POINT('',#9083);
#9106=VERTEX_POINT('',#9085);
#9107=VERTEX_POINT('',#9048);
#9108=VERTEX_POINT('',#9050);
#9109=VERTEX_POINT('',#9052);
#9110=VERTEX_POINT('',#9054);
#9111=VERTEX_POINT('',#9056);
#9112=VERTEX_POINT('',#9058);
#9113=VERTEX_POINT('',#9060);
#9114=VERTEX_POINT('',#9062);
#9115=VERTEX_POINT('',#9064);
#9116=VERTEX_POINT('',#9066);
#9117=VERTEX_POINT('',#9068);
#9118=VERTEX_POINT('',#9070);
#9119=VERTEX_POINT('',#9072);
#9120=VERTEX_POINT('',#9074);
#9121=VERTEX_POINT('',#9076);
#9122=VERTEX_POINT('',#9078);
#9123=VERTEX_POINT('',#9080);
#9124=VERTEX_POINT('',#9082);
#9125=VERTEX_POINT('',#9084);
#9126=VERTEX_POINT('',#9086);
#9127=CARTESIAN_POINT('',(0.000000,80.000000,0.000000));
#9128=DIRECTION('',0.,0.,-1.);
#9129=DIRECTION('',1.,0.,0.);
#9130=AXIS2_PLACEMENT_3D('',#9127,#9128,#9129);
#9131=CIRCLE('',#9130,3.000000);
#9132=EDGE_CURVE('',#9087,#9087,#9131,.T.);
#9133=ORIENTED_EDGE('',*,*,#9132,.T.);
#9134=EDGE_LOOP('',#9133);
#9135=FACE_OUTER_BOUND('',#9134,.T.);
#9136=ADVANCED_FACE('',#9135,#9128,.T.);
#9137=CARTESIAN_POINT('',(0.000000,80.000000,12.000000));
#9138=DIRECTION('',0.,0.,1.);
#9139=DIRECTION('',1.,0.,0.);
#9140=AXIS2_PLACEMENT_3D('',#9137,#9138,#9139);
#9141=CIRCLE('',#9140,3.000000);
#9142=EDGE_CURVE('',#9107,#9107,#9141,.T.);
#9143=ORIENTED_EDGE('',*,*,#9142,.T.);
#9144=EDGE_LOOP('',#9143);
#9145=FACE_OUTER_BOUND('',#9144,.T.);
#9146=ADVANCED_FACE('',#9145,#9138,.T.);
#9147=DIRECTION('',-0.156434,0.987688,0.);
#9148=LINE('',#9047,#9147);
#9149=DIRECTION('',0.,0.,1.);
#9150=LINE('',#9049,#9149);
#9151=DIRECTION('',0.156434,-0.987688,0.);
#9152=LINE('',#9050,#9151);
#9153=DIRECTION('',0.,0.,-1.);
#9154=LINE('',#9048,#9153);
#9155=EDGE_CURVE('',#9087,#9088,#9148,.T.);
#9156=EDGE_CURVE('',#9088,#9108,#9150,.T.);
#9157=EDGE_CURVE('',#9108,#9107,#9152,.T.);
#9158=EDGE_CURVE('',#9107,#9087,#9154,.T.);
#9159=ORIENTED_EDGE('',*,*,#9155,.T.);
#9160=ORIENTED_EDGE('',*,*,#9156,.T.);
#9161=ORIENTED_EDGE('',*,*,#9157,.T.);
#9162=ORIENTED_EDGE('',*,*,#9158,.T.);
#9163=EDGE_LOOP('',#9159,#9160,#9161,#9162);
#9164=FACE_OUTER_BOUND('',#9163,.T.);
#9165=DIRECTION('',0.987688,0.156434,0.);
#9166=ADVANCED_FACE('',#9164,#9165,.T.);
#9167=DIRECTION('',-0.453990,0.891007,0.);
#9168=LINE('',#9049,#9167);
#9169=DIRECTION('',0.,0.,1.);
#9170=LINE('',#9051,#9169);
#9171=DIRECTION('',0.453990,-0.891007,0.);
#9172=LINE('',#9052,#9171);
#9173=DIRECTION('',0.,0.,-1.);
#9174=LINE('',#9050,#9173);
#9175=EDGE_CURVE('',#9088,#9089,#9168,.T.);
#9176=EDGE_CURVE('',#9089,#9109,#9170,.T.);
#9177=EDGE_CURVE('',#9109,#9108,#9172,.T.);
#9178=EDGE_CURVE('',#9108,#9088,#9174,.T.);
#9179=ORIENTED_EDGE('',*,*,#9175,.T.);
#9180=ORIENTED_EDGE('',*,*,#9176,.T.);
#9181=ORIENTED_EDGE('',*,*,#9177,.T.);
#9182=ORIENTED_EDGE('',*,*,#9178,.T.);
#9183=EDGE_LOOP('',#9179,#9180,#9181,#9182);
#9184=FACE_OUTER_BOUND('',#9183,.T.);
#9185=DIRECTION('',0.891007,0.453990,0.);
#9186=ADVANCED_FACE('',#9184,#9185,.T.);
#9187=DIRECTION('',-0.707107,0.707107,0.);
#9188=LINE('',#9051,#9187);
#9189=DIRECTION('',0.,0.,1.);
#9190=LINE('',#9053,#9189);
#9191=DIRECTION('',0.707107,-0.707107,0.);
#9192=LINE('',#9054,#9191);
#9193=DIRECTION('',0.,0.,-1.);
#9194=LINE('',#9052,#9193);
#9195=EDGE_CURVE('',#9089,#9090,#9188,.T.);
#9196=EDGE_CURVE('',#9090,#9110,#9190,.T.);
#9197=EDGE_CURVE('',#9110,#9109,#9192,.T.);
#9198=EDGE_CURVE('',#9109,#9089,#9194,.T.);
#9199=ORIENTED_EDGE('',*,*,#9195,.T.);
#9200=ORIENTED_EDGE('',*,*,#9196,.T.);
#9201=ORIENTED_EDGE('',*,*,#9197,.T.);
#9202=ORIENTED_EDGE('',*,*,#9198,.T.);
#9203=EDGE_LOOP('',#9199,#9200,#9201,#9202);
#9204=FACE_OUTER_BOUND('',#9203,.T.);
#9205=DIRECTION('',0.707107,0.707107,0.);
#9206=ADVANCED_FACE('',#9204,#9205,.T.);
#9207=DIRECTION('',-0.891007,0.453990,0.);
#9208=LINE('',#9053,#9207);
#9209=DIRECTION('',0.,0.,1.);
#9210=LINE('',#9055,#9209);
#9211=DIRECTION('',0.891007,-0.453990,0.);
#9212=LINE('',#9056,#9211);
#9213=DIRECTION('',0.,0.,-1.);
#9214=LINE('',#9054,#9213);
#9215=EDGE_CURVE('',#9090,#9091,#9208,.T.);
#9216=EDGE_CURVE('',#9091,#9111,#9210,.T.);
#9217=EDGE_CURVE('',#9111,#9110,#9212,.T.);
#9218=EDGE_CURVE('',#9110,#9090,#9214,.T.);
#9219=ORIENTED_EDGE('',*,*,#9215,.T.);
#9220=ORIENTED_EDGE('',*,*,#9216,.T.);
#9221=ORIENTED_EDGE('',*,*,#9217,.T.);
#9222=ORIENTED_EDGE('',*,*,#9218,.T.);
#9223=EDGE_LOOP('',#9219,#9220,#9221,#9222);
#9224=FACE_OUTER_BOUND('',#9223,.T.);
#9225=DIRECTION('',0.453990,0.891007,0.);
#9226=ADVANCED_FACE('',#9224,#9225,.T.);
#9227=DIRECTION('',-0.987688,0.156434,0.);
#9228=LINE('',#9055,#9227);
#9229=DIRECTION('',0.,0.,1.);
#9230=LINE('',#9057,#9229);
#9231=DIRECTION('',0.987688,-0.156434,0.);
#9232=LINE('',#9058,#9231);
#9233=DIRECTION('',0.,0.,-1.);
#9234=LINE('',#9056,#9233);
#9235=EDGE_CURVE('',#9091,#9092,#9228,.T.);
#9236=EDGE_CURVE('',#9092,#9112,#9230,.T.);
#9237=EDGE_CURVE('',#9112,#9111,#9232,.T.);
#9238=EDGE_CURVE('',#9111,#9091,#9234,.T.);
#9239=ORIENTED_EDGE('',*,*,#9235,.T.);
#9240=ORIENTED_EDGE('',*,*,#9236,.T.);
#9241=ORIENTED_EDGE('',*,*,#9237,.T.);
#9242=ORIENTED_EDGE('',*,*,#9238,.T.);
#9243=EDGE_LOOP('',#9239,#9240,#9241,#9242);
#9244=FACE_OUTER_BOUND('',#9243,.T.);
#9245=DIRECTION('',0.156434,0.987688,0.);
#9246=ADVANCED_FACE('',#9244,#9245,.T.);
#9247=DIRECTION('',-0.987688,-0.156434,0.);
#9248=LINE('',#9057,#9247);
#9249=DIRECTION('',0.,0.,1.);
#9250=LINE('',#9059,#9249);
#9251=DIRECTION('',0.987688,0.156434,0.);
#9252=LINE('',#9060,#9251);
#9253=DIRECTION('',0.,0.,-1.);
#9254=LINE('',#9058,#9253);
#9255=EDGE_CURVE('',#9092,#9093,#9248,.T.);
#9256=EDGE_CURVE('',#9093,#9113,#9250,.T.);
#9257=EDGE_CURVE('',#9113,#9112,#9252,.T.);
#9258=EDGE_CURVE('',#9112,#9092,#9254,.T.);
#9259=ORIENTED_EDGE('',*,*,#9255,.T.);
#9260=ORIENTED_EDGE('',*,*,#9256,.T.);
#9261=ORIENTED_EDGE('',*,*,#9257,.T.);
#9262=ORIENTED_EDGE('',*,*,#9258,.T.);
#9263=EDGE_LOOP('',#9259,#9260,#9261,#9262);
#9264=FACE_OUTER_BOUND('',#9263,.T.);
#9265=DIRECTION('',-0.156434,0.987688,0.);
#9266=ADVANCED_FACE('',#9264,#9265,.T.);
#9267=DIRECTION('',-0.891007,-0.453990,0.);
#9268=LINE('',#9059,#9267);
#9269=DIRECTION('',0.,0.,1.);
#9270=LINE('',#9061,#9269);
#9271=DIRECTION('',0.891007,0.453990,0.);
#9272=LINE('',#9062,#9271);
#9273=DIRECTION('',0.,0.,-1.);
#9274=LINE('',#9060,#9273);
#9275=EDGE_CURVE('',#9093,#9094,#9268,.T.);
#9276=EDGE_CURVE('',#9094,#9114,#9270,.T.);
#9277=EDGE_CURVE('',#9114,#9113,#9272,.T.);
#9278=EDGE_CURVE('',#9113,#9093,#9274,.T.);
#9279=ORIENTED_EDGE('',*,*,#9275,.T.);
#9280=ORIENTED_EDGE('',*,*,#9276,.T.);
#9281=ORIENTED_EDGE('',*,*,#9277,.T.);
#9282=ORIENTED_EDGE('',*,*,#9278,.T.);
#9283=EDGE_LOOP('',#9279,#9280,#9281,#9282);
#9284=FACE_OUTER_BOUND('',#9283,.T.);
#9285=DIRECTION('',-0.453990,0.891007,0.);
#9286=ADVANCED_FACE('',#9284,#9285,.T.);
#9287=DIRECTION('',-0.707107,-0.707107,0.);
#9288=LINE('',#9061,#9287);
#9289=DIRECTION('',0.,0.,1.);
#9290=LINE('',#9063,#9289);
#9291=DIRECTION('',0.707107,0.707107,0.);
#9292=LINE('',#9064,#9291);
#9293=DIRECTION('',0.,0.,-1.);
#9294=LINE('',#9062,#9293);
#9295=EDGE_CURVE('',#9094,#9095,#9288,.T.);
#9296=EDGE_CURVE('',#9095,#9115,#9290,.T.);
#9297=EDGE_CURVE('',#9115,#9114,#9292,.T.);
#9298=EDGE_CURVE('',#9114,#9094,#9294,.T.);
#9299=ORIENTED_EDGE('',*,*,#9295,.T.);
#9300=ORIENTED_EDGE('',*,*,#9296,.T.);
#9301=ORIENTED_EDGE('',*,*,#9297,.T.);
#9302=ORIENTED_EDGE('',*,*,#9298,.T.);
#9303=EDGE_LOOP('',#9299,#9300,#9301,#9302);
#9304=FACE_OUTER_BOUND('',#9303,.T.);
#9305=DIRECTION('',-0.707107,0.707107,0.);
#9306=ADVANCED_FACE('',#9304,#9305,.T.);
#9307=DIRECTION('',-0.453990,-0.891007,0.);
#9308=LINE('',#9063,#9307);
#9309=DIRECTION('',0.,0.,1.);
#9310=LINE('',#9065,#9309);
#9311=DIRECTION('',0.453990,0.891007,0.);
#9312=LINE('',#9066,#9311);
#9313=DIRECTION('',0.,0.,-1.);
#9314=LINE('',#9064,#9313);
#9315=EDGE_CURVE('',#9095,#9096,#9308,.T.);
#9316=EDGE_CURVE('',#9096,#9116,#9310,.T.);
#9317=EDGE_CURVE('',#9116,#9115,#9312,.T.);
#9318=EDGE_CURVE('',#9115,#9095,#9314,.T.);
#9319=ORIENTED_EDGE('',*,*,#9315,.T.);
#9320=ORIENTED_EDGE('',*,*,#9316,.T.);
#9321=ORIENTED_EDGE('',*,*,#9317,.T.);
#9322=ORIENTED_EDGE('',*,*,#9318,.T.);
#9323=EDGE_LOOP('',#9319,#9320,#9321,#9322);
#9324=FACE_OUTER_BOUND('',#9323,.T.);
#9325=DIRECTION('',-0.891007,0.453990,0.);
#9326=ADVANCED_FACE('',#9324,#9325,.T.);
#9327=DIRECTION('',-0.156434,-0.987688,0.);
#9328=LINE('',#9065,#9327);
#9329=DIRECTION('',0.,0.,1.);
#9330=LINE('',#9067,#9329);
#9331=DIRECTION('',0.156434,0.987688,0.);
#9332=LINE('',#9068,#9331);
#9333=DIRECTION('',0.,0.,-1.);
#9334=LINE('',#9066,#9333);
#9335=EDGE_CURVE('',#9096,#9097,#9328,.T.);
#9336=EDGE_CURVE('',#9097,#9117,#9330,.T.);
#9337=EDGE_CURVE('',#9117,#9116,#9332,.T.);
#9338=EDGE_CURVE('',#9116,#9096,#9334,.T.);
#9339=ORIENTED_EDGE('',*,*,#9335,.T.);
#9340=ORIENTED_EDGE('',*,*,#9336,.T.);
#9341=ORIENTED_EDGE('',*,*,#9337,.T.);
#9342=ORIENTED_EDGE('',*,*,#9338,.T.);
#9343=EDGE_LOOP('',#9339,#9340,#9341,#9342);
#9344=FACE_OUTER_BOUND('',#9343,.T.);
#9345=DIRECTION('',-0.987688,0.156434,0.);
#9346=ADVANCED_FACE('',#9344,#9345,.T.);
#9347=DIRECTION('',0.156434,-0.987688,0.);
#9348=LINE('',#9067,#9347);
#9349=DIRECTION('',0.,0.,1.);
#9350=LINE('',#9069,#9349);
#9351=DIRECTION('',-0.156434,0.987688,0.);
#9352=LINE('',#9070,#9351);
#9353=DIRECTION('',0.,0.,-1.);
#9354=LINE('',#9068,#9353);
#9355=EDGE_CURVE('',#9097,#9098,#9348,.T.);
#9356=EDGE_CURVE('',#9098,#9118,#9350,.T.);
#9357=EDGE_CURVE('',#9118,#9117,#9352,.T.);
#9358=EDGE_CURVE('',#9117,#9097,#9354,.T.);
#9359=ORIENTED_EDGE('',*,*,#9355,.T.);
#9360=ORIENTED_EDGE('',*,*,#9356,.T.);
#9361=ORIENTED_EDGE('',*,*,#9357,.T.);
#9362=ORIENTED_EDGE('',*,*,#9358,.T.);
#9363=EDGE_LOOP('',#9359,#9360,#9361,#9362);
#9364=FACE_OUTER_BOUND('',#9363,.T.);
#9365=DIRECTION('',-0.987688,-0.156434,0.);
#9366=ADVANCED_FACE('',#9364,#9365,.T.);
#9367=DIRECTION('',0.453990,-0.891007,0.);
#9368=LINE('',#9069,#9367);
#9369=DIRECTION('',0.,0.,1.);
#9370=LINE('',#9071,#9369);
#9371=DIRECTION('',-0.453990,0.891007,0.);
#9372=LINE('',#9072,#9371);
#9373=DIRECTION('',0.,0.,-1.);
#9374=LINE('',#9070,#9373);
#9375=EDGE_CURVE('',#9098,#9099,#9368,.T.);
#9376=EDGE_CURVE('',#9099,#9119,#9370,.T.);
#9377=EDGE_CURVE('',#9119,#9118,#9372,.T.);
#9378=EDGE_CURVE('',#9118,#9098,#9374,.T.);
#9379=ORIENTED_EDGE('',*,*,#9375,.T.);
#9380=ORIENTED_EDGE('',*,*,#9376,.T.);
#9381=ORIENTED_EDGE('',*,*,#9377,.T.);
#9382=ORIENTED_EDGE('',*,*,#9378,.T.);
#9383=EDGE_LOOP('',#9379,#9380,#9381,#9382);
#9384=FACE_OUTER_BOUND('',#9383,.T.);
#9385=DIRECTION('',-0.891007,-0.453990,0.);
#9386=ADVANCED_FACE('',#9384,#9385,.T.);
#9387=DIRECTION('',0.707107,-0.707107,0.);
#9388=LINE('',#9071,#9387);
#9389=DIRECTION('',0.,0.,1.);
#9390=LINE('',#9073,#9389);
#9391=DIRECTION('',-0.707107,0.707107,0.);
#9392=LINE('',#9074,#9391);
#9393=DIRECTION('',0.,0.,-1.);
#9394=LINE('',#9072,#9393);
#9395=EDGE_CURVE('',#9099,#9100,#9388,.T.);
#9396=EDGE_CURVE('',#9100,#9120,#9390,.T.);
#9397=EDGE_CURVE('',#9120,#9119,#9392,.T.);
#9398=EDGE_CURVE('',#9119,#9099,#9394,.T.);
#9399=ORIENTED_EDGE('',*,*,#9395,.T.);
#9400=ORIENTED_EDGE('',*,*,#9396,.T.);
#9401=ORIENTED_EDGE('',*,*,#9397,.T.);
#9402=ORIENTED_EDGE('',*,*,#9398,.T.);
#9403=EDGE_LOOP('',#9399,#9400,#9401,#9402);
#9404=FACE_OUTER_BOUND('',#9403,.T.);
#9405=DIRECTION('',-0.707107,-0.707107,0.);
#9406=ADVANCED_FACE('',#9404,#9405,.T.);
#9407=DIRECTION('',0.891007,-0.453990,0.);
#9408=LINE('',#9073,#9407);
#9409=DIRECTION('',0.,0.,1.);
#9410=LINE('',#9075,#9409);
#9411=DIRECTION('',-0.891007,0.453990,0.);
#9412=LINE('',#9076,#9411);
#9413=DIRECTION('',0.,0.,-1.);
#9414=LINE('',#9074,#9413);
#9415=EDGE_CURVE('',#9100,#9101,#9408,.T.);
#9416=EDGE_CURVE('',#9101,#9121,#9410,.T.);
#9417=EDGE_CURVE('',#9121,#9120,#9412,.T.);
#9418=EDGE_CURVE('',#9120,#9100,#9414,.T.);
#9419=ORIENTED_EDGE('',*,*,#9415,.T.);
#9420=ORIENTED_EDGE('',*,*,#9416,.T.);
#9421=ORIENTED_EDGE('',*,*,#9417,.T.);
#9422=ORIENTED_EDGE('',*,*,#9418,.T.);
#9423=EDGE_LOOP('',#9419,#9420,#9421,#9422);
#9424=FACE_OUTER_BOUND('',#9423,.T.);
#9425=DIRECTION('',-0.453990,-0.891007,0.);
#9426=ADVANCED_FACE('',#9424,#9425,.T.);
#9427=DIRECTION('',0.987688,-0.156434,0.);
#9428=LINE('',#9075,#9427);
#9429=DIRECTION('',0.,0.,1.);
#9430=LINE('',#9077,#9429);
#9431=DIRECTION('',-0.987688,0.156434,0.);
#9432=LINE('',#9078,#9431);
#9433=DIRECTION('',0.,0.,-1.);
#9434=LINE('',#9076,#9433);
#9435=EDGE_CURVE('',#9101,#9102,#9428,.T.);
#9436=EDGE_CURVE('',#9102,#9122,#9430,.T.);
#9437=EDGE_CURVE('',#9122,#9121,#9432,.T.);
#9438=EDGE_CURVE('',#9121,#9101,#9434,.T.);
#9439=ORIENTED_EDGE('',*,*,#9435,.T.);
#9440=ORIENTED_EDGE('',*,*,#9436,.T.);
#9441=ORIENTED_EDGE('',*,*,#9437,.T.);
#9442=ORIENTED_EDGE('',*,*,#9438,.T.);
#9443=EDGE_LOOP('',#9439,#9440,#9441,#9442);
#9444=FACE_OUTER_BOUND('',#9443,.T.);
#9445=DIRECTION('',-0.156434,-0.987688,0.);
#9446=ADVANCED_FACE('',#9444,#9445,.T.);
#9447=DIRECTION('',0.987688,0.156434,0.);
#9448=LINE('',#9077,#9447);
#9449=DIRECTION('',0.,0.,1.);
#9450=LINE('',#9079,#9449);
#9451=DIRECTION('',-0.987688,-0.156434,0.);
#9452=LINE('',#9080,#9451);
#9453=DIRECTION('',0.,0.,-1.);
#9454=LINE('',#9078,#9453);
#9455=EDGE_CURVE('',#9102,#9103,#9448,.T.);
#9456=EDGE_CURVE('',#9103,#9123,#9450,.T.);
#9457=EDGE_CURVE('',#9123,#9122,#9452,.T.);
#9458=EDGE_CURVE('',#9122,#9102,#9454,.T.);
#9459=ORIENTED_EDGE('',*,*,#9455,.T.);
#9460=ORIENTED_EDGE('',*,*,#9456,.T.);
#9461=ORIENTED_EDGE('',*,*,#9457,.T.);
#9462=ORIENTED_EDGE('',*,*,#9458,.T.);
#9463=EDGE_LOOP('',#9459,#9460,#9461,#9462);
#9464=FACE_OUTER_BOUND('',#9463,.T.);
#9465=DIRECTION('',0.156434,-0.987688,0.);
#9466=ADVANCED_FACE('',#9464,#9465,.T.);
#9467=DIRECTION('',0.891007,0.453990,0.);
#9468=LINE('',#9079,#9467);
#9469=DIRECTION('',0.,0.,1.);
#9470=LINE('',#9081,#9469);
#9471=DIRECTION('',-0.891007,-0.453990,0.);
#9472=LINE('',#9082,#9471);
#9473=DIRECTION('',0.,0.,-1.);
#9474=LINE('',#9080,#9473);
#9475=EDGE_CURVE('',#9103,#9104,#9468,.T.);
#9476=EDGE_CURVE('',#9104,#9124,#9470,.T.);
#9477=EDGE_CURVE('',#9124,#9123,#9472,.T.);
#9478=EDGE_CURVE('',#9123,#9103,#9474,.T.);
#9479=ORIENTED_EDGE('',*,*,#9475,.T.);
#9480=ORIENTED_EDGE('',*,*,#9476,.T.);
#9481=ORIENTED_EDGE('',*,*,#9477,.T.);
#9482=ORIENTED_EDGE('',*,*,#9478,.T.);
#9483=EDGE_LOOP('',#9479,#9480,#9481,#9482);
#9484=FACE_OUTER_BOUND('',#9483,.T.);
#9485=DIRECTION('',0.453990,-0.891007,0.);
#9486=ADVANCED_FACE('',#9484,#9485,.T.);
#9487=DIRECTION('',0.707107,0.707107,0.);
#9488=LINE('',#9081,#9487);
#9489=DIRECTION('',0.,0.,1.);
#9490=LINE('',#9083,#9489);
#9491=DIRECTION('',-0.707107,-0.707107,0.);
#9492=LINE('',#9084,#9491);
#9493=DIRECTION('',0.,0.,-1.);
#9494=LINE('',#9082,#9493);
#9495=EDGE_CURVE('',#9104,#9105,#9488,.T.);
#9496=EDGE_CURVE('',#9105,#9125,#9490,.T.);
#9497=EDGE_CURVE('',#9125,#9124,#9492,.T.);
#9498=EDGE_CURVE('',#9124,#9104,#9494,.T.);
#9499=ORIENTED_EDGE('',*,*,#9495,.T.);
#9500=ORIENTED_EDGE('',*,*,#9496,.T.);
#9501=ORIENTED_EDGE('',*,*,#9497,.T.);
#9502=ORIENTED_EDGE('',*,*,#9498,.T.);
#9503=EDGE_LOOP('',#9499,#9500,#9501,#9502);
#9504=FACE_OUTER_BOUND('',#9503,.T.);
#9505=DIRECTION('',0.707107,-0.707107,0.);
#9506=ADVANCED_FACE('',#9504,#9505,.T.);
#9507=DIRECTION('',0.453990,0.891007,0.);
#9508=LINE('',#9083,#9507);
#9509=DIRECTION('',0.,0.,1.);
#9510=LINE('',#9085,#9509);
#9511=DIRECTION('',-0.453990,-0.891007,0.);
#9512=LINE('',#9086,#9511);
#9513=DIRECTION('',0.,0.,-1.);
#9514=LINE('',#9084,#9513);
#9515=EDGE_CURVE('',#9105,#9106,#9508,.T.);
#9516=EDGE_CURVE('',#9106,#9126,#9510,.T.);
#9517=EDGE_CURVE('',#9126,#9125,#9512,.T.);
#9518=EDGE_CURVE('',#9125,#9105,#9514,.T.);
#9519=ORIENTED_EDGE('',*,*,#9515,.T.);
#9520=ORIENTED_EDGE('',*,*,#9516,.T.);
#9521=ORIENTED_EDGE('',*,*,#9517,.T.);
#9522=ORIENTED_EDGE('',*,*,#9518,.T.);
#9523=EDGE_LOOP('',#9519,#9520,#9521,#9522);
#9524=FACE_OUTER_BOUND('',#9523,.T.);
#9525=DIRECTION('',0.891007,-0.453990,0.);
#9526=ADVANCED_FACE('',#9524,#9525,.T.);
#9527=DIRECTION('',0.156434,0.987688,0.);
#9528=LINE('',#9085,#9527);
#9529=DIRECTION('',0.,0.,1.);
#9530=LINE('',#9047,#9529);
#9531=DIRECTION('',-0.156434,-0.987688,0.);
#9532=LINE('',#9048,#9531);
#9533=DIRECTION('',0.,0.,-1.);
#9534=LINE('',#9086,#9533);
#9535=EDGE_CURVE('',#9106,#9087,#9528,.T.);
#9536=EDGE_CURVE('',#9087,#9107,#9530,.T.);
#9537=EDGE_CURVE('',#9107,#9126,#9532,.T.);
#9538=EDGE_CURVE('',#9126,#9106,#9534,.T.);
#9539=ORIENTED_EDGE('',*,*,#9535,.T.);
#9540=ORIENTED_EDGE('',*,*,#9536,.T.);
#9541=ORIENTED_EDGE('',*,*,#9537,.T.);
#9542=ORIENTED_EDGE('',*,*,#9538,.T.);
#9543=EDGE_LOOP('',#9539,#9540,#9541,#9542);
#9544=FACE_OUTER_BOUND('',#9543,.T.);
#9545=DIRECTION('',-0.987688,0.156434,0.);
#9546=ADVANCED_FACE('',#9544,#9545,.T.);
#9547=CLOSED_SHELL('',#9136,#9146,#9166,#9186,#9206,#9226,#9246,#9266,#9286,#9306,#9326,#9346,#9366,#9386,#9406,#9426,#9446,#9466,#9486,#9506,#9526,#9546);
#9548=MANIFOLD_SOLID_BREP('',#9547);
#9549=CARTESIAN_POINT('',(0.000000,80.000000,0.000000));
#9550=DIRECTION('',0.,0.,1.);
#9551=DIRECTION('',1.,0.,0.);
#9552=AXIS2_PLACEMENT_3D('',#9549,#9550,#9551);
#9553=ADVANCED_BREP_SHAPE_REPRESENTATION('',#9548,#9552);
#9554=SHAPE_DEFINITION_REPRESENTATION(#9046,#9553);
#9555=CARTESIAN_POINT('',(3.000000,120.000000,0.000000));
#9556=CARTESIAN_POINT('',(3.000000,120.000000,12.000000));
#9557=CARTESIAN_POINT('',(2.853170,120.927051,0.000000));
#9558=CARTESIAN_POINT('',(2.853170,120.927051,12.000000));
#9559=CARTESIAN_POINT('',(2.427051,121.763356,0.000000));
#9560=CARTESIAN_POINT('',(2.427051,121.763356,12.000000));
#9561=CARTESIAN_POINT('',(1.763356,122.427051,0.000000));
#9562=CARTESIAN_POINT('',(1.763356,122.427051,12.000000));
#9563=CARTESIAN_POINT('',(0.927051,122.853170,0.000000));
#9564=CARTESIAN_POINT('',(0.927051,122.853170,12.000000));
#9565=CARTESIAN_POINT('',(0.000000,123.000000,0.000000));
#9566=CARTESIAN_POINT('',(0.000000,123.000000,12.000000));
#9567=CARTESIAN_POINT('',(-0.927051,122.853170,0.000000));
#9568=CARTESIAN_POINT('',(-0.927051,122.853170,12.000000));
#9569=CARTESIAN_POINT('',(-1.763356,122.427051,0.000000));
#9570=CARTESIAN_POINT('',(-1.763356,122.427051,12.000000));
#9571=CARTESIAN_POINT('',(-2.427051,121.763356,0.000000));
#9572=CARTESIAN_POINT('',(-2.427051,121.763356,12.000000));
#9573=CARTESIAN_POINT('',(-2.853170,120.927051,0.000000));
#9574=CARTESIAN_POINT('',(-2.853170,120.927051,12.000000));
#9575=CARTESIAN_POINT('',(-3.000000,120.000000,0.000000));
#9576=CARTESIAN_POINT('',(-3.000000,120.000000,12.000000));
#9577=CARTESIAN_POINT('',(-2.853170,119.072949,0.000000));
#9578=CARTESIAN_POINT('',(-2.853170,119.072949,12.000000));
#9579=CARTESIAN_POINT('',(-2.427051,118.236644,0.000000));
#9580=CARTESIAN_POINT('',(-2.427051,118.236644,12.000000));
#9581=CARTESIAN_POINT('',(-1.763356,117.572949,0.000000));
#9582=CARTESIAN_POINT('',(-1.763356,117.572949,12.000000));
#9583=CARTESIAN_POINT('',(-0.927051,117.146830,0.000000));
#9584=CARTESIAN_POINT('',(-0.927051,117.146830,12.000000));
#9585=CARTESIAN_POINT('',(-0.000000,117.000000,0.000000));
#9586=CARTESIAN_POINT('',(-0.000000,117.000000,12.000000));
#9587=CARTESIAN_POINT('',(0.927051,117.146830,0.000000));
#9588=CARTESIAN_POINT('',(0.927051,117.146830,12.000000));
#9589=CARTESIAN_POINT('',(1.763356,117.572949,0.000000));
#9590=CARTESIAN_POINT('',(1.763356,117.572949,12.000000));
#9591=CARTESIAN_POINT('',(2.427051,118.236644,0.000000));
#9592=CARTESIAN_POINT('',(2.427051,118.236644,12.000000));
#9593=CARTESIAN_POINT('',(2.853170,119.072949,0.000000));
#9594=CARTESIAN_POINT('',(2.853170,119.072949,12.000000));
#9595=VERTEX_POINT('',#9555);
#9596=VERTEX_POINT('',#9557);
#9597=VERTEX_POINT('',#9559);
#9598=VERTEX_POINT('',#9561);
#9599=VERTEX_POINT('',#9563);
#9600=VERTEX_POINT('',#9565);
#9601=VERTEX_POINT('',#9567);
#9602=VERTEX_POINT('',#9569);
#9603=VERTEX_POINT('',#9571);
#9604=VERTEX_POINT('',#9573);
#9605=VERTEX_POINT('',#9575);
#9606=VERTEX_POINT('',#9577);
#9607=VERTEX_POINT('',#9579);
#9608=VERTEX_POINT('',#9581);
#9609=VERTEX_POINT('',#9583);
#9610=VERTEX_POINT('',#9585);
#9611=VERTEX_POINT('',#9587);
#9612=VERTEX_POINT('',#9589);
#9613=VERTEX_POINT('',#9591);
#9614=VERTEX_POINT('',#9593);
#9615=VERTEX_POINT('',#9556);
#9616=VERTEX_POINT('',#9558);
#9617=VERTEX_POINT('',#9560);
#9618=VERTEX_POINT('',#9562);
#9619=VERTEX_POINT('',#9564);
#9620=VERTEX_POINT('',#9566);
#9621=VERTEX_POINT('',#9568);
#9622=VERTEX_POINT('',#9570);
#9623=VERTEX_POINT('',#9572);
#9624=VERTEX_POINT('',#9574);
#9625=VERTEX_POINT('',#9576);
#9626=VERTEX_POINT('',#9578);
#9627=VERTEX_POINT('',#9580);
#9628=VERTEX_POINT('',#9582);
#9629=VERTEX_POINT('',#9584);
#9630=VERTEX_POINT('',#9586);
#9631=VERTEX_POINT('',#9588);
#9632=VERTEX_POINT('',#9590);
#9633=VERTEX_POINT('',#9592);
#9634=VERTEX_POINT('',#9594);
#9635=CARTESIAN_POINT('',(0.000000,120.000000,0.000000));
#9636=DIRECTION('',0.,0.,-1.);
#9637=DIRECTION('',1.,0.,0.);
#9638=AXIS2_PLACEMENT_3D('',#9635,#9636,#9637);
#9639=CIRCLE('',#9638,3.000000);
#9640=EDGE_CURVE('',#9595,#9595,#9639,.T.);
#9641=ORIENTED_EDGE('',*,*,#9640,.T.);
#9642=EDGE_LOOP('',#9641);
#9643=FACE_OUTER_BOUND('',#9642,.T.);
#9644=ADVANCED_FACE('',#9643,#9636,.T.);
#9645=CARTESIAN_POINT('',(0.000000,120.000000,12.000000));
#9646=DIRECTION('',0.,0.,1.);
#9647=DIRECTION('',1.,0.,0.);
#9648=AXIS2_PLACEMENT_3D('',#9645,#9646,#9647);
#9649=CIRCLE('',#9648,3.000000);
#9650=EDGE_CURVE('',#9615,#9615,#9649,.T.);
#9651=ORIENTED_EDGE('',*,*,#9650,.T.);
#9652=EDGE_LOOP('',#9651);
#9653=FACE_OUTER_BOUND('',#9652,.T.);
#9654=ADVANCED_FACE('',#9653,#9646,.T.);
#9655=DIRECTION('',-0.156434,0.987688,0.);
#9656=LINE('',#9555,#9655);
#9657=DIRECTION('',0.,0.,1.);
#9658=LINE('',#9557,#9657);
#9659=DIRECTION('',0.156434,-0.987688,0.);
#9660=LINE('',#9558,#9659);
#9661=DIRECTION('',0.,0.,-1.);
#9662=LINE('',#9556,#9661);
#9663=EDGE_CURVE('',#9595,#9596,#9656,.T.);
#9664=EDGE_CURVE('',#9596,#9616,#9658,.T.);
#9665=EDGE_CURVE('',#9616,#9615,#9660,.T.);
#9666=EDGE_CURVE('',#9615,#9595,#9662,.T.);
#9667=ORIENTED_EDGE('',*,*,#9663,.T.);
#9668=ORIENTED_EDGE('',*,*,#9664,.T.);
#9669=ORIENTED_EDGE('',*,*,#9665,.T.);
#9670=ORIENTED_EDGE('',*,*,#9666,.T.);
#9671=EDGE_LOOP('',#9667,#9668,#9669,#9670);
#9672=FACE_OUTER_BOUND('',#9671,.T.);
#9673=DIRECTION('',0.987688,0.156434,0.);
#9674=ADVANCED_FACE('',#9672,#9673,.T.);
#9675=DIRECTION('',-0.453990,0.891007,0.);
#9676=LINE('',#9557,#9675);
#9677=DIRECTION('',0.,0.,1.);
#9678=LINE('',#9559,#9677);
#9679=DIRECTION('',0.453990,-0.891007,0.);
#9680=LINE('',#9560,#9679);
#9681=DIRECTION('',0.,0.,-1.);
#9682=LINE('',#9558,#9681);
#9683=EDGE_CURVE('',#9596,#9597,#9676,.T.);
#9684=EDGE_CURVE('',#9597,#9617,#9678,.T.);
#9685=EDGE_CURVE('',#9617,#9616,#9680,.T.);
#9686=EDGE_CURVE('',#9616,#9596,#9682,.T.);
#9687=ORIENTED_EDGE('',*,*,#9683,.T.);
#9688=ORIENTED_EDGE('',*,*,#9684,.T.);
#9689=ORIENTED_EDGE('',*,*,#9685,.T.);
#9690=ORIENTED_EDGE('',*,*,#9686,.T.);
#9691=EDGE_LOOP('',#9687,#9688,#9689,#9690);
#9692=FACE_OUTER_BOUND('',#9691,.T.);
#9693=DIRECTION('',0.891007,0.453990,0.);
#9694=ADVANCED_FACE('',#9692,#9693,.T.);
#9695=DIRECTION('',-0.707107,0.707107,0.);
#9696=LINE('',#9559,#9695);
#9697=DIRECTION('',0.,0.,1.);
#9698=LINE('',#9561,#9697);
#9699=DIRECTION('',0.707107,-0.707107,0.);
#9700=LINE('',#9562,#9699);
#9701=DIRECTION('',0.,0.,-1.);
#9702=LINE('',#9560,#9701);
#9703=EDGE_CURVE('',#9597,#9598,#9696,.T.);
#9704=EDGE_CURVE('',#9598,#9618,#9698,.T.);
#9705=EDGE_CURVE('',#9618,#9617,#9700,.T.);
#9706=EDGE_CURVE('',#9617,#9597,#9702,.T.);
#9707=ORIENTED_EDGE('',*,*,#9703,.T.);
#9708=ORIENTED_EDGE('',*,*,#9704,.T.);
#9709=ORIENTED_EDGE('',*,*,#9705,.T.);
#9710=ORIENTED_EDGE('',*,*,#9706,.T.);
#9711=EDGE_LOOP('',#9707,#9708,#9709,#9710);
#9712=FACE_OUTER_BOUND('',#9711,.T.);
#9713=DIRECTION('',0.707107,0.707107,0.);
#9714=ADVANCED_FACE('',#9712,#9713,.T.);
#9715=DIRECTION('',-0.891007,0.453990,0.);
#9716=LINE('',#9561,#9715);
#9717=DIRECTION('',0.,0.,1.);
#9718=LINE('',#9563,#9717);
#9719=DIRECTION('',0.891007,-0.453990,0.);
#9720=LINE('',#9564,#9719);
#9721=DIRECTION('',0.,0.,-1.);
#9722=LINE('',#9562,#9721);
#9723=EDGE_CURVE('',#9598,#9599,#9716,.T.);
#9724=EDGE_CURVE('',#9599,#9619,#9718,.T.);
#9725=EDGE_CURVE('',#9619,#9618,#9720,.T.);
#9726=EDGE_CURVE('',#9618,#9598,#9722,.T.);
#9727=ORIENTED_EDGE('',*,*,#9723,.T.);
#9728=ORIENTED_EDGE('',*,*,#9724,.T.);
#9729=ORIENTED_EDGE('',*,*,#9725,.T.);
#9730=ORIENTED_EDGE('',*,*,#9726,.T.);
#9731=EDGE_LOOP('',#9727,#9728,#9729,#9730);
#9732=FACE_OUTER_BOUND('',#9731,.T.);
#9733=DIRECTION('',0.453990,0.891007,0.);
#9734=ADVANCED_FACE('',#9732,#9733,.T.);
#9735=DIRECTION('',-0.987688,0.156434,0.);
#9736=LINE('',#9563,#9735);
#9737=DIRECTION('',0.,0.,1.);
#9738=LINE('',#9565,#9737);
#9739=DIRECTION('',0.987688,-0.156434,0.);
#9740=LINE('',#9566,#9739);
#9741=DIRECTION('',0.,0.,-1.);
#9742=LINE('',#9564,#9741);
#9743=EDGE_CURVE('',#9599,#9600,#9736,.T.);
#9744=EDGE_CURVE('',#9600,#9620,#9738,.T.);
#9745=EDGE_CURVE('',#9620,#9619,#9740,.T.);
#9746=EDGE_CURVE('',#9619,#9599,#9742,.T.);
#9747=ORIENTED_EDGE('',*,*,#9743,.T.);
#9748=ORIENTED_EDGE('',*,*,#9744,.T.);
#9749=ORIENTED_EDGE('',*,*,#9745,.T.);
#9750=ORIENTED_EDGE('',*,*,#9746,.T.);
#9751=EDGE_LOOP('',#9747,#9748,#9749,#9750);
#9752=FACE_OUTER_BOUND('',#9751,.T.);
#9753=DIRECTION('',0.156434,0.987688,0.);
#9754=ADVANCED_FACE('',#9752,#9753,.T.);
#9755=DIRECTION('',-0.987688,-0.156434,0.);
#9756=LINE('',#9565,#9755);
#9757=DIRECTION('',0.,0.,1.);
#9758=LINE('',#9567,#9757);
#9759=DIRECTION('',0.987688,0.156434,0.);
#9760=LINE('',#9568,#9759);
#9761=DIRECTION('',0.,0.,-1.);
#9762=LINE('',#9566,#9761);
#9763=EDGE_CURVE('',#9600,#9601,#9756,.T.);
#9764=EDGE_CURVE('',#9601,#9621,#9758,.T.);
#9765=EDGE_CURVE('',#9621,#9620,#9760,.T.);
#9766=EDGE_CURVE('',#9620,#9600,#9762,.T.);
#9767=ORIENTED_EDGE('',*,*,#9763,.T.);
#9768=ORIENTED_EDGE('',*,*,#9764,.T.);
#9769=ORIENTED_EDGE('',*,*,#9765,.T.);
#9770=ORIENTED_EDGE('',*,*,#9766,.T.);
#9771=EDGE_LOOP('',#9767,#9768,#9769,#9770);
#9772=FACE_OUTER_BOUND('',#9771,.T.);
#9773=DIRECTION('',-0.156434,0.987688,0.);
#9774=ADVANCED_FACE('',#9772,#9773,.T.);
#9775=DIRECTION('',-0.891007,-0.453990,0.);
#9776=LINE('',#9567,#9775);
#9777=DIRECTION('',0.,0.,1.);
#9778=LINE('',#9569,#9777);
#9779=DIRECTION('',0.891007,0.453990,0.);
#9780=LINE('',#9570,#9779);
#9781=DIRECTION('',0.,0.,-1.);
#9782=LINE('',#9568,#9781);
#9783=EDGE_CURVE('',#9601,#9602,#9776,.T.);
#9784=EDGE_CURVE('',#9602,#9622,#9778,.T.);
#9785=EDGE_CURVE('',#9622,#9621,#9780,.T.);
#9786=EDGE_CURVE('',#9621,#9601,#9782,.T.);
#9787=ORIENTED_EDGE('',*,*,#9783,.T.);
#9788=ORIENTED_EDGE('',*,*,#9784,.T.);
#9789=ORIENTED_EDGE('',*,*,#9785,.T.);
#9790=ORIENTED_EDGE('',*,*,#9786,.T.);
#9791=EDGE_LOOP('',#9787,#9788,#9789,#9790);
#9792=FACE_OUTER_BOUND('',#9791,.T.);
#9793=DIRECTION('',-0.453990,0.891007,0.);
#9794=ADVANCED_FACE('',#9792,#9793,.T.);
#9795=DIRECTION('',-0.707107,-0.707107,0.);
#9796=LINE('',#9569,#9795);
#9797=DIRECTION('',0.,0.,1.);
#9798=LINE('',#9571,#9797);
#9799=DIRECTION('',0.707107,0.707107,0.);
#9800=LINE('',#9572,#9799);
#9801=DIRECTION('',0.,0.,-1.);
#9802=LINE('',#9570,#9801);
#9803=EDGE_CURVE('',#9602,#9603,#9796,.T.);
#9804=EDGE_CURVE('',#9603,#9623,#9798,.T.);
#9805=EDGE_CURVE('',#9623,#9622,#9800,.T.);
#9806=EDGE_CURVE('',#9622,#9602,#9802,.T.);
#9807=ORIENTED_EDGE('',*,*,#9803,.T.);
#9808=ORIENTED_EDGE('',*,*,#9804,.T.);
#9809=ORIENTED_EDGE('',*,*,#9805,.T.);
#9810=ORIENTED_EDGE('',*,*,#9806,.T.);
#9811=EDGE_LOOP('',#9807,#9808,#9809,#9810);
#9812=FACE_OUTER_BOUND('',#9811,.T.);
#9813=DIRECTION('',-0.707107,0.707107,0.);
#9814=ADVANCED_FACE('',#9812,#9813,.T.);
#9815=DIRECTION('',-0.453990,-0.891007,0.);
#9816=LINE('',#9571,#9815);
#9817=DIRECTION('',0.,0.,1.);
#9818=LINE('',#9573,#9817);
#9819=DIRECTION('',0.453990,0.891007,0.);
#9820=LINE('',#9574,#9819);
#9821=DIRECTION('',0.,0.,-1.);
#9822=LINE('',#9572,#9821);
#9823=EDGE_CURVE('',#9603,#9604,#9816,.T.);
#9824=EDGE_CURVE('',#9604,#9624,#9818,.T.);
#9825=EDGE_CURVE('',#9624,#9623,#9820,.T.);
#9826=EDGE_CURVE('',#9623,#9603,#9822,.T.);
#9827=ORIENTED_EDGE('',*,*,#9823,.T.);
#9828=ORIENTED_EDGE('',*,*,#9824,.T.);
#9829=ORIENTED_EDGE('',*,*,#9825,.T.);
#9830=ORIENTED_EDGE('',*,*,#9826,.T.);
#9831=EDGE_LOOP('',#9827,#9828,#9829,#9830);
#9832=FACE_OUTER_BOUND('',#9831,.T.);
#9833=DIRECTION('',-0.891007,0.453990,0.);
#9834=ADVANCED_FACE('',#9832,#9833,.T.);
#9835=DIRECTION('',-0.156434,-0.987688,0.);
#9836=LINE('',#9573,#9835);
#9837=DIRECTION('',0.,0.,1.);
#9838=LINE('',#9575,#9837);
#9839=DIRECTION('',0.156434,0.987688,0.);
#9840=LINE('',#9576,#9839);
#9841=DIRECTION('',0.,0.,-1.);
#9842=LINE('',#9574,#9841);
#9843=EDGE_CURVE('',#9604,#9605,#9836,.T.);
#9844=EDGE_CURVE('',#9605,#9625,#9838,.T.);
#9845=EDGE_CURVE('',#9625,#9624,#9840,.T.);
#9846=EDGE_CURVE('',#9624,#9604,#9842,.T.);
#9847=ORIENTED_EDGE('',*,*,#9843,.T.);
#9848=ORIENTED_EDGE('',*,*,#9844,.T.);
#9849=ORIENTED_EDGE('',*,*,#9845,.T.);
#9850=ORIENTED_EDGE('',*,*,#9846,.T.);
#9851=EDGE_LOOP('',#9847,#9848,#9849,#9850);
#9852=FACE_OUTER_BOUND('',#9851,.T.);
#9853=DIRECTION('',-0.987688,0.156434,0.);
#9854=ADVANCED_FACE('',#9852,#9853,.T.);
#9855=DIRECTION('',0.156434,-0.987688,0.);
#9856=LINE('',#9575,#9855);
#9857=DIRECTION('',0.,0.,1.);
#9858=LINE('',#9577,#9857);
#9859=DIRECTION('',-0.156434,0.987688,0.);
#9860=LINE('',#9578,#9859);
#9861=DIRECTION('',0.,0.,-1.);
#9862=LINE('',#9576,#9861);
#9863=EDGE_CURVE('',#9605,#9606,#9856,.T.);
#9864=EDGE_CURVE('',#9606,#9626,#9858,.T.);
#9865=EDGE_CURVE('',#9626,#9625,#9860,.T.);
#9866=EDGE_CURVE('',#9625,#9605,#9862,.T.);
#9867=ORIENTED_EDGE('',*,*,#9863,.T.);
#9868=ORIENTED_EDGE('',*,*,#9864,.T.);
#9869=ORIENTED_EDGE('',*,*,#9865,.T.);
#9870=ORIENTED_EDGE('',*,*,#9866,.T.);
#9871=EDGE_LOOP('',#9867,#9868,#9869,#9870);
#9872=FACE_OUTER_BOUND('',#9871,.T.);
#9873=DIRECTION('',-0.987688,-0.156434,0.);
#9874=ADVANCED_FACE('',#9872,#9873,.T.);
#9875=DIRECTION('',0.453990,-0.891007,0.);
#9876=LINE('',#9577,#9875);
#9877=DIRECTION('',0.,0.,1.);
#9878=LINE('',#9579,#9877);
#9879=DIRECTION('',-0.453990,0.891007,0.);
#9880=LINE('',#9580,#9879);
#9881=DIRECTION('',0.,0.,-1.);
#9882=LINE('',#9578,#9881);
#9883=EDGE_CURVE('',#9606,#9607,#9876,.T.);
#9884=EDGE_CURVE('',#9607,#9627,#9878,.T.);
#9885=EDGE_CURVE('',#9627,#9626,#9880,.T.);
#9886=EDGE_CURVE('',#9626,#9606,#9882,.T.);
#9887=ORIENTED_EDGE('',*,*,#9883,.T.);
#9888=ORIENTED_EDGE('',*,*,#9884,.T.);
#9889=ORIENTED_EDGE('',*,*,#9885,.T.);
#9890=ORIENTED_EDGE('',*,*,#9886,.T.);
#9891=EDGE_LOOP('',#9887,#9888,#9889,#9890);
#9892=FACE_OUTER_BOUND('',#9891,.T.);
#9893=DIRECTION('',-0.891007,-0.453990,0.);
#9894=ADVANCED_FACE('',#9892,#9893,.T.);
#9895=DIRECTION('',0.707107,-0.707107,0.);
#9896=LINE('',#9579,#9895);
#9897=DIRECTION('',0.,0.,1.);
#9898=LINE('',#9581,#9897);
#9899=DIRECTION('',-0.707107,0.707107,0.);
#9900=LINE('',#9582,#9899);
#9901=DIRECTION('',0.,0.,-1.);
#9902=LINE('',#9580,#9901);
#9903=EDGE_CURVE('',#9607,#9608,#9896,.T.);
#9904=EDGE_CURVE('',#9608,#9628,#9898,.T.);
#9905=EDGE_CURVE('',#9628,#9627,#9900,.T.);
#9906=EDGE_CURVE('',#9627,#9607,#9902,.T.);
#9907=ORIENTED_EDGE('',*,*,#9903,.T.);
#9908=ORIENTED_EDGE('',*,*,#9904,.T.);
#9909=ORIENTED_EDGE('',*,*,#9905,.T.);
#9910=ORIENTED_EDGE('',*,*,#9906,.T.);
#9911=EDGE_LOOP('',#9907,#9908,#9909,#9910);
#9912=FACE_OUTER_BOUND('',#9911,.T.);
#9913=DIRECTION('',-0.707107,-0.707107,0.);
#9914=ADVANCED_FACE('',#9912,#9913,.T.);
#9915=DIRECTION('',0.891007,-0.453990,0.);
#9916=LINE('',#9581,#9915);
#9917=DIRECTION('',0.,0.,1.);
#9918=LINE('',#9583,#9917);
#9919=DIRECTION('',-0.891007,0.453990,0.);
#9920=LINE('',#9584,#9919);
#9921=DIRECTION('',0.,0.,-1.);
#9922=LINE('',#9582,#9921);
#9923=EDGE_CURVE('',#9608,#9609,#9916,.T.);
#9924=EDGE_CURVE('',#9609,#9629,#9918,.T.);
#9925=EDGE_CURVE('',#9629,#9628,#9920,.T.);
#9926=EDGE_CURVE('',#9628,#9608,#9922,.T.);
#9927=ORIENTED_EDGE('',*,*,#9923,.T.);
#9928=ORIENTED_EDGE('',*,*,#9924,.T.);
#9929=ORIENTED_EDGE('',*,*,#9925,.T.);
#9930=ORIENTED_EDGE('',*,*,#9926,.T.);
#9931=EDGE_LOOP('',#9927,#9928,#9929,#9930);
#9932=FACE_OUTER_BOUND('',#9931,.T.);
#9933=DIRECTION('',-0.453990,-0.891007,0.);
#9934=ADVANCED_FACE('',#9932,#9933,.T.);
#9935=DIRECTION('',0.987688,-0.156434,0.);
#9936=LINE('',#9583,#9935);
#9937=DIRECTION('',0.,0.,1.);
#9938=LINE('',#9585,#9937);
#9939=DIRECTION('',-0.987688,0.156434,0.);
#9940=LINE('',#9586,#9939);
#9941=DIRECTION('',0.,0.,-1.);
#9942=LINE('',#9584,#9941);
#9943=EDGE_CURVE('',#9609,#9610,#9936,.T.);
#9944=EDGE_CURVE('',#9610,#9630,#9938,.T.);
#9945=EDGE_CURVE('',#9630,#9629,#9940,.T.);
#9946=EDGE_CURVE('',#9629,#9609,#9942,.T.);
#9947=ORIENTED_EDGE('',*,*,#9943,.T.);
#9948=ORIENTED_EDGE('',*,*,#9944,.T.);
#9949=ORIENTED_EDGE('',*,*,#9945,.T.);
#9950=ORIENTED_EDGE('',*,*,#9946,.T.);
#9951=EDGE_LOOP('',#9947,#9948,#9949,#9950);
#9952=FACE_OUTER_BOUND('',#9951,.T.);
#9953=DIRECTION('',-0.156434,-0.987688,0.);
#9954=ADVANCED_FACE('',#9952,#9953,.T.);
#9955=DIRECTION('',0.987688,0.156434,0.);
#9956=LINE('',#9585,#9955);
#9957=DIRECTION('',0.,0.,1.);
#9958=LINE('',#9587,#9957);
#9959=DIRECTION('',-0.987688,-0.156434,0.);
#9960=LINE('',#9588,#9959);
#9961=DIRECTION('',0.,0.,-1.);
#9962=LINE('',#9586,#9961);
#9963=EDGE_CURVE('',#9610,#9611,#9956,.T.);
#9964=EDGE_CURVE('',#9611,#9631,#9958,.T.);
#9965=EDGE_CURVE('',#9631,#9630,#9960,.T.);
#9966=EDGE_CURVE('',#9630,#9610,#9962,.T.);
#9967=ORIENTED_EDGE('',*,*,#9963,.T.);
#9968=ORIENTED_EDGE('',*,*,#9964,.T.);
#9969=ORIENTED_EDGE('',*,*,#9965,.T.);
#9970=ORIENTED_EDGE('',*,*,#9966,.T.);
#9971=EDGE_LOOP('',#9967,#9968,#9969,#9970);
#9972=FACE_OUTER_BOUND('',#9971,.T.);
#9973=DIRECTION('',0.156434,-0.987688,0.);
#9974=ADVANCED_FACE('',#9972,#9973,.T.);
#9975=DIRECTION('',0.891007,0.453990,0.);
#9976=LINE('',#9587,#9975);
#9977=DIRECTION('',0.,0.,1.);
#9978=LINE('',#9589,#9977);
#9979=DIRECTION('',-0.891007,-0.453990,0.);
#9980=LINE('',#9590,#9979);
#9981=DIRECTION('',0.,0.,-1.);
#9982=LINE('',#9588,#9981);
#9983=EDGE_CURVE('',#9611,#9612,#9976,.T.);
#9984=EDGE_CURVE('',#9612,#9632,#9978,.T.);
#9985=EDGE_CURVE('',#9632,#9631,#9980,.T.);
#9986=EDGE_CURVE('',#9631,#9611,#9982,.T.);
#9987=ORIENTED_EDGE('',*,*,#9983,.T.);
#9988=ORIENTED_EDGE('',*,*,#9984,.T.);
#9989=ORIENTED_EDGE('',*,*,#9985,.T.);
#9990=ORIENTED_EDGE('',*,*,#9986,.T.);
#9991=EDGE_LOOP('',#9987,#9988,#9989,#9990);
#9992=FACE_OUTER_BOUND('',#9991,.T.);
#9993=DIRECTION('',0.453990,-0.891007,0.);
#9994=ADVANCED_FACE('',#9992,#9993,.T.);
#9995=DIRECTION('',0.707107,0.707107,0.);
#9996=LINE('',#9589,#9995);
#9997=DIRECTION('',0.,0.,1.);
#9998=LINE('',#9591,#9997);
#9999=DIRECTION('',-0.707107,-0.707107,0.);
#10000=LINE('',#9592,#9999);
#10001=DIRECTION('',0.,0.,-1.);
#10002=LINE('',#9590,#10001);
#10003=EDGE_CURVE('',#9612,#9613,#9996,.T.);
#10004=EDGE_CURVE('',#9613,#9633,#9998,.T.);
#10005=EDGE_CURVE('',#9633,#9632,#10000,.T.);
#10006=EDGE_CURVE('',#9632,#9612,#10002,.T.);
#10007=ORIENTED_EDGE('',*,*,#10003,.T.);
#10008=ORIENTED_EDGE('',*,*,#10004,.T.);
#10009=ORIENTED_EDGE('',*,*,#10005,.T.);
#10010=ORIENTED_EDGE('',*,*,#10006,.T.);
#10011=EDGE_LOOP('',#10007,#10008,#10009,#10010);
#10012=FACE_OUTER_BOUND('',#10011,.T.);
#10013=DIRECTION('',0.707107,-0.707107,0.);
#10014=ADVANCED_FACE('',#10012,#10013,.T.);
#10015=DIRECTION('',0.453990,0.891007,0.);
#10016=LINE('',#9591,#10015);
#10017=DIRECTION('',0.,0.,1.);
#10018=LINE('',#9593,#10017);
#10019=DIRECTION('',-0.453990,-0.891007,0.);
#10020=LINE('',#9594,#10019);
#10021=DIRECTION('',0.,0.,-1.);
#10022=LINE('',#9592,#10021);
#10023=EDGE_CURVE('',#9613,#9614,#10016,.T.);
#10024=EDGE_CURVE('',#9614,#9634,#10018,.T.);
#10025=EDGE_CURVE('',#9634,#9633,#10020,.T.);
#10026=EDGE_CURVE('',#9633,#9613,#10022,.T.);
#10027=ORIENTED_EDGE('',*,*,#10023,.T.);
#10028=ORIENTED_EDGE('',*,*,#10024,.T.);
#10029=ORIENTED_EDGE('',*,*,#10025,.T.);
#10030=ORIENTED_EDGE('',*,*,#10026,.T.);
#10031=EDGE_LOOP('',#10027,#10028,#10029,#10030);
#10032=FACE_OUTER_BOUND('',#10031,.T.);
#10033=DIRECTION('',0.891007,-0.453990,0.);
#10034=ADVANCED_FACE('',#10032,#10033,.T.);
#10035=DIRECTION('',0.156434,0.987688,0.);
#10036=LINE('',#9593,#10035);
#10037=DIRECTION('',0.,0.,1.);
#10038=LINE('',#9555,#10037);
#10039=DIRECTION('',-0.156434,-0.987688,0.);
#10040=LINE('',#9556,#10039);
#10041=DIRECTION('',0.,0.,-1.);
#10042=LINE('',#9594,#10041);
#10043=EDGE_CURVE('',#9614,#9595,#10036,.T.);
#10044=EDGE_CURVE('',#9595,#9615,#10038,.T.);
#10045=EDGE_CURVE('',#9615,#9634,#10040,.T.);
#10046=EDGE_CURVE('',#9634,#9614,#10042,.T.);
#10047=ORIENTED_EDGE('',*,*,#10043,.T.);
#10048=ORIENTED_EDGE('',*,*,#10044,.T.);
#10049=ORIENTED_EDGE('',*,*,#10045,.T.);
#10050=ORIENTED_EDGE('',*,*,#10046,.T.);
#10051=EDGE_LOOP('',#10047,#10048,#10049,#10050);
#10052=FACE_OUTER_BOUND('',#10051,.T.);
#10053=DIRECTION('',-0.987688,0.156434,0.);
#10054=ADVANCED_FACE('',#10052,#10053,.T.);
#10055=CLOSED_SHELL('',#9644,#9654,#9674,#9694,#9714,#9734,#9754,#9774,#9794,#9814,#9834,#9854,#9874,#9894,#9914,#9934,#9954,#9974,#9994,#10014,#10034,#10054);
#10056=MANIFOLD_SOLID_BREP('',#10055);
#10057=CARTESIAN_POINT('',(0.000000,120.000000,0.000000));
#10058=DIRECTION('',0.,0.,1.);
#10059=DIRECTION('',1.,0.,0.);
#10060=AXIS2_PLACEMENT_3D('',#10057,#10058,#10059);
#10061=ADVANCED_BREP_SHAPE_REPRESENTATION('',#10056,#10060);
#10062=SHAPE_DEFINITION_REPRESENTATION(#9046,#10061);
#10063=CARTESIAN_POINT('',(203.000000,80.000000,0.000000));
#10064=CARTESIAN_POINT('',(203.000000,80.000000,12.000000));
#10065=CARTESIAN_POINT('',(202.853170,80.927051,0.000000));
#10066=CARTESIAN_POINT('',(202.853170,80.927051,12.000000));
#10067=CARTESIAN_POINT('',(202.427051,81.763356,0.000000));
#10068=CARTESIAN_POINT('',(202.427051,81.763356,12.000000));
#10069=CARTESIAN_POINT('',(201.763356,82.427051,0.000000));
#10070=CARTESIAN_POINT('',(201.763356,82.427051,12.000000));
#10071=CARTESIAN_POINT('',(200.927051,82.853170,0.000000));
#10072=CARTESIAN_POINT('',(200.927051,82.853170,12.000000));
#10073=CARTESIAN_POINT('',(200.000000,83.000000,0.000000));
#10074=CARTESIAN_POINT('',(200.000000,83.000000,12.000000));
#10075=CARTESIAN_POINT('',(199.072949,82.853170,0.000000));
#10076=CARTESIAN_POINT('',(199.072949,82.853170,12.000000));
#10077=CARTESIAN_POINT('',(198.236644,82.427051,0.000000));
#10078=CARTESIAN_POINT('',(198.236644,82.427051,12.000000));
#10079=CARTESIAN_POINT('',(197.572949,81.763356,0.000000));
#10080=CARTESIAN_POINT('',(197.572949,81.763356,12.000000));
#10081=CARTESIAN_POINT('',(197.146830,80.927051,0.000000));
#10082=CARTESIAN_POINT('',(197.146830,80.927051,12.000000));
#10083=CARTESIAN_POINT('',(197.000000,80.000000,0.000000));
#10084=CARTESIAN_POINT('',(197.000000,80.000000,12.000000));
#10085=CARTESIAN_POINT('',(197.146830,79.072949,0.000000));
#10086=CARTESIAN_POINT('',(197.146830,79.072949,12.000000));
#10087=CARTESIAN_POINT('',(197.572949,78.236644,0.000000));
#10088=CARTESIAN_POINT('',(197.572949,78.236644,12.000000));
#10089=CARTESIAN_POINT('',(198.236644,77.572949,0.000000));
#10090=CARTESIAN_POINT('',(198.236644,77.572949,12.000000));
#10091=CARTESIAN_POINT('',(199.072949,77.146830,0.000000));
#10092=CARTESIAN_POINT('',(199.072949,77.146830,12.000000));
#10093=CARTESIAN_POINT('',(200.000000,77.000000,0.000000));
#10094=CARTESIAN_POINT('',(200.000000,77.000000,12.000000));
#10095=CARTESIAN_POINT('',(200.927051,77.146830,0.000000));
#10096=CARTESIAN_POINT('',(200.927051,77.146830,12.000000));
#10097=CARTESIAN_POINT('',(201.763356,77.572949,0.000000));
#10098=CARTESIAN_POINT('',(201.763356,77.572949,12.000000));
#10099=CARTESIAN_POINT('',(202.427051,78.236644,0.000000));
#10100=CARTESIAN_POINT('',(202.427051,78.236644,12.000000));
#10101=CARTESIAN_POINT('',(202.853170,79.072949,0.000000));
#10102=CARTESIAN_POINT('',(202.853170,79.072949,12.000000));
#10103=VERTEX_POINT('',#10063);
#10104=VERTEX_POINT('',#10065);
#10105=VERTEX_POINT('',#10067);
#10106=VERTEX_POINT('',#10069);
#10107=VERTEX_POINT('',#10071);
#10108=VERTEX_POINT('',#10073);
#10109=VERTEX_POINT('',#10075);
#10110=VERTEX_POINT('',#10077);
#10111=VERTEX_POINT('',#10079);
#10112=VERTEX_POINT('',#10081);
#10113=VERTEX_POINT('',#10083);
#10114=VERTEX_POINT('',#10085);
#10115=VERTEX_POINT('',#10087);
#10116=VERTEX_POINT('',#10089);
#10117=VERTEX_POINT('',#10091);
#10118=VERTEX_POINT('',#10093);
#10119=VERTEX_POINT('',#10095);
#10120=VERTEX_POINT('',#10097);
#10121=VERTEX_POINT('',#10099);
#10122=VERTEX_POINT('',#10101);
#10123=VERTEX_POINT('',#10064);
#10124=VERTEX_POINT('',#10066);
#10125=VERTEX_POINT('',#10068);
#10126=VERTEX_POINT('',#10070);
#10127=VERTEX_POINT('',#10072);
#10128=VERTEX_POINT('',#10074);
#10129=VERTEX_POINT('',#10076);
#10130=VERTEX_POINT('',#10078);
#10131=VERTEX_POINT('',#10080);
#10132=VERTEX_POINT('',#10082);
#10133=VERTEX_POINT('',#10084);
#10134=VERTEX_POINT('',#10086);
#10135=VERTEX_POINT('',#10088);
#10136=VERTEX_POINT('',#10090);
#10137=VERTEX_POINT('',#10092);
#10138=VERTEX_POINT('',#10094);
#10139=VERTEX_POINT('',#10096);
#10140=VERTEX_POINT('',#10098);
#10141=VERTEX_POINT('',#10100);
#10142=VERTEX_POINT('',#10102);
#10143=CARTESIAN_POINT('',(200.000000,80.000000,0.000000));
#10144=DIRECTION('',0.,0.,-1.);
#10145=DIRECTION('',1.,0.,0.);
#10146=AXIS2_PLACEMENT_3D('',#10143,#10144,#10145);
#10147=CIRCLE('',#10146,3.000000);
#10148=EDGE_CURVE('',#10103,#10103,#10147,.T.);
#10149=ORIENTED_EDGE('',*,*,#10148,.T.);
#10150=EDGE_LOOP('',#10149);
#10151=FACE_OUTER_BOUND('',#10150,.T.);
#10152=ADVANCED_FACE('',#10151,#10144,.T.);
#10153=CARTESIAN_POINT('',(200.000000,80.000000,12.000000));
#10154=DIRECTION('',0.,0.,1.);
#10155=DIRECTION('',1.,0.,0.);
#10156=AXIS2_PLACEMENT_3D('',#10153,#10154,#10155);
#10157=CIRCLE('',#10156,3.000000);
#10158=EDGE_CURVE('',#10123,#10123,#10157,.T.);
#10159=ORIENTED_EDGE('',*,*,#10158,.T.);
#10160=EDGE_LOOP('',#10159);
#10161=FACE_OUTER_BOUND('',#10160,.T.);
#10162=ADVANCED_FACE('',#10161,#10154,.T.);
#10163=DIRECTION('',-0.156434,0.987688,0.);
#10164=LINE('',#10063,#10163);
#10165=DIRECTION('',0.,0.,1.);
#10166=LINE('',#10065,#10165);
#10167=DIRECTION('',0.156434,-0.987688,0.);
#10168=LINE('',#10066,#10167);
#10169=DIRECTION('',0.,0.,-1.);
#10170=LINE('',#10064,#10169);
#10171=EDGE_CURVE('',#10103,#10104,#10164,.T.);
#10172=EDGE_CURVE('',#10104,#10124,#10166,.T.);
#10173=EDGE_CURVE('',#10124,#10123,#10168,.T.);
#10174=EDGE_CURVE('',#10123,#10103,#10170,.T.);
#10175=ORIENTED_EDGE('',*,*,#10171,.T.);
#10176=ORIENTED_EDGE('',*,*,#10172,.T.);
#10177=ORIENTED_EDGE('',*,*,#10173,.T.);
#10178=ORIENTED_EDGE('',*,*,#10174,.T.);
#10179=EDGE_LOOP('',#10175,#10176,#10177,#10178);
#10180=FACE_OUTER_BOUND('',#10179,.T.);
#10181=DIRECTION('',0.987688,0.156434,0.);
#10182=ADVANCED_FACE('',#10180,#10181,.T.);
#10183=DIRECTION('',-0.453990,0.891007,0.);
#10184=LINE('',#10065,#10183);
#10185=DIRECTION('',0.,0.,1.);
#10186=LINE('',#10067,#10185);
#10187=DIRECTION('',0.453990,-0.891007,0.);
#10188=LINE('',#10068,#10187);
#10189=DIRECTION('',0.,0.,-1.);
#10190=LINE('',#10066,#10189);
#10191=EDGE_CURVE('',#10104,#10105,#10184,.T.);
#10192=EDGE_CURVE('',#10105,#10125,#10186,.T.);
#10193=EDGE_CURVE('',#10125,#10124,#10188,.T.);
#10194=EDGE_CURVE('',#10124,#10104,#10190,.T.);
#10195=ORIENTED_EDGE('',*,*,#10191,.T.);
#10196=ORIENTED_EDGE('',*,*,#10192,.T.);
#10197=ORIENTED_EDGE('',*,*,#10193,.T.);
#10198=ORIENTED_EDGE('',*,*,#10194,.T.);
#10199=EDGE_LOOP('',#10195,#10196,#10197,#10198);
#10200=FACE_OUTER_BOUND('',#10199,.T.);
#10201=DIRECTION('',0.891007,0.453990,0.);
#10202=ADVANCED_FACE('',#10200,#10201,.T.);
#10203=DIRECTION('',-0.707107,0.707107,0.);
#10204=LINE('',#10067,#10203);
#10205=DIRECTION('',0.,0.,1.);
#10206=LINE('',#10069,#10205);
#10207=DIRECTION('',0.707107,-0.707107,0.);
#10208=LINE('',#10070,#10207);
#10209=DIRECTION('',0.,0.,-1.);
#10210=LINE('',#10068,#10209);
#10211=EDGE_CURVE('',#10105,#10106,#10204,.T.);
#10212=EDGE_CURVE('',#10106,#10126,#10206,.T.);
#10213=EDGE_CURVE('',#10126,#10125,#10208,.T.);
#10214=EDGE_CURVE('',#10125,#10105,#10210,.T.);
#10215=ORIENTED_EDGE('',*,*,#10211,.T.);
#10216=ORIENTED_EDGE('',*,*,#10212,.T.);
#10217=ORIENTED_EDGE('',*,*,#10213,.T.);
#10218=ORIENTED_EDGE('',*,*,#10214,.T.);
#10219=EDGE_LOOP('',#10215,#10216,#10217,#10218);
#10220=FACE_OUTER_BOUND('',#10219,.T.);
#10221=DIRECTION('',0.707107,0.707107,0.);
#10222=ADVANCED_FACE('',#10220,#10221,.T.);
#10223=DIRECTION('',-0.891007,0.453990,0.);
#10224=LINE('',#10069,#10223);
#10225=DIRECTION('',0.,0.,1.);
#10226=LINE('',#10071,#10225);
#10227=DIRECTION('',0.891007,-0.453990,0.);
#10228=LINE('',#10072,#10227);
#10229=DIRECTION('',0.,0.,-1.);
#10230=LINE('',#10070,#10229);
#10231=EDGE_CURVE('',#10106,#10107,#10224,.T.);
#10232=EDGE_CURVE('',#10107,#10127,#10226,.T.);
#10233=EDGE_CURVE('',#10127,#10126,#10228,.T.);
#10234=EDGE_CURVE('',#10126,#10106,#10230,.T.);
#10235=ORIENTED_EDGE('',*,*,#10231,.T.);
#10236=ORIENTED_EDGE('',*,*,#10232,.T.);
#10237=ORIENTED_EDGE('',*,*,#10233,.T.);
#10238=ORIENTED_EDGE('',*,*,#10234,.T.);
#10239=EDGE_LOOP('',#10235,#10236,#10237,#10238);
#10240=FACE_OUTER_BOUND('',#10239,.T.);
#10241=DIRECTION('',0.453990,0.891007,0.);
#10242=ADVANCED_FACE('',#10240,#10241,.T.);
#10243=DIRECTION('',-0.987688,0.156434,0.);
#10244=LINE('',#10071,#10243);
#10245=DIRECTION('',0.,0.,1.);
#10246=LINE('',#10073,#10245);
#10247=DIRECTION('',0.987688,-0.156434,0.);
#10248=LINE('',#10074,#10247);
#10249=DIRECTION('',0.,0.,-1.);
#10250=LINE('',#10072,#10249);
#10251=EDGE_CURVE('',#10107,#10108,#10244,.T.);
#10252=EDGE_CURVE('',#10108,#10128,#10246,.T.);
#10253=EDGE_CURVE('',#10128,#10127,#10248,.T.);
#10254=EDGE_CURVE('',#10127,#10107,#10250,.T.);
#10255=ORIENTED_EDGE('',*,*,#10251,.T.);
#10256=ORIENTED_EDGE('',*,*,#10252,.T.);
#10257=ORIENTED_EDGE('',*,*,#10253,.T.);
#10258=ORIENTED_EDGE('',*,*,#10254,.T.);
#10259=EDGE_LOOP('',#10255,#10256,#10257,#10258);
#10260=FACE_OUTER_BOUND('',#10259,.T.);
#10261=DIRECTION('',0.156434,0.987688,0.);
#10262=ADVANCED_FACE('',#10260,#10261,.T.);
#10263=DIRECTION('',-0.987688,-0.156434,0.);
#10264=LINE('',#10073,#10263);
#10265=DIRECTION('',0.,0.,1.);
#10266=LINE('',#10075,#10265);
#10267=DIRECTION('',0.987688,0.156434,0.);
#10268=LINE('',#10076,#10267);
#10269=DIRECTION('',0.,0.,-1.);
#10270=LINE('',#10074,#10269);
#10271=EDGE_CURVE('',#10108,#10109,#10264,.T.);
#10272=EDGE_CURVE('',#10109,#10129,#10266,.T.);
#10273=EDGE_CURVE('',#10129,#10128,#10268,.T.);
#10274=EDGE_CURVE('',#10128,#10108,#10270,.T.);
#10275=ORIENTED_EDGE('',*,*,#10271,.T.);
#10276=ORIENTED_EDGE('',*,*,#10272,.T.);
#10277=ORIENTED_EDGE('',*,*,#10273,.T.);
#10278=ORIENTED_EDGE('',*,*,#10274,.T.);
#10279=EDGE_LOOP('',#10275,#10276,#10277,#10278);
#10280=FACE_OUTER_BOUND('',#10279,.T.);
#10281=DIRECTION('',-0.156434,0.987688,0.);
#10282=ADVANCED_FACE('',#10280,#10281,.T.);
#10283=DIRECTION('',-0.891007,-0.453990,0.);
#10284=LINE('',#10075,#10283);
#10285=DIRECTION('',0.,0.,1.);
#10286=LINE('',#10077,#10285);
#10287=DIRECTION('',0.891007,0.453990,0.);
#10288=LINE('',#10078,#10287);
#10289=DIRECTION('',0.,0.,-1.);
#10290=LINE('',#10076,#10289);
#10291=EDGE_CURVE('',#10109,#10110,#10284,.T.);
#10292=EDGE_CURVE('',#10110,#10130,#10286,.T.);
#10293=EDGE_CURVE('',#10130,#10129,#10288,.T.);
#10294=EDGE_CURVE('',#10129,#10109,#10290,.T.);
#10295=ORIENTED_EDGE('',*,*,#10291,.T.);
#10296=ORIENTED_EDGE('',*,*,#10292,.T.);
#10297=ORIENTED_EDGE('',*,*,#10293,.T.);
#10298=ORIENTED_EDGE('',*,*,#10294,.T.);
#10299=EDGE_LOOP('',#10295,#10296,#10297,#10298);
#10300=FACE_OUTER_BOUND('',#10299,.T.);
#10301=DIRECTION('',-0.453990,0.891007,0.);
#10302=ADVANCED_FACE('',#10300,#10301,.T.);
#10303=DIRECTION('',-0.707107,-0.707107,0.);
#10304=LINE('',#10077,#10303);
#10305=DIRECTION('',0.,0.,1.);
#10306=LINE('',#10079,#10305);
#10307=DIRECTION('',0.707107,0.707107,0.);
#10308=LINE('',#10080,#10307);
#10309=DIRECTION('',0.,0.,-1.);
#10310=LINE('',#10078,#10309);
#10311=EDGE_CURVE('',#10110,#10111,#10304,.T.);
#10312=EDGE_CURVE('',#10111,#10131,#10306,.T.);
#10313=EDGE_CURVE('',#10131,#10130,#10308,.T.);
#10314=EDGE_CURVE('',#10130,#10110,#10310,.T.);
#10315=ORIENTED_EDGE('',*,*,#10311,.T.);
#10316=ORIENTED_EDGE('',*,*,#10312,.T.);
#10317=ORIENTED_EDGE('',*,*,#10313,.T.);
#10318=ORIENTED_EDGE('',*,*,#10314,.T.);
#10319=EDGE_LOOP('',#10315,#10316,#10317,#10318);
#10320=FACE_OUTER_BOUND('',#10319,.T.);
#10321=DIRECTION('',-0.707107,0.707107,0.);
#10322=ADVANCED_FACE('',#10320,#10321,.T.);
#10323=DIRECTION('',-0.453990,-0.891007,0.);
#10324=LINE('',#10079,#10323);
#10325=DIRECTION('',0.,0.,1.);
#10326=LINE('',#10081,#10325);
#10327=DIRECTION('',0.453990,0.891007,0.);
#10328=LINE('',#10082,#10327);
#10329=DIRECTION('',0.,0.,-1.);
#10330=LINE('',#10080,#10329);
#10331=EDGE_CURVE('',#10111,#10112,#10324,.T.);
#10332=EDGE_CURVE('',#10112,#10132,#10326,.T.);
#10333=EDGE_CURVE('',#10132,#10131,#10328,.T.);
#10334=EDGE_CURVE('',#10131,#10111,#10330,.T.);
#10335=ORIENTED_EDGE('',*,*,#10331,.T.);
#10336=ORIENTED_EDGE('',*,*,#10332,.T.);
#10337=ORIENTED_EDGE('',*,*,#10333,.T.);
#10338=ORIENTED_EDGE('',*,*,#10334,.T.);
#10339=EDGE_LOOP('',#10335,#10336,#10337,#10338);
#10340=FACE_OUTER_BOUND('',#10339,.T.);
#10341=DIRECTION('',-0.891007,0.453990,0.);
#10342=ADVANCED_FACE('',#10340,#10341,.T.);
#10343=DIRECTION('',-0.156434,-0.987688,0.);
#10344=LINE('',#10081,#10343);
#10345=DIRECTION('',0.,0.,1.);
#10346=LINE('',#10083,#10345);
#10347=DIRECTION('',0.156434,0.987688,0.);
#10348=LINE('',#10084,#10347);
#10349=DIRECTION('',0.,0.,-1.);
#10350=LINE('',#10082,#10349);
#10351=EDGE_CURVE('',#10112,#10113,#10344,.T.);
#10352=EDGE_CURVE('',#10113,#10133,#10346,.T.);
#10353=EDGE_CURVE('',#10133,#10132,#10348,.T.);
#10354=EDGE_CURVE('',#10132,#10112,#10350,.T.);
#10355=ORIENTED_EDGE('',*,*,#10351,.T.);
#10356=ORIENTED_EDGE('',*,*,#10352,.T.);
#10357=ORIENTED_EDGE('',*,*,#10353,.T.);
#10358=ORIENTED_EDGE('',*,*,#10354,.T.);
#10359=EDGE_LOOP('',#10355,#10356,#10357,#10358);
#10360=FACE_OUTER_BOUND('',#10359,.T.);
#10361=DIRECTION('',-0.987688,0.156434,0.);
#10362=ADVANCED_FACE('',#10360,#10361,.T.);
#10363=DIRECTION('',0.156434,-0.987688,0.);
#10364=LINE('',#10083,#10363);
#10365=DIRECTION('',0.,0.,1.);
#10366=LINE('',#10085,#10365);
#10367=DIRECTION('',-0.156434,0.987688,0.);
#10368=LINE('',#10086,#10367);
#10369=DIRECTION('',0.,0.,-1.);
#10370=LINE('',#10084,#10369);
#10371=EDGE_CURVE('',#10113,#10114,#10364,.T.);
#10372=EDGE_CURVE('',#10114,#10134,#10366,.T.);
#10373=EDGE_CURVE('',#10134,#10133,#10368,.T.);
#10374=EDGE_CURVE('',#10133,#10113,#10370,.T.);
#10375=ORIENTED_EDGE('',*,*,#10371,.T.);
#10376=ORIENTED_EDGE('',*,*,#10372,.T.);
#10377=ORIENTED_EDGE('',*,*,#10373,.T.);
#10378=ORIENTED_EDGE('',*,*,#10374,.T.);
#10379=EDGE_LOOP('',#10375,#10376,#10377,#10378);
#10380=FACE_OUTER_BOUND('',#10379,.T.);
#10381=DIRECTION('',-0.987688,-0.156434,0.);
#10382=ADVANCED_FACE('',#10380,#10381,.T.);
#10383=DIRECTION('',0.453990,-0.891007,0.);
#10384=LINE('',#10085,#10383);
#10385=DIRECTION('',0.,0.,1.);
#10386=LINE('',#10087,#10385);
#10387=DIRECTION('',-0.453990,0.891007,0.);
#10388=LINE('',#10088,#10387);
#10389=DIRECTION('',0.,0.,-1.);
#10390=LINE('',#10086,#10389);
#10391=EDGE_CURVE('',#10114,#10115,#10384,.T.);
#10392=EDGE_CURVE('',#10115,#10135,#10386,.T.);
#10393=EDGE_CURVE('',#10135,#10134,#10388,.T.);
#10394=EDGE_CURVE('',#10134,#10114,#10390,.T.);
#10395=ORIENTED_EDGE('',*,*,#10391,.T.);
#10396=ORIENTED_EDGE('',*,*,#10392,.T.);
#10397=ORIENTED_EDGE('',*,*,#10393,.T.);
#10398=ORIENTED_EDGE('',*,*,#10394,.T.);
#10399=EDGE_LOOP('',#10395,#10396,#10397,#10398);
#10400=FACE_OUTER_BOUND('',#10399,.T.);
#10401=DIRECTION('',-0.891007,-0.453990,0.);
#10402=ADVANCED_FACE('',#10400,#10401,.T.);
#10403=DIRECTION('',0.707107,-0.707107,0.);
#10404=LINE('',#10087,#10403);
#10405=DIRECTION('',0.,0.,1.);
#10406=LINE('',#10089,#10405);
#10407=DIRECTION('',-0.707107,0.707107,0.);
#10408=LINE('',#10090,#10407);
#10409=DIRECTION('',0.,0.,-1.);
#10410=LINE('',#10088,#10409);
#10411=EDGE_CURVE('',#10115,#10116,#10404,.T.);
#10412=EDGE_CURVE('',#10116,#10136,#10406,.T.);
#10413=EDGE_CURVE('',#10136,#10135,#10408,.T.);
#10414=EDGE_CURVE('',#10135,#10115,#10410,.T.);
#10415=ORIENTED_EDGE('',*,*,#10411,.T.);
#10416=ORIENTED_EDGE('',*,*,#10412,.T.);
#10417=ORIENTED_EDGE('',*,*,#10413,.T.);
#10418=ORIENTED_EDGE('',*,*,#10414,.T.);
#10419=EDGE_LOOP('',#10415,#10416,#10417,#10418);
#10420=FACE_OUTER_BOUND('',#10419,.T.);
#10421=DIRECTION('',-0.707107,-0.707107,0.);
#10422=ADVANCED_FACE('',#10420,#10421,.T.);
#10423=DIRECTION('',0.891007,-0.453990,0.);
#10424=LINE('',#10089,#10423);
#10425=DIRECTION('',0.,0.,1.);
#10426=LINE('',#10091,#10425);
#10427=DIRECTION('',-0.891007,0.453990,0.);
#10428=LINE('',#10092,#10427);
#10429=DIRECTION('',0.,0.,-1.);
#10430=LINE('',#10090,#10429);
#10431=EDGE_CURVE('',#10116,#10117,#10424,.T.);
#10432=EDGE_CURVE('',#10117,#10137,#10426,.T.);
#10433=EDGE_CURVE('',#10137,#10136,#10428,.T.);
#10434=EDGE_CURVE('',#10136,#10116,#10430,.T.);
#10435=ORIENTED_EDGE('',*,*,#10431,.T.);
#10436=ORIENTED_EDGE('',*,*,#10432,.T.);
#10437=ORIENTED_EDGE('',*,*,#10433,.T.);
#10438=ORIENTED_EDGE('',*,*,#10434,.T.);
#10439=EDGE_LOOP('',#10435,#10436,#10437,#10438);
#10440=FACE_OUTER_BOUND('',#10439,.T.);
#10441=DIRECTION('',-0.453990,-0.891007,0.);
#10442=ADVANCED_FACE('',#10440,#10441,.T.);
#10443=DIRECTION('',0.987688,-0.156434,0.);
#10444=LINE('',#10091,#10443);
#10445=DIRECTION('',0.,0.,1.);
#10446=LINE('',#10093,#10445);
#10447=DIRECTION('',-0.987688,0.156434,0.);
#10448=LINE('',#10094,#10447);
#10449=DIRECTION('',0.,0.,-1.);
#10450=LINE('',#10092,#10449);
#10451=EDGE_CURVE('',#10117,#10118,#10444,.T.);
#10452=EDGE_CURVE('',#10118,#10138,#10446,.T.);
#10453=EDGE_CURVE('',#10138,#10137,#10448,.T.);
#10454=EDGE_CURVE('',#10137,#10117,#10450,.T.);
#10455=ORIENTED_EDGE('',*,*,#10451,.T.);
#10456=ORIENTED_EDGE('',*,*,#10452,.T.);
#10457=ORIENTED_EDGE('',*,*,#10453,.T.);
#10458=ORIENTED_EDGE('',*,*,#10454,.T.);
#10459=EDGE_LOOP('',#10455,#10456,#10457,#10458);
#10460=FACE_OUTER_BOUND('',#10459,.T.);
#10461=DIRECTION('',-0.156434,-0.987688,0.);
#10462=ADVANCED_FACE('',#10460,#10461,.T.);
#10463=DIRECTION('',0.987688,0.156434,0.);
#10464=LINE('',#10093,#10463);
#10465=DIRECTION('',0.,0.,1.);
#10466=LINE('',#10095,#10465);
#10467=DIRECTION('',-0.987688,-0.156434,0.);
#10468=LINE('',#10096,#10467);
#10469=DIRECTION('',0.,0.,-1.);
#10470=LINE('',#10094,#10469);
#10471=EDGE_CURVE('',#10118,#10119,#10464,.T.);
#10472=EDGE_CURVE('',#10119,#10139,#10466,.T.);
#10473=EDGE_CURVE('',#10139,#10138,#10468,.T.);
#10474=EDGE_CURVE('',#10138,#10118,#10470,.T.);
#10475=ORIENTED_EDGE('',*,*,#10471,.T.);
#10476=ORIENTED_EDGE('',*,*,#10472,.T.);
#10477=ORIENTED_EDGE('',*,*,#10473,.T.);
#10478=ORIENTED_EDGE('',*,*,#10474,.T.);
#10479=EDGE_LOOP('',#10475,#10476,#10477,#10478);
#10480=FACE_OUTER_BOUND('',#10479,.T.);
#10481=DIRECTION('',0.156434,-0.987688,0.);
#10482=ADVANCED_FACE('',#10480,#10481,.T.);
#10483=DIRECTION('',0.891007,0.453990,0.);
#10484=LINE('',#10095,#10483);
#10485=DIRECTION('',0.,0.,1.);
#10486=LINE('',#10097,#10485);
#10487=DIRECTION('',-0.891007,-0.453990,0.);
#10488=LINE('',#10098,#10487);
#10489=DIRECTION('',0.,0.,-1.);
#10490=LINE('',#10096,#10489);
#10491=EDGE_CURVE('',#10119,#10120,#10484,.T.);
#10492=EDGE_CURVE('',#10120,#10140,#10486,.T.);
#10493=EDGE_CURVE('',#10140,#10139,#10488,.T.);
#10494=EDGE_CURVE('',#10139,#10119,#10490,.T.);
#10495=ORIENTED_EDGE('',*,*,#10491,.T.);
#10496=ORIENTED_EDGE('',*,*,#10492,.T.);
#10497=ORIENTED_EDGE('',*,*,#10493,.T.);
#10498=ORIENTED_EDGE('',*,*,#10494,.T.);
#10499=EDGE_LOOP('',#10495,#10496,#10497,#10498);
#10500=FACE_OUTER_BOUND('',#10499,.T.);
#10501=DIRECTION('',0.453990,-0.891007,0.);
#10502=ADVANCED_FACE('',#10500,#10501,.T.);
#10503=DIRECTION('',0.707107,0.707107,0.);
#10504=LINE('',#10097,#10503);
#10505=DIRECTION('',0.,0.,1.);
#10506=LINE('',#10099,#10505);
#10507=DIRECTION('',-0.707107,-0.707107,0.);
#10508=LINE('',#10100,#10507);
#10509=DIRECTION('',0.,0.,-1.);
#10510=LINE('',#10098,#10509);
#10511=EDGE_CURVE('',#10120,#10121,#10504,.T.);
#10512=EDGE_CURVE('',#10121,#10141,#10506,.T.);
#10513=EDGE_CURVE('',#10141,#10140,#10508,.T.);
#10514=EDGE_CURVE('',#10140,#10120,#10510,.T.);
#10515=ORIENTED_EDGE('',*,*,#10511,.T.);
#10516=ORIENTED_EDGE('',*,*,#10512,.T.);
#10517=ORIENTED_EDGE('',*,*,#10513,.T.);
#10518=ORIENTED_EDGE('',*,*,#10514,.T.);
#10519=EDGE_LOOP('',#10515,#10516,#10517,#10518);
#10520=FACE_OUTER_BOUND('',#10519,.T.);
#10521=DIRECTION('',0.707107,-0.707107,0.);
#10522=ADVANCED_FACE('',#10520,#10521,.T.);
#10523=DIRECTION('',0.453990,0.891007,0.);
#10524=LINE('',#10099,#10523);
#10525=DIRECTION('',0.,0.,1.);
#10526=LINE('',#10101,#10525);
#10527=DIRECTION('',-0.453990,-0.891007,0.);
#10528=LINE('',#10102,#10527);
#10529=DIRECTION('',0.,0.,-1.);
#10530=LINE('',#10100,#10529);
#10531=EDGE_CURVE('',#10121,#10122,#10524,.T.);
#10532=EDGE_CURVE('',#10122,#10142,#10526,.T.);
#10533=EDGE_CURVE('',#10142,#10141,#10528,.T.);
#10534=EDGE_CURVE('',#10141,#10121,#10530,.T.);
#10535=ORIENTED_EDGE('',*,*,#10531,.T.);
#10536=ORIENTED_EDGE('',*,*,#10532,.T.);
#10537=ORIENTED_EDGE('',*,*,#10533,.T.);
#10538=ORIENTED_EDGE('',*,*,#10534,.T.);
#10539=EDGE_LOOP('',#10535,#10536,#10537,#10538);
#10540=FACE_OUTER_BOUND('',#10539,.T.);
#10541=DIRECTION('',0.891007,-0.453990,0.);
#10542=ADVANCED_FACE('',#10540,#10541,.T.);
#10543=DIRECTION('',0.156434,0.987688,0.);
#10544=LINE('',#10101,#10543);
#10545=DIRECTION('',0.,0.,1.);
#10546=LINE('',#10063,#10545);
#10547=DIRECTION('',-0.156434,-0.987688,0.);
#10548=LINE('',#10064,#10547);
#10549=DIRECTION('',0.,0.,-1.);
#10550=LINE('',#10102,#10549);
#10551=EDGE_CURVE('',#10122,#10103,#10544,.T.);
#10552=EDGE_CURVE('',#10103,#10123,#10546,.T.);
#10553=EDGE_CURVE('',#10123,#10142,#10548,.T.);
#10554=EDGE_CURVE('',#10142,#10122,#10550,.T.);
#10555=ORIENTED_EDGE('',*,*,#10551,.T.);
#10556=ORIENTED_EDGE('',*,*,#10552,.T.);
#10557=ORIENTED_EDGE('',*,*,#10553,.T.);
#10558=ORIENTED_EDGE('',*,*,#10554,.T.);
#10559=EDGE_LOOP('',#10555,#10556,#10557,#10558);
#10560=FACE_OUTER_BOUND('',#10559,.T.);
#10561=DIRECTION('',-0.987688,0.156434,0.);
#10562=ADVANCED_FACE('',#10560,#10561,.T.);
#10563=CLOSED_SHELL('',#10152,#10162,#10182,#10202,#10222,#10242,#10262,#10282,#10302,#10322,#10342,#10362,#10382,#10402,#10422,#10442,#10462,#10482,#10502,#10522,#10542,#10562);
#10564=MANIFOLD_SOLID_BREP('',#10563);
#10565=CARTESIAN_POINT('',(200.000000,80.000000,0.000000));
#10566=DIRECTION('',0.,0.,1.);
#10567=DIRECTION('',1.,0.,0.);
#10568=AXIS2_PLACEMENT_3D('',#10565,#10566,#10567);
#10569=ADVANCED_BREP_SHAPE_REPRESENTATION('',#10564,#10568);
#10570=SHAPE_DEFINITION_REPRESENTATION(#9046,#10569);
#10571=CARTESIAN_POINT('',(203.000000,120.000000,0.000000));
#10572=CARTESIAN_POINT('',(203.000000,120.000000,12.000000));
#10573=CARTESIAN_POINT('',(202.853170,120.927051,0.000000));
#10574=CARTESIAN_POINT('',(202.853170,120.927051,12.000000));
#10575=CARTESIAN_POINT('',(202.427051,121.763356,0.000000));
#10576=CARTESIAN_POINT('',(202.427051,121.763356,12.000000));
#10577=CARTESIAN_POINT('',(201.763356,122.427051,0.000000));
#10578=CARTESIAN_POINT('',(201.763356,122.427051,12.000000));
#10579=CARTESIAN_POINT('',(200.927051,122.853170,0.000000));
#10580=CARTESIAN_POINT('',(200.927051,122.853170,12.000000));
#10581=CARTESIAN_POINT('',(200.000000,123.000000,0.000000));
#10582=CARTESIAN_POINT('',(200.000000,123.000000,12.000000));
#10583=CARTESIAN_POINT('',(199.072949,122.853170,0.000000));
#10584=CARTESIAN_POINT('',(199.072949,122.853170,12.000000));
#10585=CARTESIAN_POINT('',(198.236644,122.427051,0.000000));
#10586=CARTESIAN_POINT('',(198.236644,122.427051,12.000000));
#10587=CARTESIAN_POINT('',(197.572949,121.763356,0.000000));
#10588=CARTESIAN_POINT('',(197.572949,121.763356,12.000000));
#10589=CARTESIAN_POINT('',(197.146830,120.927051,0.000000));
#10590=CARTESIAN_POINT('',(197.146830,120.927051,12.000000));
#10591=CARTESIAN_POINT('',(197.000000,120.000000,0.000000));
#10592=CARTESIAN_POINT('',(197.000000,120.000000,12.000000));
#10593=CARTESIAN_POINT('',(197.146830,119.072949,0.000000));
#10594=CARTESIAN_POINT('',(197.146830,119.072949,12.000000));
#10595=CARTESIAN_POINT('',(197.572949,118.236644,0.000000));
#10596=CARTESIAN_POINT('',(197.572949,118.236644,12.000000));
#10597=CARTESIAN_POINT('',(198.236644,117.572949,0.000000));
#10598=CARTESIAN_POINT('',(198.236644,117.572949,12.000000));
#10599=CARTESIAN_POINT('',(199.072949,117.146830,0.000000));
#10600=CARTESIAN_POINT('',(199.072949,117.146830,12.000000));
#10601=CARTESIAN_POINT('',(200.000000,117.000000,0.000000));
#10602=CARTESIAN_POINT('',(200.000000,117.000000,12.000000));
#10603=CARTESIAN_POINT('',(200.927051,117.146830,0.000000));
#10604=CARTESIAN_POINT('',(200.927051,117.146830,12.000000));
#10605=CARTESIAN_POINT('',(201.763356,117.572949,0.000000));
#10606=CARTESIAN_POINT('',(201.763356,117.572949,12.000000));
#10607=CARTESIAN_POINT('',(202.427051,118.236644,0.000000));
#10608=CARTESIAN_POINT('',(202.427051,118.236644,12.000000));
#10609=CARTESIAN_POINT('',(202.853170,119.072949,0.000000));
#10610=CARTESIAN_POINT('',(202.853170,119.072949,12.000000));
#10611=VERTEX_POINT('',#10571);
#10612=VERTEX_POINT('',#10573);
#10613=VERTEX_POINT('',#10575);
#10614=VERTEX_POINT('',#10577);
#10615=VERTEX_POINT('',#10579);
#10616=VERTEX_POINT('',#10581);
#10617=VERTEX_POINT('',#10583);
#10618=VERTEX_POINT('',#10585);
#10619=VERTEX_POINT('',#10587);
#10620=VERTEX_POINT('',#10589);
#10621=VERTEX_POINT('',#10591);
#10622=VERTEX_POINT('',#10593);
#10623=VERTEX_POINT('',#10595);
#10624=VERTEX_POINT('',#10597);
#10625=VERTEX_POINT('',#10599);
#10626=VERTEX_POINT('',#10601);
#10627=VERTEX_POINT('',#10603);
#10628=VERTEX_POINT('',#10605);
#10629=VERTEX_POINT('',#10607);
#10630=VERTEX_POINT('',#10609);
#10631=VERTEX_POINT('',#10572);
#10632=VERTEX_POINT('',#10574);
#10633=VERTEX_POINT('',#10576);
#10634=VERTEX_POINT('',#10578);
#10635=VERTEX_POINT('',#10580);
#10636=VERTEX_POINT('',#10582);
#10637=VERTEX_POINT('',#10584);
#10638=VERTEX_POINT('',#10586);
#10639=VERTEX_POINT('',#10588);
#10640=VERTEX_POINT('',#10590);
#10641=VERTEX_POINT('',#10592);
#10642=VERTEX_POINT('',#10594);
#10643=VERTEX_POINT('',#10596);
#10644=VERTEX_POINT('',#10598);
#10645=VERTEX_POINT('',#10600);
#10646=VERTEX_POINT('',#10602);
#10647=VERTEX_POINT('',#10604);
#10648=VERTEX_POINT('',#10606);
#10649=VERTEX_POINT('',#10608);
#10650=VERTEX_POINT('',#10610);
#10651=CARTESIAN_POINT('',(200.000000,120.000000,0.000000));
#10652=DIRECTION('',0.,0.,-1.);
#10653=DIRECTION('',1.,0.,0.);
#10654=AXIS2_PLACEMENT_3D('',#10651,#10652,#10653);
#10655=CIRCLE('',#10654,3.000000);
#10656=EDGE_CURVE('',#10611,#10611,#10655,.T.);
#10657=ORIENTED_EDGE('',*,*,#10656,.T.);
#10658=EDGE_LOOP('',#10657);
#10659=FACE_OUTER_BOUND('',#10658,.T.);
#10660=ADVANCED_FACE('',#10659,#10652,.T.);
#10661=CARTESIAN_POINT('',(200.000000,120.000000,12.000000));
#10662=DIRECTION('',0.,0.,1.);
#10663=DIRECTION('',1.,0.,0.);
#10664=AXIS2_PLACEMENT_3D('',#10661,#10662,#10663);
#10665=CIRCLE('',#10664,3.000000);
#10666=EDGE_CURVE('',#10631,#10631,#10665,.T.);
#10667=ORIENTED_EDGE('',*,*,#10666,.T.);
#10668=EDGE_LOOP('',#10667);
#10669=FACE_OUTER_BOUND('',#10668,.T.);
#10670=ADVANCED_FACE('',#10669,#10662,.T.);
#10671=DIRECTION('',-0.156434,0.987688,0.);
#10672=LINE('',#10571,#10671);
#10673=DIRECTION('',0.,0.,1.);
#10674=LINE('',#10573,#10673);
#10675=DIRECTION('',0.156434,-0.987688,0.);
#10676=LINE('',#10574,#10675);
#10677=DIRECTION('',0.,0.,-1.);
#10678=LINE('',#10572,#10677);
#10679=EDGE_CURVE('',#10611,#10612,#10672,.T.);
#10680=EDGE_CURVE('',#10612,#10632,#10674,.T.);
#10681=EDGE_CURVE('',#10632,#10631,#10676,.T.);
#10682=EDGE_CURVE('',#10631,#10611,#10678,.T.);
#10683=ORIENTED_EDGE('',*,*,#10679,.T.);
#10684=ORIENTED_EDGE('',*,*,#10680,.T.);
#10685=ORIENTED_EDGE('',*,*,#10681,.T.);
#10686=ORIENTED_EDGE('',*,*,#10682,.T.);
#10687=EDGE_LOOP('',#10683,#10684,#10685,#10686);
#10688=FACE_OUTER_BOUND('',#10687,.T.);
#10689=DIRECTION('',0.987688,0.156434,0.);
#10690=ADVANCED_FACE('',#10688,#10689,.T.);
#10691=DIRECTION('',-0.453990,0.891007,0.);
#10692=LINE('',#10573,#10691);
#10693=DIRECTION('',0.,0.,1.);
#10694=LINE('',#10575,#10693);
#10695=DIRECTION('',0.453990,-0.891007,0.);
#10696=LINE('',#10576,#10695);
#10697=DIRECTION('',0.,0.,-1.);
#10698=LINE('',#10574,#10697);
#10699=EDGE_CURVE('',#10612,#10613,#10692,.T.);
#10700=EDGE_CURVE('',#10613,#10633,#10694,.T.);
#10701=EDGE_CURVE('',#10633,#10632,#10696,.T.);
#10702=EDGE_CURVE('',#10632,#10612,#10698,.T.);
#10703=ORIENTED_EDGE('',*,*,#10699,.T.);
#10704=ORIENTED_EDGE('',*,*,#10700,.T.);
#10705=ORIENTED_EDGE('',*,*,#10701,.T.);
#10706=ORIENTED_EDGE('',*,*,#10702,.T.);
#10707=EDGE_LOOP('',#10703,#10704,#10705,#10706);
#10708=FACE_OUTER_BOUND('',#10707,.T.);
#10709=DIRECTION('',0.891007,0.453990,0.);
#10710=ADVANCED_FACE('',#10708,#10709,.T.);
#10711=DIRECTION('',-0.707107,0.707107,0.);
#10712=LINE('',#10575,#10711);
#10713=DIRECTION('',0.,0.,1.);
#10714=LINE('',#10577,#10713);
#10715=DIRECTION('',0.707107,-0.707107,0.);
#10716=LINE('',#10578,#10715);
#10717=DIRECTION('',0.,0.,-1.);
#10718=LINE('',#10576,#10717);
#10719=EDGE_CURVE('',#10613,#10614,#10712,.T.);
#10720=EDGE_CURVE('',#10614,#10634,#10714,.T.);
#10721=EDGE_CURVE('',#10634,#10633,#10716,.T.);
#10722=EDGE_CURVE('',#10633,#10613,#10718,.T.);
#10723=ORIENTED_EDGE('',*,*,#10719,.T.);
#10724=ORIENTED_EDGE('',*,*,#10720,.T.);
#10725=ORIENTED_EDGE('',*,*,#10721,.T.);
#10726=ORIENTED_EDGE('',*,*,#10722,.T.);
#10727=EDGE_LOOP('',#10723,#10724,#10725,#10726);
#10728=FACE_OUTER_BOUND('',#10727,.T.);
#10729=DIRECTION('',0.707107,0.707107,0.);
#10730=ADVANCED_FACE('',#10728,#10729,.T.);
#10731=DIRECTION('',-0.891007,0.453990,0.);
#10732=LINE('',#10577,#10731);
#10733=DIRECTION('',0.,0.,1.);
#10734=LINE('',#10579,#10733);
#10735=DIRECTION('',0.891007,-0.453990,0.);
#10736=LINE('',#10580,#10735);
#10737=DIRECTION('',0.,0.,-1.);
#10738=LINE('',#10578,#10737);
#10739=EDGE_CURVE('',#10614,#10615,#10732,.T.);
#10740=EDGE_CURVE('',#10615,#10635,#10734,.T.);
#10741=EDGE_CURVE('',#10635,#10634,#10736,.T.);
#10742=EDGE_CURVE('',#10634,#10614,#10738,.T.);
#10743=ORIENTED_EDGE('',*,*,#10739,.T.);
#10744=ORIENTED_EDGE('',*,*,#10740,.T.);
#10745=ORIENTED_EDGE('',*,*,#10741,.T.);
#10746=ORIENTED_EDGE('',*,*,#10742,.T.);
#10747=EDGE_LOOP('',#10743,#10744,#10745,#10746);
#10748=FACE_OUTER_BOUND('',#10747,.T.);
#10749=DIRECTION('',0.453990,0.891007,0.);
#10750=ADVANCED_FACE('',#10748,#10749,.T.);
#10751=DIRECTION('',-0.987688,0.156434,0.);
#10752=LINE('',#10579,#10751);
#10753=DIRECTION('',0.,0.,1.);
#10754=LINE('',#10581,#10753);
#10755=DIRECTION('',0.987688,-0.156434,0.);
#10756=LINE('',#10582,#10755);
#10757=DIRECTION('',0.,0.,-1.);
#10758=LINE('',#10580,#10757);
#10759=EDGE_CURVE('',#10615,#10616,#10752,.T.);
#10760=EDGE_CURVE('',#10616,#10636,#10754,.T.);
#10761=EDGE_CURVE('',#10636,#10635,#10756,.T.);
#10762=EDGE_CURVE('',#10635,#10615,#10758,.T.);
#10763=ORIENTED_EDGE('',*,*,#10759,.T.);
#10764=ORIENTED_EDGE('',*,*,#10760,.T.);
#10765=ORIENTED_EDGE('',*,*,#10761,.T.);
#10766=ORIENTED_EDGE('',*,*,#10762,.T.);
#10767=EDGE_LOOP('',#10763,#10764,#10765,#10766);
#10768=FACE_OUTER_BOUND('',#10767,.T.);
#10769=DIRECTION('',0.156434,0.987688,0.);
#10770=ADVANCED_FACE('',#10768,#10769,.T.);
#10771=DIRECTION('',-0.987688,-0.156434,0.);
#10772=LINE('',#10581,#10771);
#10773=DIRECTION('',0.,0.,1.);
#10774=LINE('',#10583,#10773);
#10775=DIRECTION('',0.987688,0.156434,0.);
#10776=LINE('',#10584,#10775);
#10777=DIRECTION('',0.,0.,-1.);
#10778=LINE('',#10582,#10777);
#10779=EDGE_CURVE('',#10616,#10617,#10772,.T.);
#10780=EDGE_CURVE('',#10617,#10637,#10774,.T.);
#10781=EDGE_CURVE('',#10637,#10636,#10776,.T.);
#10782=EDGE_CURVE('',#10636,#10616,#10778,.T.);
#10783=ORIENTED_EDGE('',*,*,#10779,.T.);
#10784=ORIENTED_EDGE('',*,*,#10780,.T.);
#10785=ORIENTED_EDGE('',*,*,#10781,.T.);
#10786=ORIENTED_EDGE('',*,*,#10782,.T.);
#10787=EDGE_LOOP('',#10783,#10784,#10785,#10786);
#10788=FACE_OUTER_BOUND('',#10787,.T.);
#10789=DIRECTION('',-0.156434,0.987688,0.);
#10790=ADVANCED_FACE('',#10788,#10789,.T.);
#10791=DIRECTION('',-0.891007,-0.453990,0.);
#10792=LINE('',#10583,#10791);
#10793=DIRECTION('',0.,0.,1.);
#10794=LINE('',#10585,#10793);
#10795=DIRECTION('',0.891007,0.453990,0.);
#10796=LINE('',#10586,#10795);
#10797=DIRECTION('',0.,0.,-1.);
#10798=LINE('',#10584,#10797);
#10799=EDGE_CURVE('',#10617,#10618,#10792,.T.);
#10800=EDGE_CURVE('',#10618,#10638,#10794,.T.);
#10801=EDGE_CURVE('',#10638,#10637,#10796,.T.);
#10802=EDGE_CURVE('',#10637,#10617,#10798,.T.);
#10803=ORIENTED_EDGE('',*,*,#10799,.T.);
#10804=ORIENTED_EDGE('',*,*,#10800,.T.);
#10805=ORIENTED_EDGE('',*,*,#10801,.T.);
#10806=ORIENTED_EDGE('',*,*,#10802,.T.);
#10807=EDGE_LOOP('',#10803,#10804,#10805,#10806);
#10808=FACE_OUTER_BOUND('',#10807,.T.);
#10809=DIRECTION('',-0.453990,0.891007,0.);
#10810=ADVANCED_FACE('',#10808,#10809,.T.);
#10811=DIRECTION('',-0.707107,-0.707107,0.);
#10812=LINE('',#10585,#10811);
#10813=DIRECTION('',0.,0.,1.);
#10814=LINE('',#10587,#10813);
#10815=DIRECTION('',0.707107,0.707107,0.);
#10816=LINE('',#10588,#10815);
#10817=DIRECTION('',0.,0.,-1.);
#10818=LINE('',#10586,#10817);
#10819=EDGE_CURVE('',#10618,#10619,#10812,.T.);
#10820=EDGE_CURVE('',#10619,#10639,#10814,.T.);
#10821=EDGE_CURVE('',#10639,#10638,#10816,.T.);
#10822=EDGE_CURVE('',#10638,#10618,#10818,.T.);
#10823=ORIENTED_EDGE('',*,*,#10819,.T.);
#10824=ORIENTED_EDGE('',*,*,#10820,.T.);
#10825=ORIENTED_EDGE('',*,*,#10821,.T.);
#10826=ORIENTED_EDGE('',*,*,#10822,.T.);
#10827=EDGE_LOOP('',#10823,#10824,#10825,#10826);
#10828=FACE_OUTER_BOUND('',#10827,.T.);
#10829=DIRECTION('',-0.707107,0.707107,0.);
#10830=ADVANCED_FACE('',#10828,#10829,.T.);
#10831=DIRECTION('',-0.453990,-0.891007,0.);
#10832=LINE('',#10587,#10831);
#10833=DIRECTION('',0.,0.,1.);
#10834=LINE('',#10589,#10833);
#10835=DIRECTION('',0.453990,0.891007,0.);
#10836=LINE('',#10590,#10835);
#10837=DIRECTION('',0.,0.,-1.);
#10838=LINE('',#10588,#10837);
#10839=EDGE_CURVE('',#10619,#10620,#10832,.T.);
#10840=EDGE_CURVE('',#10620,#10640,#10834,.T.);
#10841=EDGE_CURVE('',#10640,#10639,#10836,.T.);
#10842=EDGE_CURVE('',#10639,#10619,#10838,.T.);
#10843=ORIENTED_EDGE('',*,*,#10839,.T.);
#10844=ORIENTED_EDGE('',*,*,#10840,.T.);
#10845=ORIENTED_EDGE('',*,*,#10841,.T.);
#10846=ORIENTED_EDGE('',*,*,#10842,.T.);
#10847=EDGE_LOOP('',#10843,#10844,#10845,#10846);
#10848=FACE_OUTER_BOUND('',#10847,.T.);
#10849=DIRECTION('',-0.891007,0.453990,0.);
#10850=ADVANCED_FACE('',#10848,#10849,.T.);
#10851=DIRECTION('',-0.156434,-0.987688,0.);
#10852=LINE('',#10589,#10851);
#10853=DIRECTION('',0.,0.,1.);
#10854=LINE('',#10591,#10853);
#10855=DIRECTION('',0.156434,0.987688,0.);
#10856=LINE('',#10592,#10855);
#10857=DIRECTION('',0.,0.,-1.);
#10858=LINE('',#10590,#10857);
#10859=EDGE_CURVE('',#10620,#10621,#10852,.T.);
#10860=EDGE_CURVE('',#10621,#10641,#10854,.T.);
#10861=EDGE_CURVE('',#10641,#10640,#10856,.T.);
#10862=EDGE_CURVE('',#10640,#10620,#10858,.T.);
#10863=ORIENTED_EDGE('',*,*,#10859,.T.);
#10864=ORIENTED_EDGE('',*,*,#10860,.T.);
#10865=ORIENTED_EDGE('',*,*,#10861,.T.);
#10866=ORIENTED_EDGE('',*,*,#10862,.T.);
#10867=EDGE_LOOP('',#10863,#10864,#10865,#10866);
#10868=FACE_OUTER_BOUND('',#10867,.T.);
#10869=DIRECTION('',-0.987688,0.156434,0.);
#10870=ADVANCED_FACE('',#10868,#10869,.T.);
#10871=DIRECTION('',0.156434,-0.987688,0.);
#10872=LINE('',#10591,#10871);
#10873=DIRECTION('',0.,0.,1.);
#10874=LINE('',#10593,#10873);
#10875=DIRECTION('',-0.156434,0.987688,0.);
#10876=LINE('',#10594,#10875);
#10877=DIRECTION('',0.,0.,-1.);
#10878=LINE('',#10592,#10877);
#10879=EDGE_CURVE('',#10621,#10622,#10872,.T.);
#10880=EDGE_CURVE('',#10622,#10642,#10874,.T.);
#10881=EDGE_CURVE('',#10642,#10641,#10876,.T.);
#10882=EDGE_CURVE('',#10641,#10621,#10878,.T.);
#10883=ORIENTED_EDGE('',*,*,#10879,.T.);
#10884=ORIENTED_EDGE('',*,*,#10880,.T.);
#10885=ORIENTED_EDGE('',*,*,#10881,.T.);
#10886=ORIENTED_EDGE('',*,*,#10882,.T.);
#10887=EDGE_LOOP('',#10883,#10884,#10885,#10886);
#10888=FACE_OUTER_BOUND('',#10887,.T.);
#10889=DIRECTION('',-0.987688,-0.156434,0.);
#10890=ADVANCED_FACE('',#10888,#10889,.T.);
#10891=DIRECTION('',0.453990,-0.891007,0.);
#10892=LINE('',#10593,#10891);
#10893=DIRECTION('',0.,0.,1.);
#10894=LINE('',#10595,#10893);
#10895=DIRECTION('',-0.453990,0.891007,0.);
#10896=LINE('',#10596,#10895);
#10897=DIRECTION('',0.,0.,-1.);
#10898=LINE('',#10594,#10897);
#10899=EDGE_CURVE('',#10622,#10623,#10892,.T.);
#10900=EDGE_CURVE('',#10623,#10643,#10894,.T.);
#10901=EDGE_CURVE('',#10643,#10642,#10896,.T.);
#10902=EDGE_CURVE('',#10642,#10622,#10898,.T.);
#10903=ORIENTED_EDGE('',*,*,#10899,.T.);
#10904=ORIENTED_EDGE('',*,*,#10900,.T.);
#10905=ORIENTED_EDGE('',*,*,#10901,.T.);
#10906=ORIENTED_EDGE('',*,*,#10902,.T.);
#10907=EDGE_LOOP('',#10903,#10904,#10905,#10906);
#10908=FACE_OUTER_BOUND('',#10907,.T.);
#10909=DIRECTION('',-0.891007,-0.453990,0.);
#10910=ADVANCED_FACE('',#10908,#10909,.T.);
#10911=DIRECTION('',0.707107,-0.707107,0.);
#10912=LINE('',#10595,#10911);
#10913=DIRECTION('',0.,0.,1.);
#10914=LINE('',#10597,#10913);
#10915=DIRECTION('',-0.707107,0.707107,0.);
#10916=LINE('',#10598,#10915);
#10917=DIRECTION('',0.,0.,-1.);
#10918=LINE('',#10596,#10917);
#10919=EDGE_CURVE('',#10623,#10624,#10912,.T.);
#10920=EDGE_CURVE('',#10624,#10644,#10914,.T.);
#10921=EDGE_CURVE('',#10644,#10643,#10916,.T.);
#10922=EDGE_CURVE('',#10643,#10623,#10918,.T.);
#10923=ORIENTED_EDGE('',*,*,#10919,.T.);
#10924=ORIENTED_EDGE('',*,*,#10920,.T.);
#10925=ORIENTED_EDGE('',*,*,#10921,.T.);
#10926=ORIENTED_EDGE('',*,*,#10922,.T.);
#10927=EDGE_LOOP('',#10923,#10924,#10925,#10926);
#10928=FACE_OUTER_BOUND('',#10927,.T.);
#10929=DIRECTION('',-0.707107,-0.707107,0.);
#10930=ADVANCED_FACE('',#10928,#10929,.T.);
#10931=DIRECTION('',0.891007,-0.453990,0.);
#10932=LINE('',#10597,#10931);
#10933=DIRECTION('',0.,0.,1.);
#10934=LINE('',#10599,#10933);
#10935=DIRECTION('',-0.891007,0.453990,0.);
#10936=LINE('',#10600,#10935);
#10937=DIRECTION('',0.,0.,-1.);
#10938=LINE('',#10598,#10937);
#10939=EDGE_CURVE('',#10624,#10625,#10932,.T.);
#10940=EDGE_CURVE('',#10625,#10645,#10934,.T.);
#10941=EDGE_CURVE('',#10645,#10644,#10936,.T.);
#10942=EDGE_CURVE('',#10644,#10624,#10938,.T.);
#10943=ORIENTED_EDGE('',*,*,#10939,.T.);
#10944=ORIENTED_EDGE('',*,*,#10940,.T.);
#10945=ORIENTED_EDGE('',*,*,#10941,.T.);
#10946=ORIENTED_EDGE('',*,*,#10942,.T.);
#10947=EDGE_LOOP('',#10943,#10944,#10945,#10946);
#10948=FACE_OUTER_BOUND('',#10947,.T.);
#10949=DIRECTION('',-0.453990,-0.891007,0.);
#10950=ADVANCED_FACE('',#10948,#10949,.T.);
#10951=DIRECTION('',0.987688,-0.156434,0.);
#10952=LINE('',#10599,#10951);
#10953=DIRECTION('',0.,0.,1.);
#10954=LINE('',#10601,#10953);
#10955=DIRECTION('',-0.987688,0.156434,0.);
#10956=LINE('',#10602,#10955);
#10957=DIRECTION('',0.,0.,-1.);
#10958=LINE('',#10600,#10957);
#10959=EDGE_CURVE('',#10625,#10626,#10952,.T.);
#10960=EDGE_CURVE('',#10626,#10646,#10954,.T.);
#10961=EDGE_CURVE('',#10646,#10645,#10956,.T.);
#10962=EDGE_CURVE('',#10645,#10625,#10958,.T.);
#10963=ORIENTED_EDGE('',*,*,#10959,.T.);
#10964=ORIENTED_EDGE('',*,*,#10960,.T.);
#10965=ORIENTED_EDGE('',*,*,#10961,.T.);
#10966=ORIENTED_EDGE('',*,*,#10962,.T.);
#10967=EDGE_LOOP('',#10963,#10964,#10965,#10966);
#10968=FACE_OUTER_BOUND('',#10967,.T.);
#10969=DIRECTION('',-0.156434,-0.987688,0.);
#10970=ADVANCED_FACE('',#10968,#10969,.T.);
#10971=DIRECTION('',0.987688,0.156434,0.);
#10972=LINE('',#10601,#10971);
#10973=DIRECTION('',0.,0.,1.);
#10974=LINE('',#10603,#10973);
#10975=DIRECTION('',-0.987688,-0.156434,0.);
#10976=LINE('',#10604,#10975);
#10977=DIRECTION('',0.,0.,-1.);
#10978=LINE('',#10602,#10977);
#10979=EDGE_CURVE('',#10626,#10627,#10972,.T.);
#10980=EDGE_CURVE('',#10627,#10647,#10974,.T.);
#10981=EDGE_CURVE('',#10647,#10646,#10976,.T.);
#10982=EDGE_CURVE('',#10646,#10626,#10978,.T.);
#10983=ORIENTED_EDGE('',*,*,#10979,.T.);
#10984=ORIENTED_EDGE('',*,*,#10980,.T.);
#10985=ORIENTED_EDGE('',*,*,#10981,.T.);
#10986=ORIENTED_EDGE('',*,*,#10982,.T.);
#10987=EDGE_LOOP('',#10983,#10984,#10985,#10986);
#10988=FACE_OUTER_BOUND('',#10987,.T.);
#10989=DIRECTION('',0.156434,-0.987688,0.);
#10990=ADVANCED_FACE('',#10988,#10989,.T.);
#10991=DIRECTION('',0.891007,0.453990,0.);
#10992=LINE('',#10603,#10991);
#10993=DIRECTION('',0.,0.,1.);
#10994=LINE('',#10605,#10993);
#10995=DIRECTION('',-0.891007,-0.453990,0.);
#10996=LINE('',#10606,#10995);
#10997=DIRECTION('',0.,0.,-1.);
#10998=LINE('',#10604,#10997);
#10999=EDGE_CURVE('',#10627,#10628,#10992,.T.);
#11000=EDGE_CURVE('',#10628,#10648,#10994,.T.);
#11001=EDGE_CURVE('',#10648,#10647,#10996,.T.);
#11002=EDGE_CURVE('',#10647,#10627,#10998,.T.);
#11003=ORIENTED_EDGE('',*,*,#10999,.T.);
#11004=ORIENTED_EDGE('',*,*,#11000,.T.);
#11005=ORIENTED_EDGE('',*,*,#11001,.T.);
#11006=ORIENTED_EDGE('',*,*,#11002,.T.);
#11007=EDGE_LOOP('',#11003,#11004,#11005,#11006);
#11008=FACE_OUTER_BOUND('',#11007,.T.);
#11009=DIRECTION('',0.453990,-0.891007,0.);
#11010=ADVANCED_FACE('',#11008,#11009,.T.);
#11011=DIRECTION('',0.707107,0.707107,0.);
#11012=LINE('',#10605,#11011);
#11013=DIRECTION('',0.,0.,1.);
#11014=LINE('',#10607,#11013);
#11015=DIRECTION('',-0.707107,-0.707107,0.);
#11016=LINE('',#10608,#11015);
#11017=DIRECTION('',0.,0.,-1.);
#11018=LINE('',#10606,#11017);
#11019=EDGE_CURVE('',#10628,#10629,#11012,.T.);
#11020=EDGE_CURVE('',#10629,#10649,#11014,.T.);
#11021=EDGE_CURVE('',#10649,#10648,#11016,.T.);
#11022=EDGE_CURVE('',#10648,#10628,#11018,.T.);
#11023=ORIENTED_EDGE('',*,*,#11019,.T.);
#11024=ORIENTED_EDGE('',*,*,#11020,.T.);
#11025=ORIENTED_EDGE('',*,*,#11021,.T.);
#11026=ORIENTED_EDGE('',*,*,#11022,.T.);
#11027=EDGE_LOOP('',#11023,#11024,#11025,#11026);
#11028=FACE_OUTER_BOUND('',#11027,.T.);
#11029=DIRECTION('',0.707107,-0.707107,0.);
#11030=ADVANCED_FACE('',#11028,#11029,.T.);
#11031=DIRECTION('',0.453990,0.891007,0.);
#11032=LINE('',#10607,#11031);
#11033=DIRECTION('',0.,0.,1.);
#11034=LINE('',#10609,#11033);
#11035=DIRECTION('',-0.453990,-0.891007,0.);
#11036=LINE('',#10610,#11035);
#11037=DIRECTION('',0.,0.,-1.);
#11038=LINE('',#10608,#11037);
#11039=EDGE_CURVE('',#10629,#10630,#11032,.T.);
#11040=EDGE_CURVE('',#10630,#10650,#11034,.T.);
#11041=EDGE_CURVE('',#10650,#10649,#11036,.T.);
#11042=EDGE_CURVE('',#10649,#10629,#11038,.T.);
#11043=ORIENTED_EDGE('',*,*,#11039,.T.);
#11044=ORIENTED_EDGE('',*,*,#11040,.T.);
#11045=ORIENTED_EDGE('',*,*,#11041,.T.);
#11046=ORIENTED_EDGE('',*,*,#11042,.T.);
#11047=EDGE_LOOP('',#11043,#11044,#11045,#11046);
#11048=FACE_OUTER_BOUND('',#11047,.T.);
#11049=DIRECTION('',0.891007,-0.453990,0.);
#11050=ADVANCED_FACE('',#11048,#11049,.T.);
#11051=DIRECTION('',0.156434,0.987688,0.);
#11052=LINE('',#10609,#11051);
#11053=DIRECTION('',0.,0.,1.);
#11054=LINE('',#10571,#11053);
#11055=DIRECTION('',-0.156434,-0.987688,0.);
#11056=LINE('',#10572,#11055);
#11057=DIRECTION('',0.,0.,-1.);
#11058=LINE('',#10610,#11057);
#11059=EDGE_CURVE('',#10630,#10611,#11052,.T.);
#11060=EDGE_CURVE('',#10611,#10631,#11054,.T.);
#11061=EDGE_CURVE('',#10631,#10650,#11056,.T.);
#11062=EDGE_CURVE('',#10650,#10630,#11058,.T.);
#11063=ORIENTED_EDGE('',*,*,#11059,.T.);
#11064=ORIENTED_EDGE('',*,*,#11060,.T.);
#11065=ORIENTED_EDGE('',*,*,#11061,.T.);
#11066=ORIENTED_EDGE('',*,*,#11062,.T.);
#11067=EDGE_LOOP('',#11063,#11064,#11065,#11066);
#11068=FACE_OUTER_BOUND('',#11067,.T.);
#11069=DIRECTION('',-0.987688,0.156434,0.);
#11070=ADVANCED_FACE('',#11068,#11069,.T.);
#11071=CLOSED_SHELL('',#10660,#10670,#10690,#10710,#10730,#10750,#10770,#10790,#10810,#10830,#10850,#10870,#10890,#10910,#10930,#10950,#10970,#10990,#11010,#11030,#11050,#11070);
#11072=MANIFOLD_SOLID_BREP('',#11071);
#11073=CARTESIAN_POINT('',(200.000000,120.000000,0.000000));
#11074=DIRECTION('',0.,0.,1.);
#11075=DIRECTION('',1.,0.,0.);
#11076=AXIS2_PLACEMENT_3D('',#11073,#11074,#11075);
#11077=ADVANCED_BREP_SHAPE_REPRESENTATION('',#11072,#11076);
#11078=SHAPE_DEFINITION_REPRESENTATION(#9046,#11077);
#11079=PRODUCT('SpaceWireConnectors','SpaceWire Connectors','SpaceWire data connectors',('mechanical'));
#11080=PRODUCT_DEFINITION_FORMATION('',#11079);
#11081=PRODUCT_DEFINITION('design','',#11080,#1);
#11082=PRODUCT_DEFINITION_SHAPE('','',#11081);
#11083=CARTESIAN_POINT('',(200.000000,95.000000,0.000000));
#11084=CARTESIAN_POINT('',(215.000000,95.000000,0.000000));
#11085=CARTESIAN_POINT('',(215.000000,105.000000,0.000000));
#11086=CARTESIAN_POINT('',(200.000000,105.000000,0.000000));
#11087=CARTESIAN_POINT('',(200.000000,95.000000,8.000000));
#11088=CARTESIAN_POINT('',(215.000000,95.000000,8.000000));
#11089=CARTESIAN_POINT('',(215.000000,105.000000,8.000000));
#11090=CARTESIAN_POINT('',(200.000000,105.000000,8.000000));
#11091=VERTEX_POINT('',#11083);
#11092=VERTEX_POINT('',#11084);
#11093=VERTEX_POINT('',#11085);
#11094=VERTEX_POINT('',#11086);
#11095=VERTEX_POINT('',#11087);
#11096=VERTEX_POINT('',#11088);
#11097=VERTEX_POINT('',#11089);
#11098=VERTEX_POINT('',#11090);
#11099=DIRECTION('',(0.000000,1.000000,0.000000));
#11100=LINE('',#11083,#11099);
#11101=EDGE_CURVE('',#11091,#11094,#11100,.T.);
#11102=ORIENTED_EDGE('',*,*,#11101,.T.);
#11103=DIRECTION('',(1.000000,0.000000,0.000000));
#11104=LINE('',#11086,#11103);
#11105=EDGE_CURVE('',#11094,#11093,#11104,.T.);
#11106=ORIENTED_EDGE('',*,*,#11105,.T.);
#11107=DIRECTION('',(0.000000,-1.000000,0.000000));
#11108=LINE('',#11085,#11107);
#11109=EDGE_CURVE('',#11093,#11092,#11108,.T.);
#11110=ORIENTED_EDGE('',*,*,#11109,.T.);
#11111=DIRECTION('',(-1.000000,0.000000,0.000000));
#11112=LINE('',#11084,#11111);
#11113=EDGE_CURVE('',#11092,#11091,#11112,.T.);
#11114=ORIENTED_EDGE('',*,*,#11113,.T.);
#11115=EDGE_LOOP('',#11102,#11106,#11110,#11114);
#11116=FACE_OUTER_BOUND('',#11115,.T.);
#11117=DIRECTION('',(0.,0.,-1.));
#11118=ADVANCED_FACE('',#11116,#11117,.T.);
#11119=DIRECTION('',(1.000000,0.000000,0.000000));
#11120=LINE('',#11087,#11119);
#11121=EDGE_CURVE('',#11095,#11096,#11120,.T.);
#11122=ORIENTED_EDGE('',*,*,#11121,.T.);
#11123=DIRECTION('',(0.000000,1.000000,0.000000));
#11124=LINE('',#11088,#11123);
#11125=EDGE_CURVE('',#11096,#11097,#11124,.T.);
#11126=ORIENTED_EDGE('',*,*,#11125,.T.);
#11127=DIRECTION('',(-1.000000,0.000000,0.000000));
#11128=LINE('',#11089,#11127);
#11129=EDGE_CURVE('',#11097,#11098,#11128,.T.);
#11130=ORIENTED_EDGE('',*,*,#11129,.T.);
#11131=DIRECTION('',(0.000000,-1.000000,0.000000));
#11132=LINE('',#11090,#11131);
#11133=EDGE_CURVE('',#11098,#11095,#11132,.T.);
#11134=ORIENTED_EDGE('',*,*,#11133,.T.);
#11135=EDGE_LOOP('',#11122,#11126,#11130,#11134);
#11136=FACE_OUTER_BOUND('',#11135,.T.);
#11137=DIRECTION('',(0.,0.,1.));
#11138=ADVANCED_FACE('',#11136,#11137,.T.);
#11139=DIRECTION('',(1.000000,0.000000,0.000000));
#11140=LINE('',#11083,#11139);
#11141=EDGE_CURVE('',#11091,#11092,#11140,.T.);
#11142=ORIENTED_EDGE('',*,*,#11141,.T.);
#11143=DIRECTION('',(0.000000,0.000000,1.000000));
#11144=LINE('',#11084,#11143);
#11145=EDGE_CURVE('',#11092,#11096,#11144,.T.);
#11146=ORIENTED_EDGE('',*,*,#11145,.T.);
#11147=DIRECTION('',(-1.000000,0.000000,0.000000));
#11148=LINE('',#11088,#11147);
#11149=EDGE_CURVE('',#11096,#11095,#11148,.T.);
#11150=ORIENTED_EDGE('',*,*,#11149,.T.);
#11151=DIRECTION('',(0.000000,0.000000,-1.000000));
#11152=LINE('',#11087,#11151);
#11153=EDGE_CURVE('',#11095,#11091,#11152,.T.);
#11154=ORIENTED_EDGE('',*,*,#11153,.T.);
#11155=EDGE_LOOP('',#11142,#11146,#11150,#11154);
#11156=FACE_OUTER_BOUND('',#11155,.T.);
#11157=DIRECTION('',(0.,-1.,0.));
#11158=ADVANCED_FACE('',#11156,#11157,.T.);
#11159=DIRECTION('',(0.000000,0.000000,1.000000));
#11160=LINE('',#11086,#11159);
#11161=EDGE_CURVE('',#11094,#11098,#11160,.T.);
#11162=ORIENTED_EDGE('',*,*,#11161,.T.);
#11163=DIRECTION('',(1.000000,0.000000,0.000000));
#11164=LINE('',#11090,#11163);
#11165=EDGE_CURVE('',#11098,#11097,#11164,.T.);
#11166=ORIENTED_EDGE('',*,*,#11165,.T.);
#11167=DIRECTION('',(0.000000,0.000000,-1.000000));
#11168=LINE('',#11089,#11167);
#11169=EDGE_CURVE('',#11097,#11093,#11168,.T.);
#11170=ORIENTED_EDGE('',*,*,#11169,.T.);
#11171=DIRECTION('',(-1.000000,0.000000,0.000000));
#11172=LINE('',#11085,#11171);
#11173=EDGE_CURVE('',#11093,#11094,#11172,.T.);
#11174=ORIENTED_EDGE('',*,*,#11173,.T.);
#11175=EDGE_LOOP('',#11162,#11166,#11170,#11174);
#11176=FACE_OUTER_BOUND('',#11175,.T.);
#11177=DIRECTION('',(0.,1.,0.));
#11178=ADVANCED_FACE('',#11176,#11177,.T.);
#11179=DIRECTION('',(0.000000,0.000000,1.000000));
#11180=LINE('',#11083,#11179);
#11181=EDGE_CURVE('',#11091,#11095,#11180,.T.);
#11182=ORIENTED_EDGE('',*,*,#11181,.T.);
#11183=DIRECTION('',(0.000000,1.000000,0.000000));
#11184=LINE('',#11087,#11183);
#11185=EDGE_CURVE('',#11095,#11098,#11184,.T.);
#11186=ORIENTED_EDGE('',*,*,#11185,.T.);
#11187=DIRECTION('',(0.000000,0.000000,-1.000000));
#11188=LINE('',#11090,#11187);
#11189=EDGE_CURVE('',#11098,#11094,#11188,.T.);
#11190=ORIENTED_EDGE('',*,*,#11189,.T.);
#11191=DIRECTION('',(0.000000,-1.000000,0.000000));
#11192=LINE('',#11086,#11191);
#11193=EDGE_CURVE('',#11094,#11091,#11192,.T.);
#11194=ORIENTED_EDGE('',*,*,#11193,.T.);
#11195=EDGE_LOOP('',#11182,#11186,#11190,#11194);
#11196=FACE_OUTER_BOUND('',#11195,.T.);
#11197=DIRECTION('',(-1.,0.,0.));
#11198=ADVANCED_FACE('',#11196,#11197,.T.);
#11199=DIRECTION('',(0.000000,1.000000,0.000000));
#11200=LINE('',#11084,#11199);
#11201=EDGE_CURVE('',#11092,#11093,#11200,.T.);
#11202=ORIENTED_EDGE('',*,*,#11201,.T.);
#11203=DIRECTION('',(0.000000,0.000000,1.000000));
#11204=LINE('',#11085,#11203);
#11205=EDGE_CURVE('',#11093,#11097,#11204,.T.);
#11206=ORIENTED_EDGE('',*,*,#11205,.T.);
#11207=DIRECTION('',(0.000000,-1.000000,0.000000));
#11208=LINE('',#11089,#11207);
#11209=EDGE_CURVE('',#11097,#11096,#11208,.T.);
#11210=ORIENTED_EDGE('',*,*,#11209,.T.);
#11211=DIRECTION('',(0.000000,0.000000,-1.000000));
#11212=LINE('',#11088,#11211);
#11213=EDGE_CURVE('',#11096,#11092,#11212,.T.);
#11214=ORIENTED_EDGE('',*,*,#11213,.T.);
#11215=EDGE_LOOP('',#11202,#11206,#11210,#11214);
#11216=FACE_OUTER_BOUND('',#11215,.T.);
#11217=DIRECTION('',(1.,0.,0.));
#11218=ADVANCED_FACE('',#11216,#11217,.T.);
#11219=CLOSED_SHELL('',#11118,#11138,#11158,#11178,#11198,#11218);
#11220=MANIFOLD_SOLID_BREP('',#11219);
#11221=CARTESIAN_POINT('',(200.000000,95.000000,0.000000));
#11222=DIRECTION('',0.,0.,1.);
#11223=DIRECTION('',1.,0.,0.);
#11224=AXIS2_PLACEMENT_3D('',#11221,#11222,#11223);
#11225=ADVANCED_BREP_SHAPE_REPRESENTATION('',#11220,#11224);
#11226=SHAPE_DEFINITION_REPRESENTATION(#11082,#11225);
#11227=CARTESIAN_POINT('',(200.000000,115.000000,0.000000));
#11228=CARTESIAN_POINT('',(215.000000,115.000000,0.000000));
#11229=CARTESIAN_POINT('',(215.000000,125.000000,0.000000));
#11230=CARTESIAN_POINT('',(200.000000,125.000000,0.000000));
#11231=CARTESIAN_POINT('',(200.000000,115.000000,8.000000));
#11232=CARTESIAN_POINT('',(215.000000,115.000000,8.000000));
#11233=CARTESIAN_POINT('',(215.000000,125.000000,8.000000));
#11234=CARTESIAN_POINT('',(200.000000,125.000000,8.000000));
#11235=VERTEX_POINT('',#11227);
#11236=VERTEX_POINT('',#11228);
#11237=VERTEX_POINT('',#11229);
#11238=VERTEX_POINT('',#11230);
#11239=VERTEX_POINT('',#11231);
#11240=VERTEX_POINT('',#11232);
#11241=VERTEX_POINT('',#11233);
#11242=VERTEX_POINT('',#11234);
#11243=DIRECTION('',(0.000000,1.000000,0.000000));
#11244=LINE('',#11227,#11243);
#11245=EDGE_CURVE('',#11235,#11238,#11244,.T.);
#11246=ORIENTED_EDGE('',*,*,#11245,.T.);
#11247=DIRECTION('',(1.000000,0.000000,0.000000));
#11248=LINE('',#11230,#11247);
#11249=EDGE_CURVE('',#11238,#11237,#11248,.T.);
#11250=ORIENTED_EDGE('',*,*,#11249,.T.);
#11251=DIRECTION('',(0.000000,-1.000000,0.000000));
#11252=LINE('',#11229,#11251);
#11253=EDGE_CURVE('',#11237,#11236,#11252,.T.);
#11254=ORIENTED_EDGE('',*,*,#11253,.T.);
#11255=DIRECTION('',(-1.000000,0.000000,0.000000));
#11256=LINE('',#11228,#11255);
#11257=EDGE_CURVE('',#11236,#11235,#11256,.T.);
#11258=ORIENTED_EDGE('',*,*,#11257,.T.);
#11259=EDGE_LOOP('',#11246,#11250,#11254,#11258);
#11260=FACE_OUTER_BOUND('',#11259,.T.);
#11261=DIRECTION('',(0.,0.,-1.));
#11262=ADVANCED_FACE('',#11260,#11261,.T.);
#11263=DIRECTION('',(1.000000,0.000000,0.000000));
#11264=LINE('',#11231,#11263);
#11265=EDGE_CURVE('',#11239,#11240,#11264,.T.);
#11266=ORIENTED_EDGE('',*,*,#11265,.T.);
#11267=DIRECTION('',(0.000000,1.000000,0.000000));
#11268=LINE('',#11232,#11267);
#11269=EDGE_CURVE('',#11240,#11241,#11268,.T.);
#11270=ORIENTED_EDGE('',*,*,#11269,.T.);
#11271=DIRECTION('',(-1.000000,0.000000,0.000000));
#11272=LINE('',#11233,#11271);
#11273=EDGE_CURVE('',#11241,#11242,#11272,.T.);
#11274=ORIENTED_EDGE('',*,*,#11273,.T.);
#11275=DIRECTION('',(0.000000,-1.000000,0.000000));
#11276=LINE('',#11234,#11275);
#11277=EDGE_CURVE('',#11242,#11239,#11276,.T.);
#11278=ORIENTED_EDGE('',*,*,#11277,.T.);
#11279=EDGE_LOOP('',#11266,#11270,#11274,#11278);
#11280=FACE_OUTER_BOUND('',#11279,.T.);
#11281=DIRECTION('',(0.,0.,1.));
#11282=ADVANCED_FACE('',#11280,#11281,.T.);
#11283=DIRECTION('',(1.000000,0.000000,0.000000));
#11284=LINE('',#11227,#11283);
#11285=EDGE_CURVE('',#11235,#11236,#11284,.T.);
#11286=ORIENTED_EDGE('',*,*,#11285,.T.);
#11287=DIRECTION('',(0.000000,0.000000,1.000000));
#11288=LINE('',#11228,#11287);
#11289=EDGE_CURVE('',#11236,#11240,#11288,.T.);
#11290=ORIENTED_EDGE('',*,*,#11289,.T.);
#11291=DIRECTION('',(-1.000000,0.000000,0.000000));
#11292=LINE('',#11232,#11291);
#11293=EDGE_CURVE('',#11240,#11239,#11292,.T.);
#11294=ORIENTED_EDGE('',*,*,#11293,.T.);
#11295=DIRECTION('',(0.000000,0.000000,-1.000000));
#11296=LINE('',#11231,#11295);
#11297=EDGE_CURVE('',#11239,#11235,#11296,.T.);
#11298=ORIENTED_EDGE('',*,*,#11297,.T.);
#11299=EDGE_LOOP('',#11286,#11290,#11294,#11298);
#11300=FACE_OUTER_BOUND('',#11299,.T.);
#11301=DIRECTION('',(0.,-1.,0.));
#11302=ADVANCED_FACE('',#11300,#11301,.T.);
#11303=DIRECTION('',(0.000000,0.000000,1.000000));
#11304=LINE('',#11230,#11303);
#11305=EDGE_CURVE('',#11238,#11242,#11304,.T.);
#11306=ORIENTED_EDGE('',*,*,#11305,.T.);
#11307=DIRECTION('',(1.000000,0.000000,0.000000));
#11308=LINE('',#11234,#11307);
#11309=EDGE_CURVE('',#11242,#11241,#11308,.T.);
#11310=ORIENTED_EDGE('',*,*,#11309,.T.);
#11311=DIRECTION('',(0.000000,0.000000,-1.000000));
#11312=LINE('',#11233,#11311);
#11313=EDGE_CURVE('',#11241,#11237,#11312,.T.);
#11314=ORIENTED_EDGE('',*,*,#11313,.T.);
#11315=DIRECTION('',(-1.000000,0.000000,0.000000));
#11316=LINE('',#11229,#11315);
#11317=EDGE_CURVE('',#11237,#11238,#11316,.T.);
#11318=ORIENTED_EDGE('',*,*,#11317,.T.);
#11319=EDGE_LOOP('',#11306,#11310,#11314,#11318);
#11320=FACE_OUTER_BOUND('',#11319,.T.);
#11321=DIRECTION('',(0.,1.,0.));
#11322=ADVANCED_FACE('',#11320,#11321,.T.);
#11323=DIRECTION('',(0.000000,0.000000,1.000000));
#11324=LINE('',#11227,#11323);
#11325=EDGE_CURVE('',#11235,#11239,#11324,.T.);
#11326=ORIENTED_EDGE('',*,*,#11325,.T.);
#11327=DIRECTION('',(0.000000,1.000000,0.000000));
#11328=LINE('',#11231,#11327);
#11329=EDGE_CURVE('',#11239,#11242,#11328,.T.);
#11330=ORIENTED_EDGE('',*,*,#11329,.T.);
#11331=DIRECTION('',(0.000000,0.000000,-1.000000));
#11332=LINE('',#11234,#11331);
#11333=EDGE_CURVE('',#11242,#11238,#11332,.T.);
#11334=ORIENTED_EDGE('',*,*,#11333,.T.);
#11335=DIRECTION('',(0.000000,-1.000000,0.000000));
#11336=LINE('',#11230,#11335);
#11337=EDGE_CURVE('',#11238,#11235,#11336,.T.);
#11338=ORIENTED_EDGE('',*,*,#11337,.T.);
#11339=EDGE_LOOP('',#11326,#11330,#11334,#11338);
#11340=FACE_OUTER_BOUND('',#11339,.T.);
#11341=DIRECTION('',(-1.,0.,0.));
#11342=ADVANCED_FACE('',#11340,#11341,.T.);
#11343=DIRECTION('',(0.000000,1.000000,0.000000));
#11344=LINE('',#11228,#11343);
#11345=EDGE_CURVE('',#11236,#11237,#11344,.T.);
#11346=ORIENTED_EDGE('',*,*,#11345,.T.);
#11347=DIRECTION('',(0.000000,0.000000,1.000000));
#11348=LINE('',#11229,#11347);
#11349=EDGE_CURVE('',#11237,#11241,#11348,.T.);
#11350=ORIENTED_EDGE('',*,*,#11349,.T.);
#11351=DIRECTION('',(0.000000,-1.000000,0.000000));
#11352=LINE('',#11233,#11351);
#11353=EDGE_CURVE('',#11241,#11240,#11352,.T.);
#11354=ORIENTED_EDGE('',*,*,#11353,.T.);
#11355=DIRECTION('',(0.000000,0.000000,-1.000000));
#11356=LINE('',#11232,#11355);
#11357=EDGE_CURVE('',#11240,#11236,#11356,.T.);
#11358=ORIENTED_EDGE('',*,*,#11357,.T.);
#11359=EDGE_LOOP('',#11346,#11350,#11354,#11358);
#11360=FACE_OUTER_BOUND('',#11359,.T.);
#11361=DIRECTION('',(1.,0.,0.));
#11362=ADVANCED_FACE('',#11360,#11361,.T.);
#11363=CLOSED_SHELL('',#11262,#11282,#11302,#11322,#11342,#11362);
#11364=MANIFOLD_SOLID_BREP('',#11363);
#11365=CARTESIAN_POINT('',(200.000000,115.000000,0.000000));
#11366=DIRECTION('',0.,0.,1.);
#11367=DIRECTION('',1.,0.,0.);
#11368=AXIS2_PLACEMENT_3D('',#11365,#11366,#11367);
#11369=ADVANCED_BREP_SHAPE_REPRESENTATION('',#11364,#11368);
#11370=SHAPE_DEFINITION_REPRESENTATION(#11082,#11369);
#11371=PRODUCT('PowerConnector','Power Connector','Power supply connector',('mechanical'));
#11372=PRODUCT_DEFINITION_FORMATION('',#11371);
#11373=PRODUCT_DEFINITION('design','',#11372,#1);
#11374=PRODUCT_DEFINITION_SHAPE('','',#11373);
#11375=CARTESIAN_POINT('',(200.000000,140.000000,0.000000));
#11376=CARTESIAN_POINT('',(212.000000,140.000000,0.000000));
#11377=CARTESIAN_POINT('',(212.000000,148.000000,0.000000));
#11378=CARTESIAN_POINT('',(200.000000,148.000000,0.000000));
#11379=CARTESIAN_POINT('',(200.000000,140.000000,6.000000));
#11380=CARTESIAN_POINT('',(212.000000,140.000000,6.000000));
#11381=CARTESIAN_POINT('',(212.000000,148.000000,6.000000));
#11382=CARTESIAN_POINT('',(200.000000,148.000000,6.000000));
#11383=VERTEX_POINT('',#11375);
#11384=VERTEX_POINT('',#11376);
#11385=VERTEX_POINT('',#11377);
#11386=VERTEX_POINT('',#11378);
#11387=VERTEX_POINT('',#11379);
#11388=VERTEX_POINT('',#11380);
#11389=VERTEX_POINT('',#11381);
#11390=VERTEX_POINT('',#11382);
#11391=DIRECTION('',(0.000000,1.000000,0.000000));
#11392=LINE('',#11375,#11391);
#11393=EDGE_CURVE('',#11383,#11386,#11392,.T.);
#11394=ORIENTED_EDGE('',*,*,#11393,.T.);
#11395=DIRECTION('',(1.000000,0.000000,0.000000));
#11396=LINE('',#11378,#11395);
#11397=EDGE_CURVE('',#11386,#11385,#11396,.T.);
#11398=ORIENTED_EDGE('',*,*,#11397,.T.);
#11399=DIRECTION('',(0.000000,-1.000000,0.000000));
#11400=LINE('',#11377,#11399);
#11401=EDGE_CURVE('',#11385,#11384,#11400,.T.);
#11402=ORIENTED_EDGE('',*,*,#11401,.T.);
#11403=DIRECTION('',(-1.000000,0.000000,0.000000));
#11404=LINE('',#11376,#11403);
#11405=EDGE_CURVE('',#11384,#11383,#11404,.T.);
#11406=ORIENTED_EDGE('',*,*,#11405,.T.);
#11407=EDGE_LOOP('',#11394,#11398,#11402,#11406);
#11408=FACE_OUTER_BOUND('',#11407,.T.);
#11409=DIRECTION('',(0.,0.,-1.));
#11410=ADVANCED_FACE('',#11408,#11409,.T.);
#11411=DIRECTION('',(1.000000,0.000000,0.000000));
#11412=LINE('',#11379,#11411);
#11413=EDGE_CURVE('',#11387,#11388,#11412,.T.);
#11414=ORIENTED_EDGE('',*,*,#11413,.T.);
#11415=DIRECTION('',(0.000000,1.000000,0.000000));
#11416=LINE('',#11380,#11415);
#11417=EDGE_CURVE('',#11388,#11389,#11416,.T.);
#11418=ORIENTED_EDGE('',*,*,#11417,.T.);
#11419=DIRECTION('',(-1.000000,0.000000,0.000000));
#11420=LINE('',#11381,#11419);
#11421=EDGE_CURVE('',#11389,#11390,#11420,.T.);
#11422=ORIENTED_EDGE('',*,*,#11421,.T.);
#11423=DIRECTION('',(0.000000,-1.000000,0.000000));
#11424=LINE('',#11382,#11423);
#11425=EDGE_CURVE('',#11390,#11387,#11424,.T.);
#11426=ORIENTED_EDGE('',*,*,#11425,.T.);
#11427=EDGE_LOOP('',#11414,#11418,#11422,#11426);
#11428=FACE_OUTER_BOUND('',#11427,.T.);
#11429=DIRECTION('',(0.,0.,1.));
#11430=ADVANCED_FACE('',#11428,#11429,.T.);
#11431=DIRECTION('',(1.000000,0.000000,0.000000));
#11432=LINE('',#11375,#11431);
#11433=EDGE_CURVE('',#11383,#11384,#11432,.T.);
#11434=ORIENTED_EDGE('',*,*,#11433,.T.);
#11435=DIRECTION('',(0.000000,0.000000,1.000000));
#11436=LINE('',#11376,#11435);
#11437=EDGE_CURVE('',#11384,#11388,#11436,.T.);
#11438=ORIENTED_EDGE('',*,*,#11437,.T.);
#11439=DIRECTION('',(-1.000000,0.000000,0.000000));
#11440=LINE('',#11380,#11439);
#11441=EDGE_CURVE('',#11388,#11387,#11440,.T.);
#11442=ORIENTED_EDGE('',*,*,#11441,.T.);
#11443=DIRECTION('',(0.000000,0.000000,-1.000000));
#11444=LINE('',#11379,#11443);
#11445=EDGE_CURVE('',#11387,#11383,#11444,.T.);
#11446=ORIENTED_EDGE('',*,*,#11445,.T.);
#11447=EDGE_LOOP('',#11434,#11438,#11442,#11446);
#11448=FACE_OUTER_BOUND('',#11447,.T.);
#11449=DIRECTION('',(0.,-1.,0.));
#11450=ADVANCED_FACE('',#11448,#11449,.T.);
#11451=DIRECTION('',(0.000000,0.000000,1.000000));
#11452=LINE('',#11378,#11451);
#11453=EDGE_CURVE('',#11386,#11390,#11452,.T.);
#11454=ORIENTED_EDGE('',*,*,#11453,.T.);
#11455=DIRECTION('',(1.000000,0.000000,0.000000));
#11456=LINE('',#11382,#11455);
#11457=EDGE_CURVE('',#11390,#11389,#11456,.T.);
#11458=ORIENTED_EDGE('',*,*,#11457,.T.);
#11459=DIRECTION('',(0.000000,0.000000,-1.000000));
#11460=LINE('',#11381,#11459);
#11461=EDGE_CURVE('',#11389,#11385,#11460,.T.);
#11462=ORIENTED_EDGE('',*,*,#11461,.T.);
#11463=DIRECTION('',(-1.000000,0.000000,0.000000));
#11464=LINE('',#11377,#11463);
#11465=EDGE_CURVE('',#11385,#11386,#11464,.T.);
#11466=ORIENTED_EDGE('',*,*,#11465,.T.);
#11467=EDGE_LOOP('',#11454,#11458,#11462,#11466);
#11468=FACE_OUTER_BOUND('',#11467,.T.);
#11469=DIRECTION('',(0.,1.,0.));
#11470=ADVANCED_FACE('',#11468,#11469,.T.);
#11471=DIRECTION('',(0.000000,0.000000,1.000000));
#11472=LINE('',#11375,#11471);
#11473=EDGE_CURVE('',#11383,#11387,#11472,.T.);
#11474=ORIENTED_EDGE('',*,*,#11473,.T.);
#11475=DIRECTION('',(0.000000,1.000000,0.000000));
#11476=LINE('',#11379,#11475);
#11477=EDGE_CURVE('',#11387,#11390,#11476,.T.);
#11478=ORIENTED_EDGE('',*,*,#11477,.T.);
#11479=DIRECTION('',(0.000000,0.000000,-1.000000));
#11480=LINE('',#11382,#11479);
#11481=EDGE_CURVE('',#11390,#11386,#11480,.T.);
#11482=ORIENTED_EDGE('',*,*,#11481,.T.);
#11483=DIRECTION('',(0.000000,-1.000000,0.000000));
#11484=LINE('',#11378,#11483);
#11485=EDGE_CURVE('',#11386,#11383,#11484,.T.);
#11486=ORIENTED_EDGE('',*,*,#11485,.T.);
#11487=EDGE_LOOP('',#11474,#11478,#11482,#11486);
#11488=FACE_OUTER_BOUND('',#11487,.T.);
#11489=DIRECTION('',(-1.,0.,0.));
#11490=ADVANCED_FACE('',#11488,#11489,.T.);
#11491=DIRECTION('',(0.000000,1.000000,0.000000));
#11492=LINE('',#11376,#11491);
#11493=EDGE_CURVE('',#11384,#11385,#11492,.T.);
#11494=ORIENTED_EDGE('',*,*,#11493,.T.);
#11495=DIRECTION('',(0.000000,0.000000,1.000000));
#11496=LINE('',#11377,#11495);
#11497=EDGE_CURVE('',#11385,#11389,#11496,.T.);
#11498=ORIENTED_EDGE('',*,*,#11497,.T.);
#11499=DIRECTION('',(0.000000,-1.000000,0.000000));
#11500=LINE('',#11381,#11499);
#11501=EDGE_CURVE('',#11389,#11388,#11500,.T.);
#11502=ORIENTED_EDGE('',*,*,#11501,.T.);
#11503=DIRECTION('',(0.000000,0.000000,-1.000000));
#11504=LINE('',#11380,#11503);
#11505=EDGE_CURVE('',#11388,#11384,#11504,.T.);
#11506=ORIENTED_EDGE('',*,*,#11505,.T.);
#11507=EDGE_LOOP('',#11494,#11498,#11502,#11506);
#11508=FACE_OUTER_BOUND('',#11507,.T.);
#11509=DIRECTION('',(1.,0.,0.));
#11510=ADVANCED_FACE('',#11508,#11509,.T.);
#11511=CLOSED_SHELL('',#11410,#11430,#11450,#11470,#11490,#11510);
#11512=MANIFOLD_SOLID_BREP('',#11511);
#11513=CARTESIAN_POINT('',(200.000000,140.000000,0.000000));
#11514=DIRECTION('',0.,0.,1.);
#11515=DIRECTION('',1.,0.,0.);
#11516=AXIS2_PLACEMENT_3D('',#11513,#11514,#11515);
#11517=ADVANCED_BREP_SHAPE_REPRESENTATION('',#11512,#11516);
#11518=SHAPE_DEFINITION_REPRESENTATION(#11374,#11517);
#11519=PRODUCT('JTAGConnector','JTAG Connector','JTAG debug connector',('mechanical'));
#11520=PRODUCT_DEFINITION_FORMATION('',#11519);
#11521=PRODUCT_DEFINITION('design','',#11520,#1);
#11522=PRODUCT_DEFINITION_SHAPE('','',#11521);
#11523=CARTESIAN_POINT('',(200.000000,70.000000,0.000000));
#11524=CARTESIAN_POINT('',(212.000000,70.000000,0.000000));
#11525=CARTESIAN_POINT('',(212.000000,75.000000,0.000000));
#11526=CARTESIAN_POINT('',(200.000000,75.000000,0.000000));
#11527=CARTESIAN_POINT('',(200.000000,70.000000,4.000000));
#11528=CARTESIAN_POINT('',(212.000000,70.000000,4.000000));
#11529=CARTESIAN_POINT('',(212.000000,75.000000,4.000000));
#11530=CARTESIAN_POINT('',(200.000000,75.000000,4.000000));
#11531=VERTEX_POINT('',#11523);
#11532=VERTEX_POINT('',#11524);
#11533=VERTEX_POINT('',#11525);
#11534=VERTEX_POINT('',#11526);
#11535=VERTEX_POINT('',#11527);
#11536=VERTEX_POINT('',#11528);
#11537=VERTEX_POINT('',#11529);
#11538=VERTEX_POINT('',#11530);
#11539=DIRECTION('',(0.000000,1.000000,0.000000));
#11540=LINE('',#11523,#11539);
#11541=EDGE_CURVE('',#11531,#11534,#11540,.T.);
#11542=ORIENTED_EDGE('',*,*,#11541,.T.);
#11543=DIRECTION('',(1.000000,0.000000,0.000000));
#11544=LINE('',#11526,#11543);
#11545=EDGE_CURVE('',#11534,#11533,#11544,.T.);
#11546=ORIENTED_EDGE('',*,*,#11545,.T.);
#11547=DIRECTION('',(0.000000,-1.000000,0.000000));
#11548=LINE('',#11525,#11547);
#11549=EDGE_CURVE('',#11533,#11532,#11548,.T.);
#11550=ORIENTED_EDGE('',*,*,#11549,.T.);
#11551=DIRECTION('',(-1.000000,0.000000,0.000000));
#11552=LINE('',#11524,#11551);
#11553=EDGE_CURVE('',#11532,#11531,#11552,.T.);
#11554=ORIENTED_EDGE('',*,*,#11553,.T.);
#11555=EDGE_LOOP('',#11542,#11546,#11550,#11554);
#11556=FACE_OUTER_BOUND('',#11555,.T.);
#11557=DIRECTION('',(0.,0.,-1.));
#11558=ADVANCED_FACE('',#11556,#11557,.T.);
#11559=DIRECTION('',(1.000000,0.000000,0.000000));
#11560=LINE('',#11527,#11559);
#11561=EDGE_CURVE('',#11535,#11536,#11560,.T.);
#11562=ORIENTED_EDGE('',*,*,#11561,.T.);
#11563=DIRECTION('',(0.000000,1.000000,0.000000));
#11564=LINE('',#11528,#11563);
#11565=EDGE_CURVE('',#11536,#11537,#11564,.T.);
#11566=ORIENTED_EDGE('',*,*,#11565,.T.);
#11567=DIRECTION('',(-1.000000,0.000000,0.000000));
#11568=LINE('',#11529,#11567);
#11569=EDGE_CURVE('',#11537,#11538,#11568,.T.);
#11570=ORIENTED_EDGE('',*,*,#11569,.T.);
#11571=DIRECTION('',(0.000000,-1.000000,0.000000));
#11572=LINE('',#11530,#11571);
#11573=EDGE_CURVE('',#11538,#11535,#11572,.T.);
#11574=ORIENTED_EDGE('',*,*,#11573,.T.);
#11575=EDGE_LOOP('',#11562,#11566,#11570,#11574);
#11576=FACE_OUTER_BOUND('',#11575,.T.);
#11577=DIRECTION('',(0.,0.,1.));
#11578=ADVANCED_FACE('',#11576,#11577,.T.);
#11579=DIRECTION('',(1.000000,0.000000,0.000000));
#11580=LINE('',#11523,#11579);
#11581=EDGE_CURVE('',#11531,#11532,#11580,.T.);
#11582=ORIENTED_EDGE('',*,*,#11581,.T.);
#11583=DIRECTION('',(0.000000,0.000000,1.000000));
#11584=LINE('',#11524,#11583);
#11585=EDGE_CURVE('',#11532,#11536,#11584,.T.);
#11586=ORIENTED_EDGE('',*,*,#11585,.T.);
#11587=DIRECTION('',(-1.000000,0.000000,0.000000));
#11588=LINE('',#11528,#11587);
#11589=EDGE_CURVE('',#11536,#11535,#11588,.T.);
#11590=ORIENTED_EDGE('',*,*,#11589,.T.);
#11591=DIRECTION('',(0.000000,0.000000,-1.000000));
#11592=LINE('',#11527,#11591);
#11593=EDGE_CURVE('',#11535,#11531,#11592,.T.);
#11594=ORIENTED_EDGE('',*,*,#11593,.T.);
#11595=EDGE_LOOP('',#11582,#11586,#11590,#11594);
#11596=FACE_OUTER_BOUND('',#11595,.T.);
#11597=DIRECTION('',(0.,-1.,0.));
#11598=ADVANCED_FACE('',#11596,#11597,.T.);
#11599=DIRECTION('',(0.000000,0.000000,1.000000));
#11600=LINE('',#11526,#11599);
#11601=EDGE_CURVE('',#11534,#11538,#11600,.T.);
#11602=ORIENTED_EDGE('',*,*,#11601,.T.);
#11603=DIRECTION('',(1.000000,0.000000,0.000000));
#11604=LINE('',#11530,#11603);
#11605=EDGE_CURVE('',#11538,#11537,#11604,.T.);
#11606=ORIENTED_EDGE('',*,*,#11605,.T.);
#11607=DIRECTION('',(0.000000,0.000000,-1.000000));
#11608=LINE('',#11529,#11607);
#11609=EDGE_CURVE('',#11537,#11533,#11608,.T.);
#11610=ORIENTED_EDGE('',*,*,#11609,.T.);
#11611=DIRECTION('',(-1.000000,0.000000,0.000000));
#11612=LINE('',#11525,#11611);
#11613=EDGE_CURVE('',#11533,#11534,#11612,.T.);
#11614=ORIENTED_EDGE('',*,*,#11613,.T.);
#11615=EDGE_LOOP('',#11602,#11606,#11610,#11614);
#11616=FACE_OUTER_BOUND('',#11615,.T.);
#11617=DIRECTION('',(0.,1.,0.));
#11618=ADVANCED_FACE('',#11616,#11617,.T.);
#11619=DIRECTION('',(0.000000,0.000000,1.000000));
#11620=LINE('',#11523,#11619);
#11621=EDGE_CURVE('',#11531,#11535,#11620,.T.);
#11622=ORIENTED_EDGE('',*,*,#11621,.T.);
#11623=DIRECTION('',(0.000000,1.000000,0.000000));
#11624=LINE('',#11527,#11623);
#11625=EDGE_CURVE('',#11535,#11538,#11624,.T.);
#11626=ORIENTED_EDGE('',*,*,#11625,.T.);
#11627=DIRECTION('',(0.000000,0.000000,-1.000000));
#11628=LINE('',#11530,#11627);
#11629=EDGE_CURVE('',#11538,#11534,#11628,.T.);
#11630=ORIENTED_EDGE('',*,*,#11629,.T.);
#11631=DIRECTION('',(0.000000,-1.000000,0.000000));
#11632=LINE('',#11526,#11631);
#11633=EDGE_CURVE('',#11534,#11531,#11632,.T.);
#11634=ORIENTED_EDGE('',*,*,#11633,.T.);
#11635=EDGE_LOOP('',#11622,#11626,#11630,#11634);
#11636=FACE_OUTER_BOUND('',#11635,.T.);
#11637=DIRECTION('',(-1.,0.,0.));
#11638=ADVANCED_FACE('',#11636,#11637,.T.);
#11639=DIRECTION('',(0.000000,1.000000,0.000000));
#11640=LINE('',#11524,#11639);
#11641=EDGE_CURVE('',#11532,#11533,#11640,.T.);
#11642=ORIENTED_EDGE('',*,*,#11641,.T.);
#11643=DIRECTION('',(0.000000,0.000000,1.000000));
#11644=LINE('',#11525,#11643);
#11645=EDGE_CURVE('',#11533,#11537,#11644,.T.);
#11646=ORIENTED_EDGE('',*,*,#11645,.T.);
#11647=DIRECTION('',(0.000000,-1.000000,0.000000));
#11648=LINE('',#11529,#11647);
#11649=EDGE_CURVE('',#11537,#11536,#11648,.T.);
#11650=ORIENTED_EDGE('',*,*,#11649,.T.);
#11651=DIRECTION('',(0.000000,0.000000,-1.000000));
#11652=LINE('',#11528,#11651);
#11653=EDGE_CURVE('',#11536,#11532,#11652,.T.);
#11654=ORIENTED_EDGE('',*,*,#11653,.T.);
#11655=EDGE_LOOP('',#11642,#11646,#11650,#11654);
#11656=FACE_OUTER_BOUND('',#11655,.T.);
#11657=DIRECTION('',(1.,0.,0.));
#11658=ADVANCED_FACE('',#11656,#11657,.T.);
#11659=CLOSED_SHELL('',#11558,#11578,#11598,#11618,#11638,#11658);
#11660=MANIFOLD_SOLID_BREP('',#11659);
#11661=CARTESIAN_POINT('',(200.000000,70.000000,0.000000));
#11662=DIRECTION('',0.,0.,1.);
#11663=DIRECTION('',1.,0.,0.);
#11664=AXIS2_PLACEMENT_3D('',#11661,#11662,#11663);
#11665=ADVANCED_BREP_SHAPE_REPRESENTATION('',#11660,#11664);
#11666=SHAPE_DEFINITION_REPRESENTATION(#11522,#11665);
#11667=PRODUCT('FPGA_XQRVC1902','Xilinx XQRVC1902 FPGA','Xilinx radiation-tolerant FPGA 35x35x3mm',('mechanical'));
#11668=PRODUCT_DEFINITION_FORMATION('',#11667);
#11669=PRODUCT_DEFINITION('design','',#11668,#1);
#11670=PRODUCT_DEFINITION_SHAPE('','',#11669);
#11671=CARTESIAN_POINT('',(82.500000,82.500000,2.000000));
#11672=CARTESIAN_POINT('',(117.500000,82.500000,2.000000));
#11673=CARTESIAN_POINT('',(117.500000,117.500000,2.000000));
#11674=CARTESIAN_POINT('',(82.500000,117.500000,2.000000));
#11675=CARTESIAN_POINT('',(82.500000,82.500000,5.000000));
#11676=CARTESIAN_POINT('',(117.500000,82.500000,5.000000));
#11677=CARTESIAN_POINT('',(117.500000,117.500000,5.000000));
#11678=CARTESIAN_POINT('',(82.500000,117.500000,5.000000));
#11679=VERTEX_POINT('',#11671);
#11680=VERTEX_POINT('',#11672);
#11681=VERTEX_POINT('',#11673);
#11682=VERTEX_POINT('',#11674);
#11683=VERTEX_POINT('',#11675);
#11684=VERTEX_POINT('',#11676);
#11685=VERTEX_POINT('',#11677);
#11686=VERTEX_POINT('',#11678);
#11687=DIRECTION('',(0.000000,1.000000,0.000000));
#11688=LINE('',#11671,#11687);
#11689=EDGE_CURVE('',#11679,#11682,#11688,.T.);
#11690=ORIENTED_EDGE('',*,*,#11689,.T.);
#11691=DIRECTION('',(1.000000,0.000000,0.000000));
#11692=LINE('',#11674,#11691);
#11693=EDGE_CURVE('',#11682,#11681,#11692,.T.);
#11694=ORIENTED_EDGE('',*,*,#11693,.T.);
#11695=DIRECTION('',(0.000000,-1.000000,0.000000));
#11696=LINE('',#11673,#11695);
#11697=EDGE_CURVE('',#11681,#11680,#11696,.T.);
#11698=ORIENTED_EDGE('',*,*,#11697,.T.);
#11699=DIRECTION('',(-1.000000,0.000000,0.000000));
#11700=LINE('',#11672,#11699);
#11701=EDGE_CURVE('',#11680,#11679,#11700,.T.);
#11702=ORIENTED_EDGE('',*,*,#11701,.T.);
#11703=EDGE_LOOP('',#11690,#11694,#11698,#11702);
#11704=FACE_OUTER_BOUND('',#11703,.T.);
#11705=DIRECTION('',(0.,0.,-1.));
#11706=ADVANCED_FACE('',#11704,#11705,.T.);
#11707=DIRECTION('',(1.000000,0.000000,0.000000));
#11708=LINE('',#11675,#11707);
#11709=EDGE_CURVE('',#11683,#11684,#11708,.T.);
#11710=ORIENTED_EDGE('',*,*,#11709,.T.);
#11711=DIRECTION('',(0.000000,1.000000,0.000000));
#11712=LINE('',#11676,#11711);
#11713=EDGE_CURVE('',#11684,#11685,#11712,.T.);
#11714=ORIENTED_EDGE('',*,*,#11713,.T.);
#11715=DIRECTION('',(-1.000000,0.000000,0.000000));
#11716=LINE('',#11677,#11715);
#11717=EDGE_CURVE('',#11685,#11686,#11716,.T.);
#11718=ORIENTED_EDGE('',*,*,#11717,.T.);
#11719=DIRECTION('',(0.000000,-1.000000,0.000000));
#11720=LINE('',#11678,#11719);
#11721=EDGE_CURVE('',#11686,#11683,#11720,.T.);
#11722=ORIENTED_EDGE('',*,*,#11721,.T.);
#11723=EDGE_LOOP('',#11710,#11714,#11718,#11722);
#11724=FACE_OUTER_BOUND('',#11723,.T.);
#11725=DIRECTION('',(0.,0.,1.));
#11726=ADVANCED_FACE('',#11724,#11725,.T.);
#11727=DIRECTION('',(1.000000,0.000000,0.000000));
#11728=LINE('',#11671,#11727);
#11729=EDGE_CURVE('',#11679,#11680,#11728,.T.);
#11730=ORIENTED_EDGE('',*,*,#11729,.T.);
#11731=DIRECTION('',(0.000000,0.000000,1.000000));
#11732=LINE('',#11672,#11731);
#11733=EDGE_CURVE('',#11680,#11684,#11732,.T.);
#11734=ORIENTED_EDGE('',*,*,#11733,.T.);
#11735=DIRECTION('',(-1.000000,0.000000,0.000000));
#11736=LINE('',#11676,#11735);
#11737=EDGE_CURVE('',#11684,#11683,#11736,.T.);
#11738=ORIENTED_EDGE('',*,*,#11737,.T.);
#11739=DIRECTION('',(0.000000,0.000000,-1.000000));
#11740=LINE('',#11675,#11739);
#11741=EDGE_CURVE('',#11683,#11679,#11740,.T.);
#11742=ORIENTED_EDGE('',*,*,#11741,.T.);
#11743=EDGE_LOOP('',#11730,#11734,#11738,#11742);
#11744=FACE_OUTER_BOUND('',#11743,.T.);
#11745=DIRECTION('',(0.,-1.,0.));
#11746=ADVANCED_FACE('',#11744,#11745,.T.);
#11747=DIRECTION('',(0.000000,0.000000,1.000000));
#11748=LINE('',#11674,#11747);
#11749=EDGE_CURVE('',#11682,#11686,#11748,.T.);
#11750=ORIENTED_EDGE('',*,*,#11749,.T.);
#11751=DIRECTION('',(1.000000,0.000000,0.000000));
#11752=LINE('',#11678,#11751);
#11753=EDGE_CURVE('',#11686,#11685,#11752,.T.);
#11754=ORIENTED_EDGE('',*,*,#11753,.T.);
#11755=DIRECTION('',(0.000000,0.000000,-1.000000));
#11756=LINE('',#11677,#11755);
#11757=EDGE_CURVE('',#11685,#11681,#11756,.T.);
#11758=ORIENTED_EDGE('',*,*,#11757,.T.);
#11759=DIRECTION('',(-1.000000,0.000000,0.000000));
#11760=LINE('',#11673,#11759);
#11761=EDGE_CURVE('',#11681,#11682,#11760,.T.);
#11762=ORIENTED_EDGE('',*,*,#11761,.T.);
#11763=EDGE_LOOP('',#11750,#11754,#11758,#11762);
#11764=FACE_OUTER_BOUND('',#11763,.T.);
#11765=DIRECTION('',(0.,1.,0.));
#11766=ADVANCED_FACE('',#11764,#11765,.T.);
#11767=DIRECTION('',(0.000000,0.000000,1.000000));
#11768=LINE('',#11671,#11767);
#11769=EDGE_CURVE('',#11679,#11683,#11768,.T.);
#11770=ORIENTED_EDGE('',*,*,#11769,.T.);
#11771=DIRECTION('',(0.000000,1.000000,0.000000));
#11772=LINE('',#11675,#11771);
#11773=EDGE_CURVE('',#11683,#11686,#11772,.T.);
#11774=ORIENTED_EDGE('',*,*,#11773,.T.);
#11775=DIRECTION('',(0.000000,0.000000,-1.000000));
#11776=LINE('',#11678,#11775);
#11777=EDGE_CURVE('',#11686,#11682,#11776,.T.);
#11778=ORIENTED_EDGE('',*,*,#11777,.T.);
#11779=DIRECTION('',(0.000000,-1.000000,0.000000));
#11780=LINE('',#11674,#11779);
#11781=EDGE_CURVE('',#11682,#11679,#11780,.T.);
#11782=ORIENTED_EDGE('',*,*,#11781,.T.);
#11783=EDGE_LOOP('',#11770,#11774,#11778,#11782);
#11784=FACE_OUTER_BOUND('',#11783,.T.);
#11785=DIRECTION('',(-1.,0.,0.));
#11786=ADVANCED_FACE('',#11784,#11785,.T.);
#11787=DIRECTION('',(0.000000,1.000000,0.000000));
#11788=LINE('',#11672,#11787);
#11789=EDGE_CURVE('',#11680,#11681,#11788,.T.);
#11790=ORIENTED_EDGE('',*,*,#11789,.T.);
#11791=DIRECTION('',(0.000000,0.000000,1.000000));
#11792=LINE('',#11673,#11791);
#11793=EDGE_CURVE('',#11681,#11685,#11792,.T.);
#11794=ORIENTED_EDGE('',*,*,#11793,.T.);
#11795=DIRECTION('',(0.000000,-1.000000,0.000000));
#11796=LINE('',#11677,#11795);
#11797=EDGE_CURVE('',#11685,#11684,#11796,.T.);
#11798=ORIENTED_EDGE('',*,*,#11797,.T.);
#11799=DIRECTION('',(0.000000,0.000000,-1.000000));
#11800=LINE('',#11676,#11799);
#11801=EDGE_CURVE('',#11684,#11680,#11800,.T.);
#11802=ORIENTED_EDGE('',*,*,#11801,.T.);
#11803=EDGE_LOOP('',#11790,#11794,#11798,#11802);
#11804=FACE_OUTER_BOUND('',#11803,.T.);
#11805=DIRECTION('',(1.,0.,0.));
#11806=ADVANCED_FACE('',#11804,#11805,.T.);
#11807=CLOSED_SHELL('',#11706,#11726,#11746,#11766,#11786,#11806);
#11808=MANIFOLD_SOLID_BREP('',#11807);
#11809=CARTESIAN_POINT('',(82.500000,82.500000,2.000000));
#11810=DIRECTION('',0.,0.,1.);
#11811=DIRECTION('',1.,0.,0.);
#11812=AXIS2_PLACEMENT_3D('',#11809,#11810,#11811);
#11813=ADVANCED_BREP_SHAPE_REPRESENTATION('',#11808,#11812);
#11814=SHAPE_DEFINITION_REPRESENTATION(#11670,#11813);
#11815=PRODUCT('ADC12DJ5200SP','TI ADC12DJ5200-SP','12-bit ADC 10x10x2mm',('mechanical'));
#11816=PRODUCT_DEFINITION_FORMATION('',#11815);
#11817=PRODUCT_DEFINITION('design','',#11816,#1);
#11818=PRODUCT_DEFINITION_SHAPE('','',#11817);
#11819=CARTESIAN_POINT('',(25.000000,95.000000,2.000000));
#11820=CARTESIAN_POINT('',(35.000000,95.000000,2.000000));
#11821=CARTESIAN_POINT('',(35.000000,105.000000,2.000000));
#11822=CARTESIAN_POINT('',(25.000000,105.000000,2.000000));
#11823=CARTESIAN_POINT('',(25.000000,95.000000,4.000000));
#11824=CARTESIAN_POINT('',(35.000000,95.000000,4.000000));
#11825=CARTESIAN_POINT('',(35.000000,105.000000,4.000000));
#11826=CARTESIAN_POINT('',(25.000000,105.000000,4.000000));
#11827=VERTEX_POINT('',#11819);
#11828=VERTEX_POINT('',#11820);
#11829=VERTEX_POINT('',#11821);
#11830=VERTEX_POINT('',#11822);
#11831=VERTEX_POINT('',#11823);
#11832=VERTEX_POINT('',#11824);
#11833=VERTEX_POINT('',#11825);
#11834=VERTEX_POINT('',#11826);
#11835=DIRECTION('',(0.000000,1.000000,0.000000));
#11836=LINE('',#11819,#11835);
#11837=EDGE_CURVE('',#11827,#11830,#11836,.T.);
#11838=ORIENTED_EDGE('',*,*,#11837,.T.);
#11839=DIRECTION('',(1.000000,0.000000,0.000000));
#11840=LINE('',#11822,#11839);
#11841=EDGE_CURVE('',#11830,#11829,#11840,.T.);
#11842=ORIENTED_EDGE('',*,*,#11841,.T.);
#11843=DIRECTION('',(0.000000,-1.000000,0.000000));
#11844=LINE('',#11821,#11843);
#11845=EDGE_CURVE('',#11829,#11828,#11844,.T.);
#11846=ORIENTED_EDGE('',*,*,#11845,.T.);
#11847=DIRECTION('',(-1.000000,0.000000,0.000000));
#11848=LINE('',#11820,#11847);
#11849=EDGE_CURVE('',#11828,#11827,#11848,.T.);
#11850=ORIENTED_EDGE('',*,*,#11849,.T.);
#11851=EDGE_LOOP('',#11838,#11842,#11846,#11850);
#11852=FACE_OUTER_BOUND('',#11851,.T.);
#11853=DIRECTION('',(0.,0.,-1.));
#11854=ADVANCED_FACE('',#11852,#11853,.T.);
#11855=DIRECTION('',(1.000000,0.000000,0.000000));
#11856=LINE('',#11823,#11855);
#11857=EDGE_CURVE('',#11831,#11832,#11856,.T.);
#11858=ORIENTED_EDGE('',*,*,#11857,.T.);
#11859=DIRECTION('',(0.000000,1.000000,0.000000));
#11860=LINE('',#11824,#11859);
#11861=EDGE_CURVE('',#11832,#11833,#11860,.T.);
#11862=ORIENTED_EDGE('',*,*,#11861,.T.);
#11863=DIRECTION('',(-1.000000,0.000000,0.000000));
#11864=LINE('',#11825,#11863);
#11865=EDGE_CURVE('',#11833,#11834,#11864,.T.);
#11866=ORIENTED_EDGE('',*,*,#11865,.T.);
#11867=DIRECTION('',(0.000000,-1.000000,0.000000));
#11868=LINE('',#11826,#11867);
#11869=EDGE_CURVE('',#11834,#11831,#11868,.T.);
#11870=ORIENTED_EDGE('',*,*,#11869,.T.);
#11871=EDGE_LOOP('',#11858,#11862,#11866,#11870);
#11872=FACE_OUTER_BOUND('',#11871,.T.);
#11873=DIRECTION('',(0.,0.,1.));
#11874=ADVANCED_FACE('',#11872,#11873,.T.);
#11875=DIRECTION('',(1.000000,0.000000,0.000000));
#11876=LINE('',#11819,#11875);
#11877=EDGE_CURVE('',#11827,#11828,#11876,.T.);
#11878=ORIENTED_EDGE('',*,*,#11877,.T.);
#11879=DIRECTION('',(0.000000,0.000000,1.000000));
#11880=LINE('',#11820,#11879);
#11881=EDGE_CURVE('',#11828,#11832,#11880,.T.);
#11882=ORIENTED_EDGE('',*,*,#11881,.T.);
#11883=DIRECTION('',(-1.000000,0.000000,0.000000));
#11884=LINE('',#11824,#11883);
#11885=EDGE_CURVE('',#11832,#11831,#11884,.T.);
#11886=ORIENTED_EDGE('',*,*,#11885,.T.);
#11887=DIRECTION('',(0.000000,0.000000,-1.000000));
#11888=LINE('',#11823,#11887);
#11889=EDGE_CURVE('',#11831,#11827,#11888,.T.);
#11890=ORIENTED_EDGE('',*,*,#11889,.T.);
#11891=EDGE_LOOP('',#11878,#11882,#11886,#11890);
#11892=FACE_OUTER_BOUND('',#11891,.T.);
#11893=DIRECTION('',(0.,-1.,0.));
#11894=ADVANCED_FACE('',#11892,#11893,.T.);
#11895=DIRECTION('',(0.000000,0.000000,1.000000));
#11896=LINE('',#11822,#11895);
#11897=EDGE_CURVE('',#11830,#11834,#11896,.T.);
#11898=ORIENTED_EDGE('',*,*,#11897,.T.);
#11899=DIRECTION('',(1.000000,0.000000,0.000000));
#11900=LINE('',#11826,#11899);
#11901=EDGE_CURVE('',#11834,#11833,#11900,.T.);
#11902=ORIENTED_EDGE('',*,*,#11901,.T.);
#11903=DIRECTION('',(0.000000,0.000000,-1.000000));
#11904=LINE('',#11825,#11903);
#11905=EDGE_CURVE('',#11833,#11829,#11904,.T.);
#11906=ORIENTED_EDGE('',*,*,#11905,.T.);
#11907=DIRECTION('',(-1.000000,0.000000,0.000000));
#11908=LINE('',#11821,#11907);
#11909=EDGE_CURVE('',#11829,#11830,#11908,.T.);
#11910=ORIENTED_EDGE('',*,*,#11909,.T.);
#11911=EDGE_LOOP('',#11898,#11902,#11906,#11910);
#11912=FACE_OUTER_BOUND('',#11911,.T.);
#11913=DIRECTION('',(0.,1.,0.));
#11914=ADVANCED_FACE('',#11912,#11913,.T.);
#11915=DIRECTION('',(0.000000,0.000000,1.000000));
#11916=LINE('',#11819,#11915);
#11917=EDGE_CURVE('',#11827,#11831,#11916,.T.);
#11918=ORIENTED_EDGE('',*,*,#11917,.T.);
#11919=DIRECTION('',(0.000000,1.000000,0.000000));
#11920=LINE('',#11823,#11919);
#11921=EDGE_CURVE('',#11831,#11834,#11920,.T.);
#11922=ORIENTED_EDGE('',*,*,#11921,.T.);
#11923=DIRECTION('',(0.000000,0.000000,-1.000000));
#11924=LINE('',#11826,#11923);
#11925=EDGE_CURVE('',#11834,#11830,#11924,.T.);
#11926=ORIENTED_EDGE('',*,*,#11925,.T.);
#11927=DIRECTION('',(0.000000,-1.000000,0.000000));
#11928=LINE('',#11822,#11927);
#11929=EDGE_CURVE('',#11830,#11827,#11928,.T.);
#11930=ORIENTED_EDGE('',*,*,#11929,.T.);
#11931=EDGE_LOOP('',#11918,#11922,#11926,#11930);
#11932=FACE_OUTER_BOUND('',#11931,.T.);
#11933=DIRECTION('',(-1.,0.,0.));
#11934=ADVANCED_FACE('',#11932,#11933,.T.);
#11935=DIRECTION('',(0.000000,1.000000,0.000000));
#11936=LINE('',#11820,#11935);
#11937=EDGE_CURVE('',#11828,#11829,#11936,.T.);
#11938=ORIENTED_EDGE('',*,*,#11937,.T.);
#11939=DIRECTION('',(0.000000,0.000000,1.000000));
#11940=LINE('',#11821,#11939);
#11941=EDGE_CURVE('',#11829,#11833,#11940,.T.);
#11942=ORIENTED_EDGE('',*,*,#11941,.T.);
#11943=DIRECTION('',(0.000000,-1.000000,0.000000));
#11944=LINE('',#11825,#11943);
#11945=EDGE_CURVE('',#11833,#11832,#11944,.T.);
#11946=ORIENTED_EDGE('',*,*,#11945,.T.);
#11947=DIRECTION('',(0.000000,0.000000,-1.000000));
#11948=LINE('',#11824,#11947);
#11949=EDGE_CURVE('',#11832,#11828,#11948,.T.);
#11950=ORIENTED_EDGE('',*,*,#11949,.T.);
#11951=EDGE_LOOP('',#11938,#11942,#11946,#11950);
#11952=FACE_OUTER_BOUND('',#11951,.T.);
#11953=DIRECTION('',(1.,0.,0.));
#11954=ADVANCED_FACE('',#11952,#11953,.T.);
#11955=CLOSED_SHELL('',#11854,#11874,#11894,#11914,#11934,#11954);
#11956=MANIFOLD_SOLID_BREP('',#11955);
#11957=CARTESIAN_POINT('',(25.000000,95.000000,2.000000));
#11958=DIRECTION('',0.,0.,1.);
#11959=DIRECTION('',1.,0.,0.);
#11960=AXIS2_PLACEMENT_3D('',#11957,#11958,#11959);
#11961=ADVANCED_BREP_SHAPE_REPRESENTATION('',#11956,#11960);
#11962=SHAPE_DEFINITION_REPRESENTATION(#11818,#11961);
#11963=PRODUCT('Heatsink_FPGA','FPGA Heatsink','Thermal management 40x40x2mm',('mechanical'));
#11964=PRODUCT_DEFINITION_FORMATION('',#11963);
#11965=PRODUCT_DEFINITION('design','',#11964,#1);
#11966=PRODUCT_DEFINITION_SHAPE('','',#11965);
#11967=CARTESIAN_POINT('',(80.000000,80.000000,-4.000000));
#11968=CARTESIAN_POINT('',(120.000000,80.000000,-4.000000));
#11969=CARTESIAN_POINT('',(120.000000,120.000000,-4.000000));
#11970=CARTESIAN_POINT('',(80.000000,120.000000,-4.000000));
#11971=CARTESIAN_POINT('',(80.000000,80.000000,-2.000000));
#11972=CARTESIAN_POINT('',(120.000000,80.000000,-2.000000));
#11973=CARTESIAN_POINT('',(120.000000,120.000000,-2.000000));
#11974=CARTESIAN_POINT('',(80.000000,120.000000,-2.000000));
#11975=VERTEX_POINT('',#11967);
#11976=VERTEX_POINT('',#11968);
#11977=VERTEX_POINT('',#11969);
#11978=VERTEX_POINT('',#11970);
#11979=VERTEX_POINT('',#11971);
#11980=VERTEX_POINT('',#11972);
#11981=VERTEX_POINT('',#11973);
#11982=VERTEX_POINT('',#11974);
#11983=DIRECTION('',(0.000000,1.000000,0.000000));
#11984=LINE('',#11967,#11983);
#11985=EDGE_CURVE('',#11975,#11978,#11984,.T.);
#11986=ORIENTED_EDGE('',*,*,#11985,.T.);
#11987=DIRECTION('',(1.000000,0.000000,0.000000));
#11988=LINE('',#11970,#11987);
#11989=EDGE_CURVE('',#11978,#11977,#11988,.T.);
#11990=ORIENTED_EDGE('',*,*,#11989,.T.);
#11991=DIRECTION('',(0.000000,-1.000000,0.000000));
#11992=LINE('',#11969,#11991);
#11993=EDGE_CURVE('',#11977,#11976,#11992,.T.);
#11994=ORIENTED_EDGE('',*,*,#11993,.T.);
#11995=DIRECTION('',(-1.000000,0.000000,0.000000));
#11996=LINE('',#11968,#11995);
#11997=EDGE_CURVE('',#11976,#11975,#11996,.T.);
#11998=ORIENTED_EDGE('',*,*,#11997,.T.);
#11999=EDGE_LOOP('',#11986,#11990,#11994,#11998);
#12000=FACE_OUTER_BOUND('',#11999,.T.);
#12001=DIRECTION('',(0.,0.,-1.));
#12002=ADVANCED_FACE('',#12000,#12001,.T.);
#12003=DIRECTION('',(1.000000,0.000000,0.000000));
#12004=LINE('',#11971,#12003);
#12005=EDGE_CURVE('',#11979,#11980,#12004,.T.);
#12006=ORIENTED_EDGE('',*,*,#12005,.T.);
#12007=DIRECTION('',(0.000000,1.000000,0.000000));
#12008=LINE('',#11972,#12007);
#12009=EDGE_CURVE('',#11980,#11981,#12008,.T.);
#12010=ORIENTED_EDGE('',*,*,#12009,.T.);
#12011=DIRECTION('',(-1.000000,0.000000,0.000000));
#12012=LINE('',#11973,#12011);
#12013=EDGE_CURVE('',#11981,#11982,#12012,.T.);
#12014=ORIENTED_EDGE('',*,*,#12013,.T.);
#12015=DIRECTION('',(0.000000,-1.000000,0.000000));
#12016=LINE('',#11974,#12015);
#12017=EDGE_CURVE('',#11982,#11979,#12016,.T.);
#12018=ORIENTED_EDGE('',*,*,#12017,.T.);
#12019=EDGE_LOOP('',#12006,#12010,#12014,#12018);
#12020=FACE_OUTER_BOUND('',#12019,.T.);
#12021=DIRECTION('',(0.,0.,1.));
#12022=ADVANCED_FACE('',#12020,#12021,.T.);
#12023=DIRECTION('',(1.000000,0.000000,0.000000));
#12024=LINE('',#11967,#12023);
#12025=EDGE_CURVE('',#11975,#11976,#12024,.T.);
#12026=ORIENTED_EDGE('',*,*,#12025,.T.);
#12027=DIRECTION('',(0.000000,0.000000,1.000000));
#12028=LINE('',#11968,#12027);
#12029=EDGE_CURVE('',#11976,#11980,#12028,.T.);
#12030=ORIENTED_EDGE('',*,*,#12029,.T.);
#12031=DIRECTION('',(-1.000000,0.000000,0.000000));
#12032=LINE('',#11972,#12031);
#12033=EDGE_CURVE('',#11980,#11979,#12032,.T.);
#12034=ORIENTED_EDGE('',*,*,#12033,.T.);
#12035=DIRECTION('',(0.000000,0.000000,-1.000000));
#12036=LINE('',#11971,#12035);
#12037=EDGE_CURVE('',#11979,#11975,#12036,.T.);
#12038=ORIENTED_EDGE('',*,*,#12037,.T.);
#12039=EDGE_LOOP('',#12026,#12030,#12034,#12038);
#12040=FACE_OUTER_BOUND('',#12039,.T.);
#12041=DIRECTION('',(0.,-1.,0.));
#12042=ADVANCED_FACE('',#12040,#12041,.T.);
#12043=DIRECTION('',(0.000000,0.000000,1.000000));
#12044=LINE('',#11970,#12043);
#12045=EDGE_CURVE('',#11978,#11982,#12044,.T.);
#12046=ORIENTED_EDGE('',*,*,#12045,.T.);
#12047=DIRECTION('',(1.000000,0.000000,0.000000));
#12048=LINE('',#11974,#12047);
#12049=EDGE_CURVE('',#11982,#11981,#12048,.T.);
#12050=ORIENTED_EDGE('',*,*,#12049,.T.);
#12051=DIRECTION('',(0.000000,0.000000,-1.000000));
#12052=LINE('',#11973,#12051);
#12053=EDGE_CURVE('',#11981,#11977,#12052,.T.);
#12054=ORIENTED_EDGE('',*,*,#12053,.T.);
#12055=DIRECTION('',(-1.000000,0.000000,0.000000));
#12056=LINE('',#11969,#12055);
#12057=EDGE_CURVE('',#11977,#11978,#12056,.T.);
#12058=ORIENTED_EDGE('',*,*,#12057,.T.);
#12059=EDGE_LOOP('',#12046,#12050,#12054,#12058);
#12060=FACE_OUTER_BOUND('',#12059,.T.);
#12061=DIRECTION('',(0.,1.,0.));
#12062=ADVANCED_FACE('',#12060,#12061,.T.);
#12063=DIRECTION('',(0.000000,0.000000,1.000000));
#12064=LINE('',#11967,#12063);
#12065=EDGE_CURVE('',#11975,#11979,#12064,.T.);
#12066=ORIENTED_EDGE('',*,*,#12065,.T.);
#12067=DIRECTION('',(0.000000,1.000000,0.000000));
#12068=LINE('',#11971,#12067);
#12069=EDGE_CURVE('',#11979,#11982,#12068,.T.);
#12070=ORIENTED_EDGE('',*,*,#12069,.T.);
#12071=DIRECTION('',(0.000000,0.000000,-1.000000));
#12072=LINE('',#11974,#12071);
#12073=EDGE_CURVE('',#11982,#11978,#12072,.T.);
#12074=ORIENTED_EDGE('',*,*,#12073,.T.);
#12075=DIRECTION('',(0.000000,-1.000000,0.000000));
#12076=LINE('',#11970,#12075);
#12077=EDGE_CURVE('',#11978,#11975,#12076,.T.);
#12078=ORIENTED_EDGE('',*,*,#12077,.T.);
#12079=EDGE_LOOP('',#12066,#12070,#12074,#12078);
#12080=FACE_OUTER_BOUND('',#12079,.T.);
#12081=DIRECTION('',(-1.,0.,0.));
#12082=ADVANCED_FACE('',#12080,#12081,.T.);
#12083=DIRECTION('',(0.000000,1.000000,0.000000));
#12084=LINE('',#11968,#12083);
#12085=EDGE_CURVE('',#11976,#11977,#12084,.T.);
#12086=ORIENTED_EDGE('',*,*,#12085,.T.);
#12087=DIRECTION('',(0.000000,0.000000,1.000000));
#12088=LINE('',#11969,#12087);
#12089=EDGE_CURVE('',#11977,#11981,#12088,.T.);
#12090=ORIENTED_EDGE('',*,*,#12089,.T.);
#12091=DIRECTION('',(0.000000,-1.000000,0.000000));
#12092=LINE('',#11973,#12091);
#12093=EDGE_CURVE('',#11981,#11980,#12092,.T.);
#12094=ORIENTED_EDGE('',*,*,#12093,.T.);
#12095=DIRECTION('',(0.000000,0.000000,-1.000000));
#12096=LINE('',#11972,#12095);
#12097=EDGE_CURVE('',#11980,#11976,#12096,.T.);
#12098=ORIENTED_EDGE('',*,*,#12097,.T.);
#12099=EDGE_LOOP('',#12086,#12090,#12094,#12098);
#12100=FACE_OUTER_BOUND('',#12099,.T.);
#12101=DIRECTION('',(1.,0.,0.));
#12102=ADVANCED_FACE('',#12100,#12101,.T.);
#12103=CLOSED_SHELL('',#12002,#12022,#12042,#12062,#12082,#12102);
#12104=MANIFOLD_SOLID_BREP('',#12103);
#12105=CARTESIAN_POINT('',(80.000000,80.000000,-4.000000));
#12106=DIRECTION('',0.,0.,1.);
#12107=DIRECTION('',1.,0.,0.);
#12108=AXIS2_PLACEMENT_3D('',#12105,#12106,#12107);
#12109=ADVANCED_BREP_SHAPE_REPRESENTATION('',#12104,#12108);
#12110=SHAPE_DEFINITION_REPRESENTATION(#11966,#12109);
#12111=ADVANCED_BREP_SHAPE_REPRESENTATION('Assembly',#157,#2353,#2496,#2639,#2782,#2925,#5489,#9553,#11225,#11517,#11665,#11813,#11961,#12109);
#12112=SHAPE_DEFINITION_REPRESENTATION(#10,#12111);
#12113=SHAPE_REPRESENTATION_RELATIONSHIP('component_0',#12111,#152);
#12114=SHAPE_REPRESENTATION_RELATIONSHIP('component_1',#12111,#2348);
#12115=SHAPE_REPRESENTATION_RELATIONSHIP('component_2',#12111,#2491);
#12116=SHAPE_REPRESENTATION_RELATIONSHIP('component_3',#12111,#2634);
#12117=SHAPE_REPRESENTATION_RELATIONSHIP('component_4',#12111,#2777);
#12118=SHAPE_REPRESENTATION_RELATIONSHIP('component_5',#12111,#2920);
#12119=SHAPE_REPRESENTATION_RELATIONSHIP('component_6',#12111,#5489);
#12120=SHAPE_REPRESENTATION_RELATIONSHIP('component_7',#12111,#9553);
#12121=SHAPE_REPRESENTATION_RELATIONSHIP('component_8',#12111,#11225);
#12122=SHAPE_REPRESENTATION_RELATIONSHIP('component_9',#12111,#11512);
#12123=SHAPE_REPRESENTATION_RELATIONSHIP('component_10',#12111,#11660);
#12124=SHAPE_REPRESENTATION_RELATIONSHIP('component_11',#12111,#11808);
#12125=SHAPE_REPRESENTATION_RELATIONSHIP('component_12',#12111,#11956);
#12126=SHAPE_REPRESENTATION_RELATIONSHIP('component_13',#12111,#12104);
ENDSEC;
END-ISO-10303-21;
